#BLTrackFile test
#x y z Px Py Pz t PDGid EventID TrackID ParentID Weight
-15.175 -0.170527 0.339626 0 0 0 0.134559 13 1 1 0 1 
-1.16496 15.0178 0.327523 0 0 0 0.139057 13 2 1 0 1 
10.972 -3.93453 0.318299 0 0 0 0.141997 13 3 1 0 1 
23.9517 5.79362 0.319326 0 0 0 0.141145 13 4 1 0 1 
-12.3791 -5.14256 0.311387 0 0 0 0.136427 13 5 1 0 1 
14.1205 35.0768 0.344785 0 0 0 0.135816 13 6 1 0 1 
1.1874 34.9604 0.310789 0 0 0 0.143556 13 7 1 0 1 
27.161 -7.02481 0.324429 0 0 0 0.139574 13 8 1 0 1 
-9.6354 -3.8635 0.249347 0 0 0 0.143142 13 9 1 0 1 
12.6043 -6.70043 0.339969 0 0 0 0.136933 13 10 1 0 1 
16.1289 27.1493 0.305852 0 0 0 0.143906 13 11 1 0 1 
-6.30614 10.7012 0.30778 0 0 0 0.143312 13 12 1 0 1 
25.3548 10.7982 0.38027 0 0 0 0.129566 13 13 1 0 1 
22.3059 20.0486 0.326096 0 0 0 0.139071 13 14 1 0 1 
-0.968642 -33.6283 0.313883 0 0 0 0.141461 13 15 1 0 1 
10.5498 14.4686 0.325758 0 0 0 0.136951 13 16 1 0 1 
-6.40209 -27.308 0.390741 0 0 0 0.129144 13 17 1 0 1 
-0.452509 25.1517 0.328558 0 0 0 0.137366 13 18 1 0 1 
9.85976 -22.317 0.336326 0 0 0 0.136905 13 19 1 0 1 
-13.0134 14.6529 0.320659 0 0 0 0.140119 13 20 1 0 1 
10.7686 -9.85851 0.321552 0 0 0 0.140667 13 21 1 0 1 
-9.50417 31.6094 0.343301 0 0 0 0.137205 13 22 1 0 1 
16.984 6.78488 0.330787 0 0 0 0.137701 13 23 1 0 1 
-5.4222 10.3477 0.35675 0 0 0 0.133719 13 24 1 0 1 
-20.11 4.99207 0.330438 0 0 0 0.13944 13 25 1 0 1 
14.1886 -11.281 0.313703 0 0 0 0.142576 13 26 1 0 1 
-11.915 8.19281 0.370509 0 0 0 0.131906 13 27 1 0 1 
2.47087 -12.718 0.332439 0 0 0 0.138511 13 28 1 0 1 
8.31446 -5.63852 0.37046 0 0 0 0.129529 13 29 1 0 1 
-5.04172 -30.0188 0.334827 0 0 0 0.138443 13 30 1 0 1 
11.3239 21.8655 0.309206 0 0 0 0.141365 13 31 1 0 1 
-8.491 10.7249 0.305296 0 0 0 0.142479 13 32 1 0 1 
0.151746 6.70918 0.334894 0 0 0 0.138329 13 33 1 0 1 
19.3096 21.6971 0.24652 0 0 0 0.157636 13 34 1 0 1 
-10.6703 -24.0355 0.264137 0 0 0 0.152559 13 35 1 0 1 
-4.64412 0.160893 0.322969 0 0 0 0.140723 13 36 1 0 1 
-18.1839 -6.21707 0.314366 0 0 0 0.142054 13 37 1 0 1 
0.668186 0.198832 0.329466 0 0 0 0.138387 13 38 1 0 1 
0.178746 -17.5818 0.27904 0 0 0 0.149061 13 39 1 0 1 
-17.4603 6.52142 0.280216 0 0 0 0.149126 13 40 1 0 1 
22.429 -8.79351 0.337117 0 0 0 0.1365 13 41 1 0 1 
5.25097 5.33946 0.304752 0 0 0 0.14409 13 42 1 0 1 
33.7378 20.1161 0.324471 0 0 0 0.138355 13 43 1 0 1 
-19.3121 8.75045 0.34308 0 0 0 0.135971 13 44 1 0 1 
2.3239 -9.54752 0.301216 0 0 0 0.143921 13 45 1 0 1 
33.7956 14.1447 0.359883 0 0 0 0.132258 13 46 1 0 1 
13.5381 -4.7938 0.31829 0 0 0 0.140072 13 47 1 0 1 
5.37203 -3.9602 0.347066 0 0 0 0.134919 13 48 1 0 1 
-20.5997 -13.1982 0.339274 0 0 0 0.138669 13 49 1 0 1 
37.9424 -0.977911 0.37259 0 0 0 0.131443 13 50 1 0 1 
-0.55782 1.3953 0.311821 0 0 0 0.143093 13 51 1 0 1 
-8.6024 26.3357 0.253439 0 0 0 0.150557 13 52 1 0 1 
-18.214 -9.42593 0.278821 0 0 0 0.149806 13 53 1 0 1 
11.7468 -6.58384 0.343857 0 0 0 0.136934 13 54 1 0 1 
17.9807 -10.9921 0.308514 0 0 0 0.140253 13 55 1 0 1 
3.94978 14.7188 0.335563 0 0 0 0.138387 13 56 1 0 1 
28.6833 21.2599 0.261611 0 0 0 0.155078 13 57 1 0 1 
7.84007 -33.6621 0.345856 0 0 0 0.137072 13 58 1 0 1 
8.8215 -1.77221 0.335449 0 0 0 0.135919 13 59 1 0 1 
-28.2247 16.9338 0.332615 0 0 0 0.137764 13 60 1 0 1 
-1.33258 -13.7797 0.320066 0 0 0 0.140117 13 61 1 0 1 
14.201 -27.9665 0.311946 0 0 0 0.14184 13 62 1 0 1 
9.28064 -5.94546 0.351136 0 0 0 0.134765 13 63 1 0 1 
10.6524 -16.3862 0.291982 0 0 0 0.145337 13 64 1 0 1 
14.1585 -1.0426 0.310519 0 0 0 0.14304 13 65 1 0 1 
15.9422 3.19195 0.350777 0 0 0 0.135616 13 66 1 0 1 
-4.36502 -2.84782 0.349178 0 0 0 0.135201 13 67 1 0 1 
8.52863 0.567667 0.360416 0 0 0 0.133906 13 68 1 0 1 
26.7744 11.5296 0.348106 0 0 0 0.1356 13 69 1 0 1 
1.06585 4.94381 0.344511 0 0 0 0.135441 13 70 1 0 1 
11.7287 33.958 0.326245 0 0 0 0.139286 13 71 1 0 1 
-3.3682 4.30535 0.298818 0 0 0 0.145717 13 72 1 0 1 
5.43314 4.03122 0.353375 0 0 0 0.133214 13 73 1 0 1 
-6.73444 9.18322 0.315671 0 0 0 0.141621 13 74 1 0 1 
5.87095 6.00385 0.282508 0 0 0 0.147569 13 75 1 0 1 
6.84218 2.24173 0.324253 0 0 0 0.139579 13 76 1 0 1 
-8.39883 19.3053 0.337226 0 0 0 0.136776 13 77 1 0 1 
0.477307 -10.5259 0.33825 0 0 0 0.136753 13 78 1 0 1 
-26.176 -0.298421 0.299748 0 0 0 0.144792 13 79 1 0 1 
19.2064 -2.30526 0.347001 0 0 0 0.135638 13 80 1 0 1 
-19.5847 16.8291 0.306324 0 0 0 0.135073 13 81 1 0 1 
-3.34973 -10.9826 0.35103 0 0 0 0.134506 13 82 1 0 1 
-3.97835 -2.41185 0.294657 0 0 0 0.14283 13 83 1 0 1 
22.144 9.79722 0.334252 0 0 0 0.136465 13 84 1 0 1 
-22.9053 14.9615 0.336663 0 0 0 0.138305 13 85 1 0 1 
-14.0428 7.27265 0.385157 0 0 0 0.130313 13 86 1 0 1 
-20.4363 19.8652 0.33962 0 0 0 0.138524 13 87 1 0 1 
7.07852 -15.9601 0.345615 0 0 0 0.13565 13 88 1 0 1 
-5.21934 5.08605 0.312552 0 0 0 0.142532 13 89 1 0 1 
8.90121 24.8413 0.391456 0 0 0 0.129177 13 90 1 0 1 
32.2788 -16.0759 0.316653 0 0 0 0.140979 13 91 1 0 1 
-12.2481 15.0057 0.315369 0 0 0 0.143034 13 92 1 0 1 
-13.9513 -2.31463 0.337481 0 0 0 0.137136 13 93 1 0 1 
14.6208 17.1941 0.30804 0 0 0 0.143683 13 94 1 0 1 
-4.91718 -63.5179 0.295053 0 0 0 0.145345 13 95 1 0 1 
-3.14565 -32.352 0.280054 0 0 0 0.148225 13 96 1 0 1 
-9.77948 3.32378 0.306192 0 0 0 0.143469 13 97 1 0 1 
-7.61652 -8.52281 0.300706 0 0 0 0.144887 13 98 1 0 1 
2.55495 -20.7887 0.357929 0 0 0 0.132752 13 99 1 0 1 
-5.36321 -11.7492 0.301787 0 0 0 0.144054 13 100 1 0 1 
-4.96277 14.1261 0.357163 0 0 0 0.135149 13 101 1 0 1 
20.4198 16.9269 0.311713 0 0 0 0.142923 13 102 1 0 1 
18.5697 -5.25635 0.296043 0 0 0 0.144907 13 103 1 0 1 
-12.1621 -3.31372 0.298298 0 0 0 0.14403 13 104 1 0 1 
4.1186 6.8868 0.329728 0 0 0 0.138372 13 105 1 0 1 
-11.7198 -3.21875 0.318654 0 0 0 0.140274 13 106 1 0 1 
22.2718 -6.6736 0.297722 0 0 0 0.143747 13 107 1 0 1 
-4.33108 24.0912 0.346808 0 0 0 0.135324 13 108 1 0 1 
-1.53507 -8.8277 0.337054 0 0 0 0.13622 13 109 1 0 1 
25.1654 -2.63279 0.268897 0 0 0 0.150472 13 110 1 0 1 
-2.21403 -12.8129 0.348338 0 0 0 0.134253 13 111 1 0 1 
-6.74025 3.13455 0.341376 0 0 0 0.137328 13 112 1 0 1 
19.6772 38.3052 0.337196 0 0 0 0.134216 13 113 1 0 1 
17.7906 6.5288 0.372482 0 0 0 0.133085 13 114 1 0 1 
7.23658 -2.01548 0.28766 0 0 0 0.148424 13 115 1 0 1 
-25.2079 4.52667 0.341401 0 0 0 0.134915 13 116 1 0 1 
-17.3038 -18.2281 0.315936 0 0 0 0.141038 13 117 1 0 1 
11.5718 3.90805 0.377339 0 0 0 0.131138 13 118 1 0 1 
9.63162 -9.75838 0.29534 0 0 0 0.144935 13 119 1 0 1 
10.094 -15.2185 0.320086 0 0 0 0.139232 13 120 1 0 1 
-12.7625 -18.8801 0.326468 0 0 0 0.138956 13 121 1 0 1 
9.60286 4.55878 0.352855 0 0 0 0.13471 13 122 1 0 1 
25.3742 -0.266713 0.35478 0 0 0 0.133263 13 123 1 0 1 
-29.337 -9.17367 0.30833 0 0 0 0.143392 13 124 1 0 1 
-0.788218 6.03911 0.327175 0 0 0 0.14058 13 125 1 0 1 
19.4286 2.80808 0.299642 0 0 0 0.143363 13 126 1 0 1 
-11.7127 0.412041 0.33165 0 0 0 0.137589 13 127 1 0 1 
-32.246 -6.32342 0.396897 0 0 0 0.129054 13 128 1 0 1 
2.54927 1.67342 0.302871 0 0 0 0.142189 13 129 1 0 1 
-2.90504 -12.6009 0.329083 0 0 0 0.13748 13 130 1 0 1 
-4.63576 -0.518424 0.34182 0 0 0 0.136558 13 131 1 0 1 
-14.6589 -11.7462 0.336027 0 0 0 0.139004 13 132 1 0 1 
6.39607 8.98937 0.358709 0 0 0 0.133329 13 133 1 0 1 
-3.30618 7.07949 0.288761 0 0 0 0.146478 13 134 1 0 1 
4.75185 9.23833 0.299834 0 0 0 0.14451 13 135 1 0 1 
-15.8353 -17.0105 0.35996 0 0 0 0.131703 13 136 1 0 1 
-0.918856 17.4484 0.339177 0 0 0 0.137806 13 137 1 0 1 
-0.434002 -5.7932 0.281871 0 0 0 0.147812 13 138 1 0 1 
7.13409 22.1739 0.290018 0 0 0 0.14614 13 139 1 0 1 
-10.8731 -11.2824 0.334956 0 0 0 0.136321 13 140 1 0 1 
-18.6047 0.670996 0.342163 0 0 0 0.137215 13 141 1 0 1 
-13.2784 12.5151 0.300463 0 0 0 0.144012 13 142 1 0 1 
-16.2113 -7.13928 0.330928 0 0 0 0.139445 13 143 1 0 1 
37.374 -6.56121 0.288012 0 0 0 0.146382 13 144 1 0 1 
-1.01472 18.7368 0.328024 0 0 0 0.13766 13 145 1 0 1 
-7.55556 0.387506 0.343054 0 0 0 0.135659 13 146 1 0 1 
-18.9278 -10.5799 0.341458 0 0 0 0.137544 13 147 1 0 1 
-8.90229 -30.1135 0.307369 0 0 0 0.142926 13 148 1 0 1 
-3.18747 3.97154 0.366435 0 0 0 0.131872 13 149 1 0 1 
1.65358 -6.7449 0.349664 0 0 0 0.134819 13 150 1 0 1 
18.4011 6.07925 0.306665 0 0 0 0.142994 13 151 1 0 1 
-2.686 -5.97177 0.351402 0 0 0 0.13409 13 152 1 0 1 
-0.328004 -14.7613 0.324684 0 0 0 0.138459 13 153 1 0 1 
-7.98996 19.9473 0.303555 0 0 0 0.14158 13 154 1 0 1 
-0.338619 -0.318115 0.310739 0 0 0 0.143415 13 155 1 0 1 
-0.705332 14.5799 0.347605 0 0 0 0.134974 13 156 1 0 1 
12.3393 1.20397 0.28394 0 0 0 0.144717 13 157 1 0 1 
26.0816 21.7213 0.323439 0 0 0 0.139314 13 158 1 0 1 
-7.28074 -8.7351 0.314041 0 0 0 0.142065 13 159 1 0 1 
-4.27623 -8.53665 0.312169 0 0 0 0.142111 13 160 1 0 1 
-4.06468 12.8187 0.360688 0 0 0 0.132196 13 161 1 0 1 
-12.3598 -30.0391 0.356275 0 0 0 0.133439 13 162 1 0 1 
-8.19657 -7.21152 0.31924 0 0 0 0.141153 13 163 1 0 1 
-22.9778 3.27518 0.358829 0 0 0 0.132773 13 164 1 0 1 
4.84745 -11.3934 0.320982 0 0 0 0.139592 13 165 1 0 1 
32.3892 -30.1237 0.36703 0 0 0 0.13198 13 166 1 0 1 
8.50172 -37.2845 0.326613 0 0 0 0.139209 13 167 1 0 1 
1.58172 24.0783 0.32066 0 0 0 0.139967 13 168 1 0 1 
5.86832 -11.9723 0.31385 0 0 0 0.14255 13 169 1 0 1 
-2.07368 1.7763 0.35832 0 0 0 0.13238 13 170 1 0 1 
11.25 -16.0588 0.325286 0 0 0 0.139235 13 171 1 0 1 
-27.0822 12.1804 0.318336 0 0 0 0.140119 13 172 1 0 1 
-3.24491 -12.8111 0.328102 0 0 0 0.138486 13 173 1 0 1 
31.8165 -7.18743 0.283529 0 0 0 0.147763 13 174 1 0 1 
-17.4669 6.89038 0.33079 0 0 0 0.137278 13 175 1 0 1 
5.9682 -17.9348 0.319269 0 0 0 0.141969 13 176 1 0 1 
-10.8692 -9.1695 0.336395 0 0 0 0.137343 13 177 1 0 1 
27.1707 -5.11253 0.385626 0 0 0 0.13014 13 178 1 0 1 
-6.94993 -1.38428 0.337225 0 0 0 0.138369 13 179 1 0 1 
12.3425 -0.0112013 0.310737 0 0 0 0.136853 13 180 1 0 1 
35.9236 12.9858 0.314113 0 0 0 0.141498 13 181 1 0 1 
11.5497 -23.281 0.385196 0 0 0 0.130908 13 182 1 0 1 
1.4504 8.13458 0.35981 0 0 0 0.132416 13 183 1 0 1 
-0.298431 5.53143 0.353638 0 0 0 0.135466 13 184 1 0 1 
2.46942 -1.01715 0.278405 0 0 0 0.149318 13 185 1 0 1 
12.9034 20.3561 0.347964 0 0 0 0.13569 13 186 1 0 1 
12.8796 -23.9933 0.334947 0 0 0 0.138451 13 187 1 0 1 
-9.19712 19.082 0.301632 0 0 0 0.144665 13 188 1 0 1 
6.15003 -36.8764 0.319639 0 0 0 0.142114 13 189 1 0 1 
14.5638 -7.78335 0.337412 0 0 0 0.136057 13 190 1 0 1 
22.8665 -6.19687 0.319596 0 0 0 0.139314 13 191 1 0 1 
-10.1147 -7.98126 0.302951 0 0 0 0.143434 13 192 1 0 1 
2.42781 1.37044 0.298792 0 0 0 0.144062 13 193 1 0 1 
15.1787 -8.75727 0.338002 0 0 0 0.136842 13 194 1 0 1 
-3.11953 -10.996 0.328518 0 0 0 0.137982 13 195 1 0 1 
21.0315 21.4391 0.325535 0 0 0 0.139899 13 196 1 0 1 
9.46593 20.6261 0.354662 0 0 0 0.134415 13 197 1 0 1 
2.14739 12.969 0.304479 0 0 0 0.142419 13 198 1 0 1 
3.28961 -22.0741 0.307949 0 0 0 0.141794 13 199 1 0 1 
12.7406 -10.4428 0.352435 0 0 0 0.13248 13 200 1 0 1 
15.5431 -4.74504 0.338034 0 0 0 0.137324 13 201 1 0 1 
-0.382009 6.51873 0.35714 0 0 0 0.133915 13 202 1 0 1 
-27.7647 -1.86109 0.313417 0 0 0 0.143407 13 203 1 0 1 
17.6694 -37.2564 0.353952 0 0 0 0.132532 13 204 1 0 1 
4.56373 -20.9122 0.328951 0 0 0 0.140094 13 205 1 0 1 
7.88541 -0.426831 0.307333 0 0 0 0.141704 13 206 1 0 1 
-15.7095 -0.357353 0.354163 0 0 0 0.132906 13 207 1 0 1 
22.0069 -0.797166 0.315034 0 0 0 0.140653 13 208 1 0 1 
-22.3595 1.58983 0.335452 0 0 0 0.137725 13 209 1 0 1 
14.5982 -3.79226 0.327044 0 0 0 0.139124 13 210 1 0 1 
27.1058 20.0975 0.337201 0 0 0 0.1385 13 211 1 0 1 
0.773114 0.458638 0.338677 0 0 0 0.137358 13 212 1 0 1 
-1.50475 -12.3167 0.308465 0 0 0 0.142177 13 213 1 0 1 
-17.8887 18.7524 0.313445 0 0 0 0.144125 13 214 1 0 1 
14.1297 1.97614 0.317913 0 0 0 0.138276 13 215 1 0 1 
-14.1515 2.24356 0.35768 0 0 0 0.134593 13 216 1 0 1 
16.504 -3.66023 0.312115 0 0 0 0.142282 13 217 1 0 1 
2.80185 -4.77409 0.36584 0 0 0 0.132645 13 218 1 0 1 
-11.1097 -12.9769 0.318087 0 0 0 0.140581 13 219 1 0 1 
-1.49146 -19.907 0.319799 0 0 0 0.1406 13 220 1 0 1 
22.591 7.69829 0.305651 0 0 0 0.143572 13 221 1 0 1 
1.5874 21.7524 0.336334 0 0 0 0.13735 13 222 1 0 1 
16.367 10.206 0.362407 0 0 0 0.131702 13 223 1 0 1 
-16.6661 18.6842 0.3193 0 0 0 0.141547 13 224 1 0 1 
8.16812 10.4156 0.336897 0 0 0 0.137231 13 225 1 0 1 
-2.22038 29.2395 0.311718 0 0 0 0.143503 13 226 1 0 1 
10.6237 -38.8278 0.340019 0 0 0 0.137187 13 227 1 0 1 
-6.15139 9.41702 0.31791 0 0 0 0.137434 13 228 1 0 1 
5.91885 -12.771 0.305643 0 0 0 0.144113 13 229 1 0 1 
-27.1184 -12.7307 0.30936 0 0 0 0.141957 13 230 1 0 1 
3.1879 -29.3949 0.307029 0 0 0 0.14221 13 231 1 0 1 
-7.44954 -2.91217 0.322697 0 0 0 0.140897 13 232 1 0 1 
2.9127 -7.6322 0.298137 0 0 0 0.145345 13 233 1 0 1 
13.5759 22.5024 0.344418 0 0 0 0.136043 13 234 1 0 1 
-10.563 3.2502 0.301989 0 0 0 0.144021 13 235 1 0 1 
2.03388 -12.569 0.325439 0 0 0 0.141121 13 236 1 0 1 
-6.14703 -3.74544 0.276224 0 0 0 0.149505 13 237 1 0 1 
-2.38293 -24.1205 0.330175 0 0 0 0.139053 13 238 1 0 1 
25.8748 -5.00586 0.318475 0 0 0 0.138795 13 239 1 0 1 
-6.80572 13.3261 0.336536 0 0 0 0.137746 13 240 1 0 1 
5.54228 -12.184 0.375382 0 0 0 0.130719 13 241 1 0 1 
-4.95672 9.78521 0.300571 0 0 0 0.143952 13 242 1 0 1 
-4.70347 5.66969 0.363963 0 0 0 0.132979 13 243 1 0 1 
5.88804 -15.6827 0.365597 0 0 0 0.132559 13 244 1 0 1 
-28.5939 7.69073 0.333394 0 0 0 0.137014 13 245 1 0 1 
21.4458 8.99868 0.307213 0 0 0 0.137977 13 246 1 0 1 
-20.4134 0.76604 0.317418 0 0 0 0.142113 13 247 1 0 1 
-17.4655 -15.0831 0.342039 0 0 0 0.137261 13 248 1 0 1 
7.77056 22.4971 0.346076 0 0 0 0.134515 13 249 1 0 1 
12.6365 -34.5178 0.305084 0 0 0 0.143221 13 250 1 0 1 
-0.470223 -6.55304 0.341378 0 0 0 0.136361 13 251 1 0 1 
-16.332 -20.6622 0.334315 0 0 0 0.137608 13 252 1 0 1 
11.3175 6.03641 0.354327 0 0 0 0.133575 13 253 1 0 1 
21.5759 5.42227 0.320862 0 0 0 0.141544 13 254 1 0 1 
1.61823 -10.2486 0.352584 0 0 0 0.13362 13 255 1 0 1 
-15.2968 -1.00619 0.358538 0 0 0 0.133893 13 256 1 0 1 
20.5134 -23.5777 0.317094 0 0 0 0.140582 13 257 1 0 1 
-11.8473 10.4774 0.370595 0 0 0 0.131894 13 258 1 0 1 
-28.0857 23.7868 0.33338 0 0 0 0.136105 13 259 1 0 1 
17.6604 -21.6012 0.27969 0 0 0 0.148998 13 260 1 0 1 
-2.79978 12.1811 0.305824 0 0 0 0.142533 13 261 1 0 1 
7.22563 -12.9879 0.343049 0 0 0 0.136059 13 262 1 0 1 
11.4167 30.586 0.340564 0 0 0 0.132789 13 263 1 0 1 
26.1878 17.7367 0.331841 0 0 0 0.139231 13 264 1 0 1 
14.2804 1.90183 0.313197 0 0 0 0.143058 13 265 1 0 1 
-3.18057 6.96001 0.329105 0 0 0 0.142071 13 266 1 0 1 
0.582715 -6.83235 0.28783 0 0 0 0.146845 13 267 1 0 1 
-9.80196 31.2954 0.296186 0 0 0 0.14307 13 268 1 0 1 
13.3576 0.0900433 0.315448 0 0 0 0.140482 13 269 1 0 1 
-25.4508 8.09612 0.351736 0 0 0 0.135542 13 270 1 0 1 
-25.1911 -31.7519 0.346449 0 0 0 0.13546 13 271 1 0 1 
7.32595 13.386 0.313066 0 0 0 0.141417 13 272 1 0 1 
-8.41093 3.50225 0.304472 0 0 0 0.144824 13 273 1 0 1 
-1.69448 -6.82869 0.359744 0 0 0 0.134556 13 274 1 0 1 
2.39185 3.38482 0.319157 0 0 0 0.140558 13 275 1 0 1 
26.5086 1.68133 0.280075 0 0 0 0.148021 13 276 1 0 1 
23.0233 7.11686 0.324888 0 0 0 0.139991 13 277 1 0 1 
-1.40793 -7.53121 0.308455 0 0 0 0.14322 13 278 1 0 1 
-13.7215 -29.2321 0.30468 0 0 0 0.143597 13 279 1 0 1 
-14.7399 -14.5301 0.363702 0 0 0 0.132251 13 280 1 0 1 
-17.9215 5.45963 0.312199 0 0 0 0.141569 13 281 1 0 1 
7.08843 10.6096 0.280745 0 0 0 0.146469 13 282 1 0 1 
-8.03789 -3.28389 0.312588 0 0 0 0.142071 13 283 1 0 1 
1.61872 -19.8816 0.334322 0 0 0 0.137951 13 284 1 0 1 
10.6534 -8.34288 0.316198 0 0 0 0.142309 13 285 1 0 1 
-38.7104 -13.1999 0.359107 0 0 0 0.132849 13 286 1 0 1 
-11.9728 -14.4121 0.34869 0 0 0 0.13619 13 287 1 0 1 
6.05323 -20.0464 0.285639 0 0 0 0.146305 13 288 1 0 1 
-8.32035 -7.85362 0.348208 0 0 0 0.133686 13 289 1 0 1 
-14.579 -11.6842 0.342142 0 0 0 0.137249 13 290 1 0 1 
-5.54508 -11.252 0.299194 0 0 0 0.144445 13 291 1 0 1 
11.0726 -0.322682 0.313092 0 0 0 0.142254 13 292 1 0 1 
6.15407 -10.3678 0.336104 0 0 0 0.135685 13 293 1 0 1 
-13.6101 19.0411 0.307726 0 0 0 0.142904 13 294 1 0 1 
0.624757 -11.6715 0.323614 0 0 0 0.141492 13 295 1 0 1 
-0.804638 5.0784 0.326075 0 0 0 0.138749 13 296 1 0 1 
6.55037 -4.79026 0.284226 0 0 0 0.146766 13 297 1 0 1 
8.40055 10.1042 0.32373 0 0 0 0.139593 13 298 1 0 1 
21.0309 3.11251 0.346113 0 0 0 0.135862 13 299 1 0 1 
5.32247 -0.306155 0.266139 0 0 0 0.153376 13 300 1 0 1 
14.7258 7.89316 0.336746 0 0 0 0.13567 13 301 1 0 1 
-7.7272 -11.8882 0.327698 0 0 0 0.139345 13 302 1 0 1 
11.9194 2.64073 0.335632 0 0 0 0.137359 13 303 1 0 1 
-6.98016 -20.6908 0.309276 0 0 0 0.141853 13 304 1 0 1 
24.3129 12.1239 0.363959 0 0 0 0.133338 13 305 1 0 1 
13.9893 8.43555 0.34099 0 0 0 0.13615 13 306 1 0 1 
14.089 0.462492 0.381291 0 0 0 0.129109 13 307 1 0 1 
-6.77687 -20.1578 0.309806 0 0 0 0.142065 13 308 1 0 1 
8.86975 -1.34468 0.340569 0 0 0 0.137781 13 309 1 0 1 
9.10709 -12.7962 0.297902 0 0 0 0.13997 13 310 1 0 1 
13.6678 -16.4114 0.340206 0 0 0 0.135804 13 311 1 0 1 
9.11818 -9.06631 0.299362 0 0 0 0.142455 13 312 1 0 1 
-29.7118 12.4207 0.375691 0 0 0 0.128231 13 313 1 0 1 
14.9575 -29.934 0.323954 0 0 0 0.13922 13 314 1 0 1 
-3.50326 12.5919 0.329369 0 0 0 0.140071 13 315 1 0 1 
30.36 23.3826 0.270646 0 0 0 0.15174 13 316 1 0 1 
7.70034 11.913 0.316161 0 0 0 0.14136 13 317 1 0 1 
9.66011 -13.1655 0.336085 0 0 0 0.136436 13 318 1 0 1 
13.5416 -12.3428 0.367192 0 0 0 0.13044 13 319 1 0 1 
2.43516 8.05779 0.335927 0 0 0 0.135817 13 320 1 0 1 
8.05508 8.44431 0.308276 0 0 0 0.141028 13 321 1 0 1 
23.8994 -13.2498 0.31915 0 0 0 0.139333 13 322 1 0 1 
-9.92491 -0.034975 0.321183 0 0 0 0.142003 13 323 1 0 1 
-15.1197 -4.90909 0.323699 0 0 0 0.13974 13 324 1 0 1 
-10.9214 -12.7855 0.296092 0 0 0 0.143277 13 325 1 0 1 
-8.8833 31.1125 0.313076 0 0 0 0.140615 13 326 1 0 1 
-8.61487 -7.58349 0.332056 0 0 0 0.139539 13 327 1 0 1 
20.0693 6.96537 0.347695 0 0 0 0.135658 13 328 1 0 1 
18.4322 -13.4527 0.313128 0 0 0 0.140965 13 329 1 0 1 
-6.66478 11.0234 0.314858 0 0 0 0.141368 13 330 1 0 1 
8.69376 -16.1038 0.251663 0 0 0 0.158894 13 331 1 0 1 
-2.02761 34.5481 0.299484 0 0 0 0.144886 13 332 1 0 1 
-11.7711 4.58318 0.292821 0 0 0 0.146606 13 333 1 0 1 
-10.7981 7.21282 0.301955 0 0 0 0.144592 13 334 1 0 1 
18.7728 13.4925 0.311224 0 0 0 0.141135 13 335 1 0 1 
4.24068 40.0676 0.345187 0 0 0 0.137483 13 336 1 0 1 
6.59182 -16.6633 0.26802 0 0 0 0.150954 13 337 1 0 1 
-5.59938 15.7598 0.289067 0 0 0 0.144676 13 338 1 0 1 
7.35378 4.81559 0.291055 0 0 0 0.143162 13 339 1 0 1 
-9.72913 -7.40081 0.318954 0 0 0 0.138549 13 340 1 0 1 
2.42338 -8.78444 0.319923 0 0 0 0.140951 13 341 1 0 1 
-19.317 7.334 0.318032 0 0 0 0.140606 13 342 1 0 1 
25.0934 -30.339 0.351847 0 0 0 0.133675 13 343 1 0 1 
22.4823 -4.875 0.306501 0 0 0 0.14147 13 344 1 0 1 
11.6348 -6.0624 0.305704 0 0 0 0.143974 13 345 1 0 1 
-26.2619 -15.2857 0.315072 0 0 0 0.141349 13 346 1 0 1 
-10.5956 -5.09056 0.325404 0 0 0 0.137319 13 347 1 0 1 
9.52237 1.66939 0.345654 0 0 0 0.134617 13 348 1 0 1 
-1.51072 17.9526 0.339461 0 0 0 0.135599 13 349 1 0 1 
-9.66309 -4.37402 0.319399 0 0 0 0.142034 13 350 1 0 1 
3.59184 28.63 0.329908 0 0 0 0.13888 13 351 1 0 1 
16.9006 -4.23297 0.326686 0 0 0 0.138316 13 352 1 0 1 
-5.21338 -12.188 0.314187 0 0 0 0.141916 13 353 1 0 1 
15.3138 -18.8563 0.311371 0 0 0 0.141529 13 354 1 0 1 
-1.40097 -3.85641 0.317875 0 0 0 0.140384 13 355 1 0 1 
-1.21284 9.76728 0.3282 0 0 0 0.140067 13 356 1 0 1 
23.2038 -1.60287 0.382363 0 0 0 0.130046 13 357 1 0 1 
-2.56171 7.06355 0.292004 0 0 0 0.145943 13 358 1 0 1 
-12.1124 -10.742 0.329297 0 0 0 0.13866 13 359 1 0 1 
0.516845 -7.87014 0.311863 0 0 0 0.14148 13 360 1 0 1 
-12.1029 36.1133 0.3549 0 0 0 0.133363 13 361 1 0 1 
-8.98435 -1.07888 0.287121 0 0 0 0.147993 13 362 1 0 1 
-2.93215 -10.7654 0.361615 0 0 0 0.133711 13 363 1 0 1 
-1.62693 14.3652 0.341857 0 0 0 0.135904 13 364 1 0 1 
-3.04498 -1.98835 0.345216 0 0 0 0.136832 13 365 1 0 1 
17.0974 7.80572 0.323885 0 0 0 0.139556 13 366 1 0 1 
14.2767 0.925341 0.300175 0 0 0 0.144842 13 367 1 0 1 
5.16947 -3.9996 0.338769 0 0 0 0.135924 13 368 1 0 1 
6.3905 -13.5019 0.375824 0 0 0 0.132208 13 369 1 0 1 
28.0959 -11.7264 0.327995 0 0 0 0.13785 13 370 1 0 1 
-9.76231 3.25487 0.31106 0 0 0 0.14177 13 371 1 0 1 
-11.1829 -2.34621 0.324023 0 0 0 0.14007 13 372 1 0 1 
-26.6414 -8.96117 0.328648 0 0 0 0.139564 13 373 1 0 1 
20.7255 7.37429 0.319206 0 0 0 0.140152 13 374 1 0 1 
7.32578 -0.0452771 0.278451 0 0 0 0.149885 13 375 1 0 1 
-14.5152 -4.35556 0.349347 0 0 0 0.135106 13 376 1 0 1 
-15.8216 -19.8713 0.356422 0 0 0 0.131964 13 377 1 0 1 
-1.45865 2.89427 0.334403 0 0 0 0.137309 13 378 1 0 1 
-7.20088 16.4972 0.313473 0 0 0 0.141399 13 379 1 0 1 
22.4529 -25.7684 0.320424 0 0 0 0.140176 13 380 1 0 1 
-18.5833 16.89 0.322589 0 0 0 0.141029 13 381 1 0 1 
-9.56956 5.62116 0.352874 0 0 0 0.135359 13 382 1 0 1 
9.66563 -2.21566 0.395413 0 0 0 0.129329 13 383 1 0 1 
-9.56311 -3.62077 0.289286 0 0 0 0.147397 13 384 1 0 1 
-17.5435 -36.038 0.372254 0 0 0 0.131898 13 385 1 0 1 
-6.1687 5.65362 0.349292 0 0 0 0.134628 13 386 1 0 1 
-9.75485 -1.09586 0.340105 0 0 0 0.136907 13 387 1 0 1 
-15.5803 38.0876 0.30254 0 0 0 0.144451 13 388 1 0 1 
-2.61747 -2.9019 0.345379 0 0 0 0.135819 13 389 1 0 1 
15.0896 -16.0126 0.314709 0 0 0 0.140964 13 390 1 0 1 
4.45865 -5.15366 0.304309 0 0 0 0.143307 13 391 1 0 1 
-4.84833 -8.4987 0.338368 0 0 0 0.138004 13 392 1 0 1 
0.850247 -38.195 0.322253 0 0 0 0.142394 13 393 1 0 1 
0.413049 -8.84468 0.31772 0 0 0 0.141164 13 394 1 0 1 
-24.7827 6.14628 0.303365 0 0 0 0.144325 13 395 1 0 1 
2.83364 -23.1758 0.345033 0 0 0 0.134404 13 396 1 0 1 
6.62635 1.70589 0.326062 0 0 0 0.138956 13 397 1 0 1 
9.18997 13.0336 0.316768 0 0 0 0.142543 13 398 1 0 1 
-1.3014 -24.224 0.294477 0 0 0 0.146599 13 399 1 0 1 
11.2762 17.4265 0.280582 0 0 0 0.135821 13 400 1 0 1 
9.01801 3.06064 0.354958 0 0 0 0.13121 13 401 1 0 1 
-7.37754 -0.732875 0.334188 0 0 0 0.133555 13 402 1 0 1 
14.3601 2.68031 0.294866 0 0 0 0.145682 13 403 1 0 1 
-14.0638 -12.5644 0.295792 0 0 0 0.144983 13 404 1 0 1 
-1.60314 -21.8894 0.301905 0 0 0 0.144873 13 405 1 0 1 
10.5709 -7.54116 0.314641 0 0 0 0.141298 13 406 1 0 1 
8.13784 -13.6723 0.302768 0 0 0 0.145413 13 407 1 0 1 
-13.0341 5.84062 0.311204 0 0 0 0.143093 13 408 1 0 1 
-13.0982 18.5554 0.294179 0 0 0 0.145362 13 409 1 0 1 
1.85768 9.52682 0.325222 0 0 0 0.13881 13 410 1 0 1 
-12.0884 -6.8907 0.310073 0 0 0 0.142561 13 411 1 0 1 
-12.4974 -18.356 0.34372 0 0 0 0.135835 13 412 1 0 1 
-3.01557 17.1917 0.374458 0 0 0 0.130543 13 413 1 0 1 
-2.01994 -4.67264 0.31284 0 0 0 0.141585 13 414 1 0 1 
7.15349 -18.2369 0.291359 0 0 0 0.146399 13 415 1 0 1 
27.0264 -26.6577 0.309336 0 0 0 0.141719 13 416 1 0 1 
-15.2645 9.76923 0.286347 0 0 0 0.145698 13 417 1 0 1 
-24.0184 -0.954762 0.330241 0 0 0 0.138312 13 418 1 0 1 
1.4434 -19.8179 0.312134 0 0 0 0.142367 13 419 1 0 1 
-11.2712 12.9638 0.320591 0 0 0 0.139948 13 420 1 0 1 
6.47291 -0.561524 0.344667 0 0 0 0.1363 13 421 1 0 1 
25.0498 -0.895532 0.326969 0 0 0 0.139979 13 422 1 0 1 
16.5074 -2.14034 0.286923 0 0 0 0.146197 13 423 1 0 1 
12.2912 -7.5283 0.363543 0 0 0 0.132364 13 424 1 0 1 
-5.74562 -3.53733 0.349052 0 0 0 0.134845 13 425 1 0 1 
9.89145 17.2983 0.314618 0 0 0 0.141747 13 426 1 0 1 
4.94361 -13.6527 0.333513 0 0 0 0.136555 13 427 1 0 1 
5.28506 -23.5998 0.328202 0 0 0 0.139469 13 428 1 0 1 
-17.369 -8.10088 0.316795 0 0 0 0.140114 13 429 1 0 1 
20.4251 -25.2862 0.322945 0 0 0 0.138365 13 430 1 0 1 
-0.808602 0.645489 0.319476 0 0 0 0.140171 13 431 1 0 1 
0.727693 -8.56024 0.309834 0 0 0 0.142681 13 432 1 0 1 
-23.8196 8.69341 0.291405 0 0 0 0.144934 13 433 1 0 1 
-2.71668 -8.41146 0.326528 0 0 0 0.139759 13 434 1 0 1 
-12.9898 2.84708 0.367997 0 0 0 0.130365 13 435 1 0 1 
-10.8568 -9.37702 0.295773 0 0 0 0.146485 13 436 1 0 1 
-6.22856 -2.98173 0.316262 0 0 0 0.141665 13 437 1 0 1 
8.24893 8.88937 0.309658 0 0 0 0.142334 13 438 1 0 1 
22.8782 6.4838 0.290047 0 0 0 0.147211 13 439 1 0 1 
19.232 -2.29575 0.310352 0 0 0 0.142635 13 440 1 0 1 
1.65027 1.26718 0.327666 0 0 0 0.137974 13 441 1 0 1 
19.6164 -5.16948 0.288236 0 0 0 0.146255 13 442 1 0 1 
-32.4365 -0.750597 0.387362 0 0 0 0.129961 13 443 1 0 1 
2.42072 -30.4883 0.367288 0 0 0 0.131021 13 444 1 0 1 
-13.6824 -21.5836 0.345829 0 0 0 0.136658 13 445 1 0 1 
10.8739 -16.2665 0.320413 0 0 0 0.139938 13 446 1 0 1 
-31.5127 18.9033 0.341114 0 0 0 0.136725 13 447 1 0 1 
2.57201 0.131274 0.317307 0 0 0 0.139776 13 448 1 0 1 
-15.7894 -4.58922 0.31141 0 0 0 0.140511 13 449 1 0 1 
2.28485 -14.5338 0.328302 0 0 0 0.138743 13 450 1 0 1 
-15.7437 -1.30804 0.281945 0 0 0 0.146894 13 451 1 0 1 
16.7367 24.4684 0.323911 0 0 0 0.138696 13 452 1 0 1 
5.30189 -26.6644 0.299433 0 0 0 0.143999 13 453 1 0 1 
-20.1438 15.1578 0.288307 0 0 0 0.146106 13 454 1 0 1 
10.6417 8.26455 0.288498 0 0 0 0.145075 13 455 1 0 1 
8.65992 10.4223 0.356442 0 0 0 0.134126 13 456 1 0 1 
21.8378 -2.64729 0.278141 0 0 0 0.147903 13 457 1 0 1 
11.9347 -7.82811 0.283669 0 0 0 0.146818 13 458 1 0 1 
4.88348 15.3822 0.277165 0 0 0 0.149767 13 459 1 0 1 
-24.5471 -13.2533 0.287806 0 0 0 0.147826 13 460 1 0 1 
-2.37696 3.60853 0.303334 0 0 0 0.143517 13 461 1 0 1 
-19.2908 12.854 0.27876 0 0 0 0.145793 13 462 1 0 1 
-21.1091 -7.33028 0.341054 0 0 0 0.135955 13 463 1 0 1 
-22.2779 -16.6179 0.347462 0 0 0 0.135366 13 464 1 0 1 
0.209719 20.3631 0.312404 0 0 0 0.142033 13 465 1 0 1 
-8.43362 21.0317 0.29652 0 0 0 0.144927 13 466 1 0 1 
-24.1031 -6.18554 0.316118 0 0 0 0.139983 13 467 1 0 1 
-4.04473 0.442062 0.259945 0 0 0 0.153356 13 468 1 0 1 
-0.775508 1.37528 0.327987 0 0 0 0.138864 13 469 1 0 1 
6.29449 -7.83491 0.352874 0 0 0 0.135225 13 470 1 0 1 
-25.7297 7.55869 0.317345 0 0 0 0.13958 13 471 1 0 1 
-6.28896 -0.0107055 0.342276 0 0 0 0.136643 13 472 1 0 1 
11.9754 -2.07738 0.348785 0 0 0 0.135141 13 473 1 0 1 
-10.4621 -2.89424 0.300713 0 0 0 0.144012 13 474 1 0 1 
-41.9385 48.0989 0.331455 0 0 0 0.138542 13 475 1 0 1 
3.42327 -13.2899 0.312504 0 0 0 0.142531 13 476 1 0 1 
-2.35041 14.9618 0.320606 0 0 0 0.141115 13 477 1 0 1 
4.97387 17.7171 0.289216 0 0 0 0.141828 13 478 1 0 1 
-29.5045 -24.8272 0.309254 0 0 0 0.142695 13 479 1 0 1 
5.69112 3.06852 0.364464 0 0 0 0.131636 13 480 1 0 1 
-10.8837 -0.224085 0.30225 0 0 0 0.143639 13 481 1 0 1 
6.06561 20.7594 0.301738 0 0 0 0.143343 13 482 1 0 1 
18.3268 -13.2555 0.317394 0 0 0 0.138932 13 483 1 0 1 
-4.3196 -16.3235 0.316541 0 0 0 0.140729 13 484 1 0 1 
-8.1736 -8.04002 0.34964 0 0 0 0.133371 13 485 1 0 1 
-13.9963 34.8568 0.322236 0 0 0 0.140164 13 486 1 0 1 
16.9396 -15.6246 0.318884 0 0 0 0.140078 13 487 1 0 1 
-4.39197 -16.994 0.279049 0 0 0 0.149467 13 488 1 0 1 
10.3111 8.15631 0.322379 0 0 0 0.141365 13 489 1 0 1 
-17.1495 -8.956 0.27893 0 0 0 0.149018 13 490 1 0 1 
-15.0492 -29.3132 0.275681 0 0 0 0.149634 13 491 1 0 1 
3.74005 -20.3372 0.334004 0 0 0 0.138189 13 492 1 0 1 
5.13381 -4.53954 0.339457 0 0 0 0.137684 13 493 1 0 1 
5.89487 7.42464 0.329719 0 0 0 0.139754 13 494 1 0 1 
11.1605 -5.80115 0.29462 0 0 0 0.144308 13 495 1 0 1 
13.1434 -20.4535 0.305916 0 0 0 0.143328 13 496 1 0 1 
20.55 23.926 0.321858 0 0 0 0.142301 13 497 1 0 1 
8.03768 -22.7654 0.318161 0 0 0 0.14013 13 498 1 0 1 
22.8821 17.1854 0.346262 0 0 0 0.135162 13 499 1 0 1 
-25.2953 18.6267 0.334523 0 0 0 0.133087 13 500 1 0 1 
6.39534 20.3355 0.317652 0 0 0 0.141061 13 501 1 0 1 
-1.50297 -7.90429 0.397934 0 0 0 0.128293 13 502 1 0 1 
13.5212 5.01047 0.31997 0 0 0 0.141127 13 503 1 0 1 
0.76995 1.24074 0.334608 0 0 0 0.136619 13 504 1 0 1 
42.7484 3.73034 0.342816 0 0 0 0.13494 13 505 1 0 1 
0.991239 -13.5004 0.326378 0 0 0 0.13788 13 506 1 0 1 
-2.18812 -18.2142 0.307248 0 0 0 0.142178 13 507 1 0 1 
2.57165 -6.78681 0.317034 0 0 0 0.140597 13 508 1 0 1 
1.99448 2.62411 0.37475 0 0 0 0.130722 13 509 1 0 1 
-14.0998 10.5093 0.34293 0 0 0 0.137015 13 510 1 0 1 
24.2585 -4.63528 0.391232 0 0 0 0.130004 13 511 1 0 1 
-25.8207 -15.199 0.335827 0 0 0 0.135922 13 512 1 0 1 
-15.3656 -12.5573 0.35316 0 0 0 0.134079 13 513 1 0 1 
-12.1327 2.62068 0.292501 0 0 0 0.14422 13 514 1 0 1 
8.41334 -6.17598 0.342729 0 0 0 0.134881 13 515 1 0 1 
12.6153 17.6931 0.390272 0 0 0 0.130517 13 516 1 0 1 
23.8853 -10.5925 0.348339 0 0 0 0.1351 13 517 1 0 1 
26.0984 5.72083 0.325099 0 0 0 0.13963 13 518 1 0 1 
-0.820971 24.8718 0.311482 0 0 0 0.139684 13 519 1 0 1 
-1.4133 -4.10589 0.284836 0 0 0 0.146797 13 520 1 0 1 
2.28051 -18.691 0.31171 0 0 0 0.142016 13 521 1 0 1 
-17.1812 -11.1427 0.316677 0 0 0 0.141796 13 522 1 0 1 
-20.5103 -6.55697 0.269436 0 0 0 0.149153 13 523 1 0 1 
-6.61427 19.8592 0.331766 0 0 0 0.137805 13 524 1 0 1 
16.6324 -2.27998 0.329451 0 0 0 0.138434 13 525 1 0 1 
1.98587 7.39504 0.353853 0 0 0 0.134718 13 526 1 0 1 
21.419 10.7634 0.33437 0 0 0 0.138223 13 527 1 0 1 
22.4305 -10.2447 0.342467 0 0 0 0.137508 13 528 1 0 1 
15.1166 -5.18903 0.32867 0 0 0 0.140372 13 529 1 0 1 
21.7482 -4.57851 0.33501 0 0 0 0.136935 13 530 1 0 1 
-17.8018 -9.48781 0.371072 0 0 0 0.131274 13 531 1 0 1 
32.9397 -5.5064 0.372261 0 0 0 0.13205 13 532 1 0 1 
-2.7943 14.7377 0.306827 0 0 0 0.142967 13 533 1 0 1 
4.35613 -3.46636 0.306919 0 0 0 0.142299 13 534 1 0 1 
16.4755 -1.47555 0.367368 0 0 0 0.132021 13 535 1 0 1 
-5.24786 -15.7895 0.294793 0 0 0 0.14484 13 536 1 0 1 
-16.2816 5.95636 0.348373 0 0 0 0.135447 13 537 1 0 1 
-26.0423 2.41914 0.294379 0 0 0 0.141144 13 538 1 0 1 
-16.1186 -1.0022 0.317115 0 0 0 0.139921 13 539 1 0 1 
-12.9956 0.51561 0.309027 0 0 0 0.14371 13 540 1 0 1 
1.16568 7.62724 0.33119 0 0 0 0.137017 13 541 1 0 1 
-0.917688 3.4577 0.316128 0 0 0 0.142431 13 542 1 0 1 
-9.37987 12.6497 0.351661 0 0 0 0.135802 13 543 1 0 1 
-8.82477 -21.957 0.342092 0 0 0 0.136749 13 544 1 0 1 
-9.78906 -5.82166 0.316009 0 0 0 0.141961 13 545 1 0 1 
-31.9151 -1.70094 0.325203 0 0 0 0.139472 13 546 1 0 1 
-10.0366 -15.7483 0.340529 0 0 0 0.134358 13 547 1 0 1 
-0.860552 -8.12248 0.325524 0 0 0 0.138571 13 548 1 0 1 
-8.66331 25.1723 0.31702 0 0 0 0.13858 13 549 1 0 1 
-11.4185 -8.38969 0.289562 0 0 0 0.146135 13 550 1 0 1 
17.2484 -6.60162 0.289614 0 0 0 0.1479 13 551 1 0 1 
1.51959 3.61416 0.316337 0 0 0 0.142238 13 552 1 0 1 
5.57377 15.5397 0.31263 0 0 0 0.143151 13 553 1 0 1 
-26.9747 -12.6778 0.374686 0 0 0 0.131473 13 554 1 0 1 
-12.4795 -13.2055 0.322552 0 0 0 0.140593 13 555 1 0 1 
-3.84433 9.08705 0.305821 0 0 0 0.141896 13 556 1 0 1 
-10.7597 -19.6529 0.308076 0 0 0 0.142394 13 557 1 0 1 
22.3221 32.8168 0.330001 0 0 0 0.137867 13 558 1 0 1 
8.34009 -7.3664 0.313634 0 0 0 0.142469 13 559 1 0 1 
-6.26505 1.81354 0.340777 0 0 0 0.137888 13 560 1 0 1 
6.99666 -17.659 0.324272 0 0 0 0.139528 13 561 1 0 1 
-5.95481 -7.77811 0.297944 0 0 0 0.143708 13 562 1 0 1 
3.23383 -0.926708 0.297322 0 0 0 0.145575 13 563 1 0 1 
1.73489 7.5776 0.3395 0 0 0 0.138917 13 564 1 0 1 
-13.3682 2.37425 0.309765 0 0 0 0.142709 13 565 1 0 1 
-24.3529 -1.24118 0.268931 0 0 0 0.151931 13 566 1 0 1 
1.37987 17.8366 0.352005 0 0 0 0.135883 13 567 1 0 1 
3.17198 -10.1262 0.36636 0 0 0 0.13201 13 568 1 0 1 
15.7963 -29.0129 0.333204 0 0 0 0.137944 13 569 1 0 1 
26.0618 7.8691 0.318734 0 0 0 0.139908 13 570 1 0 1 
15.3283 1.30313 0.335451 0 0 0 0.136616 13 571 1 0 1 
9.29242 -3.53948 0.363112 0 0 0 0.133127 13 572 1 0 1 
-15.4675 -12.7285 0.327031 0 0 0 0.140205 13 573 1 0 1 
8.9385 -15.2618 0.303649 0 0 0 0.144593 13 574 1 0 1 
-33.8161 -27.1326 0.34672 0 0 0 0.137239 13 575 1 0 1 
4.23863 -1.88202 0.328615 0 0 0 0.138194 13 576 1 0 1 
15.291 20.2827 0.300961 0 0 0 0.144305 13 577 1 0 1 
-11.6061 16.119 0.30718 0 0 0 0.14423 13 578 1 0 1 
4.81785 7.93671 0.337147 0 0 0 0.137644 13 579 1 0 1 
11.0724 11.9096 0.309651 0 0 0 0.140336 13 580 1 0 1 
17.4621 15.8363 0.319882 0 0 0 0.139651 13 581 1 0 1 
16.3248 -21.2305 0.329453 0 0 0 0.139042 13 582 1 0 1 
16.5751 -5.44956 0.326838 0 0 0 0.137838 13 583 1 0 1 
-4.73187 -21.6215 0.330174 0 0 0 0.136727 13 584 1 0 1 
-14.1106 12.0066 0.325066 0 0 0 0.139312 13 585 1 0 1 
0.726261 16.9415 0.34948 0 0 0 0.135742 13 586 1 0 1 
-11.3636 14.364 0.327716 0 0 0 0.138455 13 587 1 0 1 
-20.1508 -11.3112 0.315953 0 0 0 0.14185 13 588 1 0 1 
-10.4754 -23.4135 0.33295 0 0 0 0.13679 13 589 1 0 1 
-4.02465 24.9942 0.318321 0 0 0 0.142118 13 590 1 0 1 
5.09859 -1.18772 0.322524 0 0 0 0.139202 13 591 1 0 1 
20.3853 8.81668 0.342543 0 0 0 0.135368 13 592 1 0 1 
-3.46105 -27.208 0.341854 0 0 0 0.135158 13 593 1 0 1 
4.40193 9.3744 0.27594 0 0 0 0.148271 13 594 1 0 1 
19.4365 -6.21652 0.308772 0 0 0 0.140639 13 595 1 0 1 
-2.21031 -6.17974 0.339287 0 0 0 0.135531 13 596 1 0 1 
-30.6936 12.1128 0.333117 0 0 0 0.138114 13 597 1 0 1 
18.0484 -14.4331 0.330189 0 0 0 0.137281 13 598 1 0 1 
2.04495 17.0808 0.282254 0 0 0 0.148064 13 599 1 0 1 
1.47102 -28.4651 0.308519 0 0 0 0.139106 13 600 1 0 1 
-10.6501 18.6333 0.300056 0 0 0 0.145575 13 601 1 0 1 
-27.8993 13.2694 0.345742 0 0 0 0.136802 13 602 1 0 1 
8.65781 -0.798402 0.375708 0 0 0 0.131505 13 603 1 0 1 
-13.1428 -17.6564 0.280199 0 0 0 0.148531 13 604 1 0 1 
-21.1702 3.27722 0.339509 0 0 0 0.13607 13 605 1 0 1 
9.1132 14.6859 0.299297 0 0 0 0.145175 13 606 1 0 1 
-10.1985 -14.7694 0.282303 0 0 0 0.147519 13 607 1 0 1 
25.8693 9.60508 0.343697 0 0 0 0.136082 13 608 1 0 1 
-19.0275 19.7967 0.310769 0 0 0 0.142761 13 609 1 0 1 
-8.65424 17.3275 0.328814 0 0 0 0.138767 13 610 1 0 1 
25.4582 7.44859 0.291171 0 0 0 0.147297 13 611 1 0 1 
20.191 -9.62086 0.306227 0 0 0 0.143711 13 612 1 0 1 
3.75567 21.5121 0.287299 0 0 0 0.147343 13 613 1 0 1 
-7.93085 20.6139 0.338779 0 0 0 0.138344 13 614 1 0 1 
32.9178 -15.8604 0.344545 0 0 0 0.137947 13 615 1 0 1 
16.6561 -10.405 0.320248 0 0 0 0.142031 13 616 1 0 1 
6.05946 11.465 0.330116 0 0 0 0.137471 13 617 1 0 1 
-8.21344 -7.21192 0.349934 0 0 0 0.135424 13 618 1 0 1 
-3.75741 -19.1755 0.292086 0 0 0 0.14586 13 619 1 0 1 
17.0459 -22.0689 0.373118 0 0 0 0.130443 13 620 1 0 1 
5.50959 25.8533 0.30533 0 0 0 0.143029 13 621 1 0 1 
-2.38113 11.3712 0.342481 0 0 0 0.136561 13 622 1 0 1 
1.2556 4.17174 0.344234 0 0 0 0.136843 13 623 1 0 1 
-20.651 5.29911 0.323377 0 0 0 0.139883 13 624 1 0 1 
14.5767 -9.15977 0.34606 0 0 0 0.135311 13 625 1 0 1 
6.54755 4.30758 0.340953 0 0 0 0.138335 13 626 1 0 1 
17.6209 19.3767 0.345675 0 0 0 0.135033 13 627 1 0 1 
-5.14781 24.1697 0.333737 0 0 0 0.137309 13 628 1 0 1 
0.235931 34.3726 0.377886 0 0 0 0.131699 13 629 1 0 1 
22.7797 9.97411 0.294004 0 0 0 0.143297 13 630 1 0 1 
16.9981 -15.9012 0.337175 0 0 0 0.13844 13 631 1 0 1 
-18.0479 -14.304 0.325379 0 0 0 0.140597 13 632 1 0 1 
21.03 22.3642 0.352022 0 0 0 0.136721 13 633 1 0 1 
27.1326 2.65109 0.306143 0 0 0 0.142181 13 634 1 0 1 
17.5442 1.14559 0.315204 0 0 0 0.142385 13 635 1 0 1 
1.55139 -0.454859 0.321875 0 0 0 0.140455 13 636 1 0 1 
4.03447 -2.27429 0.351439 0 0 0 0.13379 13 637 1 0 1 
-4.83526 -9.50722 0.346364 0 0 0 0.136222 13 638 1 0 1 
-31.5198 0.634707 0.332392 0 0 0 0.137005 13 639 1 0 1 
-25.1178 -9.39504 0.307087 0 0 0 0.142083 13 640 1 0 1 
-8.97583 -9.05059 0.396546 0 0 0 0.12948 13 641 1 0 1 
11.1902 7.86575 0.309565 0 0 0 0.143742 13 642 1 0 1 
11.2766 19.2259 0.36697 0 0 0 0.132625 13 643 1 0 1 
12.6651 33.4345 0.316763 0 0 0 0.141416 13 644 1 0 1 
27.3572 14.8363 0.327103 0 0 0 0.139964 13 645 1 0 1 
20.569 -4.84204 0.311009 0 0 0 0.142014 13 646 1 0 1 
3.22205 -12.8454 0.328482 0 0 0 0.138198 13 647 1 0 1 
-13.3226 -10.1653 0.324812 0 0 0 0.140232 13 648 1 0 1 
-12.1454 16.8956 0.325679 0 0 0 0.138992 13 649 1 0 1 
-1.7433 -10.9507 0.336488 0 0 0 0.136218 13 650 1 0 1 
-17.2607 5.12837 0.308203 0 0 0 0.142517 13 651 1 0 1 
-35.5 10.0628 0.335045 0 0 0 0.137201 13 652 1 0 1 
-7.15718 -14.7147 0.31433 0 0 0 0.141574 13 653 1 0 1 
-27.7953 13.6085 0.345067 0 0 0 0.135426 13 654 1 0 1 
5.72035 -2.57375 0.280163 0 0 0 0.149075 13 655 1 0 1 
-16.7784 -1.13789 0.333824 0 0 0 0.138903 13 656 1 0 1 
24.0336 -19.9357 0.295623 0 0 0 0.145221 13 657 1 0 1 
2.3242 4.9819 0.386489 0 0 0 0.129757 13 658 1 0 1 
16.7797 31.4539 0.302305 0 0 0 0.143558 13 659 1 0 1 
1.74726 -14.4021 0.349344 0 0 0 0.136017 13 660 1 0 1 
0.696884 -26.5636 0.273008 0 0 0 0.150756 13 661 1 0 1 
-10.519 -6.73749 0.323849 0 0 0 0.137975 13 662 1 0 1 
13.9755 0.157388 0.320053 0 0 0 0.141179 13 663 1 0 1 
-17.326 -33.8351 0.349682 0 0 0 0.133154 13 664 1 0 1 
12.5446 3.16371 0.336753 0 0 0 0.138215 13 665 1 0 1 
2.94387 14.4812 0.315045 0 0 0 0.140614 13 666 1 0 1 
-22.556 -1.19817 0.301672 0 0 0 0.143365 13 667 1 0 1 
-9.86217 -15.9477 0.27999 0 0 0 0.148652 13 668 1 0 1 
0.91318 -15.3084 0.316907 0 0 0 0.137441 13 669 1 0 1 
-43.5977 5.23207 0.312856 0 0 0 0.141507 13 670 1 0 1 
-8.9428 8.02106 0.311784 0 0 0 0.141269 13 671 1 0 1 
6.69209 -17.5307 0.315866 0 0 0 0.140146 13 672 1 0 1 
-24.695 17.0274 0.341283 0 0 0 0.137117 13 673 1 0 1 
32.5889 -16.8049 0.341613 0 0 0 0.135311 13 674 1 0 1 
-6.22035 -18.7355 0.334471 0 0 0 0.13811 13 675 1 0 1 
-2.30249 17.668 0.26499 0 0 0 0.152861 13 676 1 0 1 
-19.5454 -6.90595 0.345488 0 0 0 0.136013 13 677 1 0 1 
-15.1052 -2.22297 0.292139 0 0 0 0.14657 13 678 1 0 1 
12.7088 4.68105 0.345478 0 0 0 0.136171 13 679 1 0 1 
13.6316 3.764 0.325233 0 0 0 0.139928 13 680 1 0 1 
-36.4542 12.0102 0.370094 0 0 0 0.132681 13 681 1 0 1 
3.72765 -3.90849 0.319848 0 0 0 0.139056 13 682 1 0 1 
6.87761 -24.0558 0.337444 0 0 0 0.137549 13 683 1 0 1 
-5.16542 6.27332 0.311886 0 0 0 0.141806 13 684 1 0 1 
6.20388 9.54794 0.340367 0 0 0 0.135144 13 685 1 0 1 
-3.6583 -6.30264 0.332107 0 0 0 0.135198 13 686 1 0 1 
11.2219 3.00046 0.316126 0 0 0 0.141191 13 687 1 0 1 
2.7732 11.9678 0.334997 0 0 0 0.136765 13 688 1 0 1 
-0.0757865 7.44841 0.302666 0 0 0 0.143805 13 689 1 0 1 
28.7551 9.56415 0.338991 0 0 0 0.136409 13 690 1 0 1 
-1.16571 -13.5012 0.328525 0 0 0 0.138722 13 691 1 0 1 
-20.2801 1.01449 0.320071 0 0 0 0.140818 13 692 1 0 1 
-17.0438 -15.0863 0.335516 0 0 0 0.137363 13 693 1 0 1 
29.5005 1.41309 0.326019 0 0 0 0.139426 13 694 1 0 1 
15.4597 -2.54972 0.318794 0 0 0 0.141494 13 695 1 0 1 
-2.50627 2.58495 0.338138 0 0 0 0.136023 13 696 1 0 1 
-18.2263 -30.3527 0.322467 0 0 0 0.140286 13 697 1 0 1 
16.516 4.74072 0.322055 0 0 0 0.13922 13 698 1 0 1 
0.110867 -7.85478 0.363589 0 0 0 0.132797 13 699 1 0 1 
8.50024 16.7123 0.429277 0 0 0 0.126154 13 700 1 0 1 
14.3275 22.8763 0.349063 0 0 0 0.134009 13 701 1 0 1 
2.60841 11.4074 0.349581 0 0 0 0.135476 13 702 1 0 1 
0.109687 7.86062 0.331134 0 0 0 0.137648 13 703 1 0 1 
-16.6899 -11.4698 0.336652 0 0 0 0.135584 13 704 1 0 1 
-16.1374 19.7332 0.314777 0 0 0 0.140079 13 705 1 0 1 
-4.37798 6.40901 0.357553 0 0 0 0.133665 13 706 1 0 1 
8.52236 -4.27603 0.301018 0 0 0 0.145407 13 707 1 0 1 
13.2021 25.7581 0.303497 0 0 0 0.14361 13 708 1 0 1 
-4.48918 -9.60601 0.317367 0 0 0 0.137459 13 709 1 0 1 
1.43146 -15.4673 0.267398 0 0 0 0.153501 13 710 1 0 1 
-8.36443 -6.95655 0.31266 0 0 0 0.144049 13 711 1 0 1 
15.239 7.34903 0.312305 0 0 0 0.142129 13 712 1 0 1 
-34.2259 4.99391 0.321646 0 0 0 0.138976 13 713 1 0 1 
4.31631 -17.9872 0.293951 0 0 0 0.145691 13 714 1 0 1 
-26.5388 19.5604 0.371026 0 0 0 0.13155 13 715 1 0 1 
-17.1793 -19.0549 0.297348 0 0 0 0.144931 13 716 1 0 1 
12.8886 5.23323 0.301252 0 0 0 0.143472 13 717 1 0 1 
0.135829 -7.44017 0.387287 0 0 0 0.130865 13 718 1 0 1 
20.6835 -21.2328 0.313787 0 0 0 0.142092 13 719 1 0 1 
-14.9081 -20.498 0.337443 0 0 0 0.13904 13 720 1 0 1 
10.317 13.3426 0.323838 0 0 0 0.140318 13 721 1 0 1 
-18.5623 29.0513 0.325812 0 0 0 0.138736 13 722 1 0 1 
-3.54527 -35.0036 0.321878 0 0 0 0.139644 13 723 1 0 1 
34.2047 -4.92607 0.283692 0 0 0 0.141541 13 724 1 0 1 
14.5003 3.62568 0.329165 0 0 0 0.141065 13 725 1 0 1 
0.754906 8.5783 0.307652 0 0 0 0.142559 13 726 1 0 1 
3.16015 14.4189 0.348511 0 0 0 0.134833 13 727 1 0 1 
-12.2246 3.28964 0.332748 0 0 0 0.138226 13 728 1 0 1 
-27.3751 17.2498 0.34549 0 0 0 0.13585 13 729 1 0 1 
-13.3913 20.6999 0.291127 0 0 0 0.146346 13 730 1 0 1 
-21.2733 24.604 0.350933 0 0 0 0.134512 13 731 1 0 1 
-7.73997 -15.5092 0.315665 0 0 0 0.139492 13 732 1 0 1 
10.805 -16.0545 0.339552 0 0 0 0.137616 13 733 1 0 1 
-18.2962 -16.8024 0.313944 0 0 0 0.141864 13 734 1 0 1 
-3.19046 5.76619 0.324862 0 0 0 0.139561 13 735 1 0 1 
-4.17042 4.18517 0.312167 0 0 0 0.143304 13 736 1 0 1 
3.4958 0.275889 0.305026 0 0 0 0.143136 13 737 1 0 1 
10.0467 8.40915 0.360929 0 0 0 0.132215 13 738 1 0 1 
21.5448 -11.4876 0.30114 0 0 0 0.142436 13 739 1 0 1 
1.71297 -3.50141 0.336646 0 0 0 0.135693 13 740 1 0 1 
13.1975 -5.36915 0.357208 0 0 0 0.133108 13 741 1 0 1 
12.1402 10.0629 0.322937 0 0 0 0.138221 13 742 1 0 1 
4.77072 5.53706 0.296544 0 0 0 0.145917 13 743 1 0 1 
-4.6389 3.0954 0.333824 0 0 0 0.136984 13 744 1 0 1 
18.2056 -6.56759 0.258071 0 0 0 0.150524 13 745 1 0 1 
0.601562 -32.7602 0.329199 0 0 0 0.137394 13 746 1 0 1 
-13.4542 -14.5579 0.285454 0 0 0 0.148176 13 747 1 0 1 
-1.50301 2.65724 0.328915 0 0 0 0.13741 13 748 1 0 1 
5.01849 -1.84683 0.352197 0 0 0 0.132666 13 749 1 0 1 
-5.28319 -20.1118 0.333796 0 0 0 0.138185 13 750 1 0 1 
20.0015 -2.48439 0.319653 0 0 0 0.138915 13 751 1 0 1 
-3.46681 7.83634 0.334139 0 0 0 0.138612 13 752 1 0 1 
-13.5358 -3.99169 0.349698 0 0 0 0.136112 13 753 1 0 1 
6.61023 13.3493 0.284872 0 0 0 0.146966 13 754 1 0 1 
-5.32469 18.7355 0.396913 0 0 0 0.12875 13 755 1 0 1 
-5.08906 -3.67662 0.314085 0 0 0 0.141334 13 756 1 0 1 
-5.07968 -5.50196 0.344066 0 0 0 0.136682 13 757 1 0 1 
-8.60004 4.18379 0.346314 0 0 0 0.134584 13 758 1 0 1 
-1.31472 -28.9675 0.284316 0 0 0 0.148591 13 759 1 0 1 
14.5385 -5.86098 0.327437 0 0 0 0.139151 13 760 1 0 1 
-10.7182 -16.2428 0.365741 0 0 0 0.131975 13 761 1 0 1 
-25.2642 -17.584 0.281008 0 0 0 0.148128 13 762 1 0 1 
-11.8726 1.45531 0.343931 0 0 0 0.137125 13 763 1 0 1 
-15.4363 2.61877 0.32164 0 0 0 0.139975 13 764 1 0 1 
-8.14036 -22.3443 0.344894 0 0 0 0.135538 13 765 1 0 1 
18.8488 -3.39887 0.323338 0 0 0 0.13977 13 766 1 0 1 
7.96709 -9.72425 0.351653 0 0 0 0.132186 13 767 1 0 1 
-17.3815 16.639 0.288874 0 0 0 0.14648 13 768 1 0 1 
20.8995 1.83132 0.33373 0 0 0 0.138563 13 769 1 0 1 
-15.8817 -28.3891 0.387252 0 0 0 0.129173 13 770 1 0 1 
-11.1307 8.681 0.328723 0 0 0 0.139011 13 771 1 0 1 
-12.6271 -11.0129 0.338945 0 0 0 0.138312 13 772 1 0 1 
6.17243 29.2319 0.347939 0 0 0 0.13518 13 773 1 0 1 
16.5342 -1.29426 0.322756 0 0 0 0.140183 13 774 1 0 1 
15.162 -2.06567 0.345213 0 0 0 0.135809 13 775 1 0 1 
-11.3903 -3.79961 0.336479 0 0 0 0.138693 13 776 1 0 1 
4.64015 -0.310809 0.339315 0 0 0 0.135941 13 777 1 0 1 
-11.1879 3.47793 0.310213 0 0 0 0.142136 13 778 1 0 1 
-24.4323 -1.60039 0.33087 0 0 0 0.136546 13 779 1 0 1 
5.50981 4.42181 0.303073 0 0 0 0.141979 13 780 1 0 1 
-11.9743 -2.75786 0.320326 0 0 0 0.139696 13 781 1 0 1 
-10.8745 0.821264 0.318597 0 0 0 0.140925 13 782 1 0 1 
-9.98904 27.7005 0.322923 0 0 0 0.139936 13 783 1 0 1 
32.8563 3.15933 0.32359 0 0 0 0.139985 13 784 1 0 1 
-8.2623 -8.21002 0.338752 0 0 0 0.13813 13 785 1 0 1 
-1.20271 13.9859 0.337959 0 0 0 0.138438 13 786 1 0 1 
-6.56687 -6.84445 0.302797 0 0 0 0.143295 13 787 1 0 1 
9.66235 4.75168 0.35367 0 0 0 0.135188 13 788 1 0 1 
15.9202 -2.38639 0.28541 0 0 0 0.144426 13 789 1 0 1 
1.55916 8.43975 0.354466 0 0 0 0.132287 13 790 1 0 1 
4.55099 -2.9608 0.351471 0 0 0 0.135312 13 791 1 0 1 
-4.01552 -7.70314 0.330798 0 0 0 0.137825 13 792 1 0 1 
-0.128503 3.73407 0.368522 0 0 0 0.131331 13 793 1 0 1 
-23.7365 3.72686 0.292372 0 0 0 0.141002 13 794 1 0 1 
30.0709 26.9992 0.331447 0 0 0 0.137702 13 795 1 0 1 
14.201 -23.1239 0.322323 0 0 0 0.14044 13 796 1 0 1 
13.6616 -5.08591 0.318931 0 0 0 0.140538 13 797 1 0 1 
2.86826 -2.85098 0.308673 0 0 0 0.141199 13 798 1 0 1 
-2.25015 -9.19299 0.326191 0 0 0 0.139518 13 799 1 0 1 
19.7455 -19.5651 0.261482 0 0 0 0.156095 13 800 1 0 1 
14.3565 -7.17666 0.301296 0 0 0 0.142697 13 801 1 0 1 
24.8807 -18.406 0.325072 0 0 0 0.139378 13 802 1 0 1 
11.5161 -19.4186 0.347106 0 0 0 0.134196 13 803 1 0 1 
-7.00704 3.96548 0.329788 0 0 0 0.138754 13 804 1 0 1 
-1.29777 14.4518 0.365955 0 0 0 0.131918 13 805 1 0 1 
-29.7419 13.4226 0.308129 0 0 0 0.142843 13 806 1 0 1 
17.4808 3.94832 0.354033 0 0 0 0.133599 13 807 1 0 1 
43.6916 10.4847 0.353222 0 0 0 0.134917 13 808 1 0 1 
0.694214 12.7752 0.285314 0 0 0 0.148177 13 809 1 0 1 
-12.2819 35.1763 0.324309 0 0 0 0.138464 13 810 1 0 1 
24.9212 -18.2421 0.319813 0 0 0 0.140439 13 811 1 0 1 
6.27639 -20.4299 0.322345 0 0 0 0.138742 13 812 1 0 1 
2.67157 -4.10978 0.289998 0 0 0 0.147239 13 813 1 0 1 
-22.4657 -11.3821 0.279903 0 0 0 0.149209 13 814 1 0 1 
0.690151 -26.2865 0.332416 0 0 0 0.137784 13 815 1 0 1 
2.50402 27.7943 0.347171 0 0 0 0.134999 13 816 1 0 1 
-26.1007 13.0683 0.298042 0 0 0 0.145703 13 817 1 0 1 
8.36109 -18.0791 0.295069 0 0 0 0.144922 13 818 1 0 1 
-7.02176 17.6217 0.29777 0 0 0 0.144862 13 819 1 0 1 
6.63148 7.97096 0.344902 0 0 0 0.13515 13 820 1 0 1 
-5.89364 4.07164 0.313872 0 0 0 0.142596 13 821 1 0 1 
15.5114 30.3404 0.326507 0 0 0 0.139587 13 822 1 0 1 
26.885 -1.7874 0.337303 0 0 0 0.137231 13 823 1 0 1 
-16.6062 6.31379 0.315909 0 0 0 0.14135 13 824 1 0 1 
-23.4197 -5.3837 0.325211 0 0 0 0.139641 13 825 1 0 1 
6.46936 -17.3043 0.329261 0 0 0 0.140027 13 826 1 0 1 
-0.065085 1.70899 0.336917 0 0 0 0.13889 13 827 1 0 1 
-18.5245 3.02052 0.335 0 0 0 0.138673 13 828 1 0 1 
4.36819 0.838848 0.340808 0 0 0 0.138462 13 829 1 0 1 
-4.78227 10.8596 0.264054 0 0 0 0.15348 13 830 1 0 1 
6.67176 14.5427 0.304646 0 0 0 0.142062 13 831 1 0 1 
-1.09998 16.4679 0.304522 0 0 0 0.14152 13 832 1 0 1 
-4.78925 -15.3256 0.297336 0 0 0 0.144635 13 833 1 0 1 
-10.5894 -27.4466 0.32108 0 0 0 0.140458 13 834 1 0 1 
-4.12669 9.57277 0.328245 0 0 0 0.13907 13 835 1 0 1 
12.9486 -18.9544 0.301891 0 0 0 0.144886 13 836 1 0 1 
-3.33375 3.62955 0.332654 0 0 0 0.137787 13 837 1 0 1 
-14.9928 14.2168 0.345397 0 0 0 0.136106 13 838 1 0 1 
-12.2526 11.519 0.360656 0 0 0 0.131736 13 839 1 0 1 
-9.61171 29.3375 0.321519 0 0 0 0.140701 13 840 1 0 1 
15.6494 2.68249 0.320035 0 0 0 0.140638 13 841 1 0 1 
-14.2831 11.1349 0.327599 0 0 0 0.138078 13 842 1 0 1 
-10.1774 5.6664 0.313854 0 0 0 0.142327 13 843 1 0 1 
29.5187 8.70258 0.351712 0 0 0 0.136214 13 844 1 0 1 
23.0597 38.4218 0.341019 0 0 0 0.137008 13 845 1 0 1 
2.83092 -4.28315 0.346259 0 0 0 0.134828 13 846 1 0 1 
-31.4529 -23.0436 0.310535 0 0 0 0.140982 13 847 1 0 1 
22.4291 -26.5123 0.306463 0 0 0 0.142649 13 848 1 0 1 
-12.6149 -39.5022 0.317442 0 0 0 0.140188 13 849 1 0 1 
7.66113 -8.10339 0.287255 0 0 0 0.146832 13 850 1 0 1 
-1.24473 19.5196 0.347082 0 0 0 0.134714 13 851 1 0 1 
10.8279 -27.1798 0.324258 0 0 0 0.138756 13 852 1 0 1 
2.70256 -13.4466 0.278233 0 0 0 0.147964 13 853 1 0 1 
11.561 -19.4427 0.341778 0 0 0 0.136499 13 854 1 0 1 
3.2801 17.5592 0.322035 0 0 0 0.141623 13 855 1 0 1 
4.01037 -24.6271 0.321344 0 0 0 0.134987 13 856 1 0 1 
-9.17399 -0.00288484 0.32882 0 0 0 0.13977 13 857 1 0 1 
-5.90768 23.1947 0.293669 0 0 0 0.144911 13 858 1 0 1 
0.387024 46.8796 0.269522 0 0 0 0.152054 13 859 1 0 1 
-1.4173 3.12046 0.184116 0 0 0 0.134031 13 860 1 0 1 
-3.28013 12.2416 0.378479 0 0 0 0.131332 13 861 1 0 1 
-1.47689 17.2642 0.298215 0 0 0 0.145871 13 862 1 0 1 
7.66083 3.67894 0.377857 0 0 0 0.130951 13 863 1 0 1 
-1.02269 2.44756 0.349084 0 0 0 0.135958 13 864 1 0 1 
-0.17163 10.8251 0.307529 0 0 0 0.142489 13 865 1 0 1 
-24.8003 -8.22473 0.323573 0 0 0 0.139202 13 866 1 0 1 
9.5009 -28.3375 0.365472 0 0 0 0.129831 13 867 1 0 1 
2.64669 -16.7148 0.345964 0 0 0 0.135563 13 868 1 0 1 
4.52089 -7.99574 0.288818 0 0 0 0.147897 13 869 1 0 1 
2.59069 -8.69009 0.360965 0 0 0 0.133644 13 870 1 0 1 
1.25581 -27.4608 0.346911 0 0 0 0.135606 13 871 1 0 1 
9.18106 -15.2416 0.288263 0 0 0 0.147463 13 872 1 0 1 
10.9504 -8.69708 0.349669 0 0 0 0.135455 13 873 1 0 1 
-17.4583 -11.5877 0.302978 0 0 0 0.143846 13 874 1 0 1 
-19.9583 -13.4525 0.302831 0 0 0 0.141613 13 875 1 0 1 
-5.92152 15.2404 0.362235 0 0 0 0.132307 13 876 1 0 1 
-4.07509 2.37045 0.302614 0 0 0 0.143528 13 877 1 0 1 
14.081 48.7642 0.299144 0 0 0 0.14553 13 878 1 0 1 
14.9332 -23.7142 0.316675 0 0 0 0.141525 13 879 1 0 1 
-13.2979 17.2168 0.339999 0 0 0 0.138444 13 880 1 0 1 
-2.46617 -1.29243 0.358165 0 0 0 0.13357 13 881 1 0 1 
13.4533 2.71746 0.321382 0 0 0 0.140364 13 882 1 0 1 
19.612 -7.23519 0.321832 0 0 0 0.13896 13 883 1 0 1 
3.52261 -5.83509 0.342092 0 0 0 0.13569 13 884 1 0 1 
-11.2203 -5.00267 0.364383 0 0 0 0.132531 13 885 1 0 1 
31.2114 11.923 0.287059 0 0 0 0.147193 13 886 1 0 1 
19.7652 -9.44842 0.296052 0 0 0 0.14563 13 887 1 0 1 
-19.1764 7.46016 0.329055 0 0 0 0.138556 13 888 1 0 1 
6.52705 11.0677 0.30496 0 0 0 0.143205 13 889 1 0 1 
-1.95694 0.365468 0.311448 0 0 0 0.141799 13 890 1 0 1 
-12.4713 7.52113 0.307886 0 0 0 0.142585 13 891 1 0 1 
5.59111 -4.00391 0.32243 0 0 0 0.137645 13 892 1 0 1 
10.3247 17.4563 0.347979 0 0 0 0.136108 13 893 1 0 1 
1.28257 -10.8047 0.378061 0 0 0 0.130806 13 894 1 0 1 
4.16286 -0.281339 0.324046 0 0 0 0.138736 13 895 1 0 1 
-12.2095 -28.1387 0.299253 0 0 0 0.140687 13 896 1 0 1 
-16.5204 -13.378 0.349164 0 0 0 0.135251 13 897 1 0 1 
-4.8772 -28.6663 0.301023 0 0 0 0.144818 13 898 1 0 1 
8.89868 16.7867 0.342706 0 0 0 0.134084 13 899 1 0 1 
19.2699 -22.6181 0.322103 0 0 0 0.141793 13 900 1 0 1 
47.987 -28.2036 0.300641 0 0 0 0.14457 13 901 1 0 1 
-2.93798 4.49611 0.319597 0 0 0 0.141423 13 902 1 0 1 
6.82974 -3.32483 0.331441 0 0 0 0.139024 13 903 1 0 1 
-21.6619 -7.70978 0.356533 0 0 0 0.135121 13 904 1 0 1 
20.6017 -12.7351 0.313376 0 0 0 0.140537 13 905 1 0 1 
24.4358 -4.10726 0.376561 0 0 0 0.131398 13 906 1 0 1 
-16.6253 -2.51585 0.357408 0 0 0 0.133289 13 907 1 0 1 
-10.6123 5.94999 0.323945 0 0 0 0.139293 13 908 1 0 1 
-0.479724 -10.0457 0.350914 0 0 0 0.134422 13 909 1 0 1 
-11.3962 5.34915 0.345618 0 0 0 0.137273 13 910 1 0 1 
-13.6324 -4.77109 0.284785 0 0 0 0.147265 13 911 1 0 1 
-10.5311 38.3248 0.322548 0 0 0 0.140079 13 912 1 0 1 
28.5065 -18.5527 0.296705 0 0 0 0.145051 13 913 1 0 1 
-1.17833 -17.9479 0.302621 0 0 0 0.142764 13 914 1 0 1 
1.12231 -0.963692 0.314764 0 0 0 0.141703 13 915 1 0 1 
-19.2219 -13.2768 0.365615 0 0 0 0.133261 13 916 1 0 1 
-15.5774 9.95281 0.325451 0 0 0 0.137092 13 917 1 0 1 
3.2206 -18.4607 0.280626 0 0 0 0.148388 13 918 1 0 1 
0.330062 0.894203 0.324459 0 0 0 0.139893 13 919 1 0 1 
-12.226 -12.0599 0.300579 0 0 0 0.14505 13 920 1 0 1 
0.966141 7.88515 0.343204 0 0 0 0.136987 13 921 1 0 1 
8.31671 33.5848 0.292646 0 0 0 0.144685 13 922 1 0 1 
-18.2981 7.72323 0.303586 0 0 0 0.143094 13 923 1 0 1 
-11.0435 -14.3501 0.309867 0 0 0 0.141444 13 924 1 0 1 
-1.82545 -5.26872 0.337921 0 0 0 0.136918 13 925 1 0 1 
-12.8898 11.5909 0.35973 0 0 0 0.133515 13 926 1 0 1 
3.99372 14.1192 0.338994 0 0 0 0.137111 13 927 1 0 1 
-8.08845 9.00469 0.273724 0 0 0 0.150437 13 928 1 0 1 
26.6462 -8.03461 0.304765 0 0 0 0.143487 13 929 1 0 1 
6.83779 -1.47091 0.411266 0 0 0 0.127113 13 930 1 0 1 
-13.5866 -8.09317 0.353859 0 0 0 0.131798 13 931 1 0 1 
6.43894 -16.0632 0.316046 0 0 0 0.141893 13 932 1 0 1 
-28.147 10.4593 0.310446 0 0 0 0.142642 13 933 1 0 1 
11.9039 23.3071 0.313272 0 0 0 0.142007 13 934 1 0 1 
13.0443 18.0565 0.354803 0 0 0 0.134066 13 935 1 0 1 
1.92302 -0.319595 0.342229 0 0 0 0.135441 13 936 1 0 1 
-9.92381 -28.9938 0.319612 0 0 0 0.140415 13 937 1 0 1 
5.38494 5.99315 0.348055 0 0 0 0.136297 13 938 1 0 1 
26.8979 26.2826 0.299415 0 0 0 0.146737 13 939 1 0 1 
-2.1239 15.4234 0.305827 0 0 0 0.141492 13 940 1 0 1 
-29.6242 -8.21678 0.289118 0 0 0 0.147262 13 941 1 0 1 
6.37696 13.7546 0.332265 0 0 0 0.13782 13 942 1 0 1 
27.4812 -42.9745 0.349551 0 0 0 0.134345 13 943 1 0 1 
7.33453 -4.88964 0.291783 0 0 0 0.145299 13 944 1 0 1 
-3.70253 -1.78814 0.388618 0 0 0 0.130345 13 945 1 0 1 
37.8678 9.37086 0.303144 0 0 0 0.144227 13 946 1 0 1 
-5.05071 -35.085 0.301427 0 0 0 0.142485 13 947 1 0 1 
2.82001 -6.08855 0.288654 0 0 0 0.146719 13 948 1 0 1 
7.14488 13.7934 0.286364 0 0 0 0.147432 13 949 1 0 1 
-8.83981 -15.8869 0.334992 0 0 0 0.13629 13 950 1 0 1 
-0.464378 -5.78412 0.323153 0 0 0 0.139543 13 951 1 0 1 
11.0135 2.95585 0.37549 0 0 0 0.130099 13 952 1 0 1 
-3.15527 -2.67535 0.331677 0 0 0 0.138902 13 953 1 0 1 
18.1794 9.6349 0.327076 0 0 0 0.1402 13 954 1 0 1 
2.53161 -11.6435 0.320822 0 0 0 0.13982 13 955 1 0 1 
20.7878 -7.29978 0.356787 0 0 0 0.133588 13 956 1 0 1 
4.83679 5.81803 0.312893 0 0 0 0.142291 13 957 1 0 1 
27.3011 5.59533 0.325143 0 0 0 0.139677 13 958 1 0 1 
9.78348 -9.47953 0.402028 0 0 0 0.125401 13 959 1 0 1 
4.71413 9.47897 0.278002 0 0 0 0.149472 13 960 1 0 1 
19.1245 18.3839 0.410873 0 0 0 0.127068 13 961 1 0 1 
-18.0249 -31.3441 0.350723 0 0 0 0.135391 13 962 1 0 1 
-4.24631 19.1421 0.324508 0 0 0 0.140597 13 963 1 0 1 
-2.29489 0.022573 0.303411 0 0 0 0.143054 13 964 1 0 1 
-7.65856 15.2812 0.304452 0 0 0 0.143815 13 965 1 0 1 
11.8235 1.25474 0.310199 0 0 0 0.144328 13 966 1 0 1 
-23.2261 10.1498 0.306406 0 0 0 0.143591 13 967 1 0 1 
-24.6616 -10.5515 0.290557 0 0 0 0.147009 13 968 1 0 1 
35.3908 11.6569 0.318795 0 0 0 0.140196 13 969 1 0 1 
-10.3585 -5.31001 0.331362 0 0 0 0.138353 13 970 1 0 1 
2.67419 6.44745 0.316516 0 0 0 0.141316 13 971 1 0 1 
10.1968 19.1405 0.300273 0 0 0 0.143437 13 972 1 0 1 
1.97896 -31.5155 0.328764 0 0 0 0.13904 13 973 1 0 1 
-24.6624 9.37992 0.321767 0 0 0 0.140861 13 974 1 0 1 
-11.5668 -4.05365 0.366413 0 0 0 0.130496 13 975 1 0 1 
-10.3512 -8.51632 0.323994 0 0 0 0.141043 13 976 1 0 1 
-5.12225 -9.18138 0.369809 0 0 0 0.130995 13 977 1 0 1 
11.2801 -9.89926 0.335941 0 0 0 0.137074 13 978 1 0 1 
3.83675 -17.7098 0.29866 0 0 0 0.145679 13 979 1 0 1 
13.8642 15.1473 0.325614 0 0 0 0.139515 13 980 1 0 1 
25.7259 0.229889 0.349685 0 0 0 0.134909 13 981 1 0 1 
-18.7953 13.5054 0.301856 0 0 0 0.143953 13 982 1 0 1 
4.53381 7.5998 0.379231 0 0 0 0.130215 13 983 1 0 1 
-14.4016 -18.4517 0.302828 0 0 0 0.144404 13 984 1 0 1 
6.84349 -5.77526 0.365596 0 0 0 0.130419 13 985 1 0 1 
7.14219 -8.6655 0.335246 0 0 0 0.136393 13 986 1 0 1 
27.1892 -10.8843 0.319854 0 0 0 0.139706 13 987 1 0 1 
2.27958 17.8268 0.304967 0 0 0 0.143746 13 988 1 0 1 
-4.47654 10.3228 0.336993 0 0 0 0.13768 13 989 1 0 1 
-15.3801 4.21567 0.32844 0 0 0 0.137767 13 990 1 0 1 
16.0646 -21.3779 0.329594 0 0 0 0.138454 13 991 1 0 1 
-10.3239 -17.2308 0.350364 0 0 0 0.134288 13 992 1 0 1 
3.90323 10.2046 0.286672 0 0 0 0.147057 13 993 1 0 1 
7.10518 -2.936 0.354478 0 0 0 0.134635 13 994 1 0 1 
-18.8255 -2.84996 0.332639 0 0 0 0.139926 13 995 1 0 1 
-19.8658 -1.16435 0.344329 0 0 0 0.137056 13 996 1 0 1 
9.43747 -8.23359 0.31277 0 0 0 0.142919 13 997 1 0 1 
-28.7201 3.42777 0.326745 0 0 0 0.138215 13 998 1 0 1 
-9.93135 -9.42649 0.300034 0 0 0 0.14449 13 999 1 0 1 
-6.88379 17.08 0.356677 0 0 0 0.134417 13 1000 1 0 1 
-30.8114 3.48677 0.317514 0 0 0 0.138077 13 1001 1 0 1 
29.962 -15.8828 0.297207 0 0 0 0.146307 13 1002 1 0 1 
-0.927868 0.188294 0.341513 0 0 0 0.137822 13 1003 1 0 1 
-0.0797095 4.76018 0.355703 0 0 0 0.135184 13 1004 1 0 1 
7.84118 -0.271668 0.289622 0 0 0 0.146124 13 1005 1 0 1 
-5.82957 -1.41143 0.321741 0 0 0 0.141159 13 1006 1 0 1 
7.67018 5.78616 0.35234 0 0 0 0.132969 13 1007 1 0 1 
18.2012 -3.39948 0.31045 0 0 0 0.142519 13 1008 1 0 1 
-12.2096 3.71468 0.308002 0 0 0 0.143141 13 1009 1 0 1 
-9.12701 -21.3621 0.361221 0 0 0 0.13294 13 1010 1 0 1 
-17.4937 -16.0952 0.304476 0 0 0 0.143118 13 1011 1 0 1 
1.14372 -1.91011 0.287338 0 0 0 0.146745 13 1012 1 0 1 
-23.2516 -19.7318 0.363069 0 0 0 0.132436 13 1013 1 0 1 
-4.14236 1.78161 0.34026 0 0 0 0.137858 13 1014 1 0 1 
-7.61779 14.1569 0.341381 0 0 0 0.135791 13 1015 1 0 1 
1.52254 14.7347 0.331609 0 0 0 0.137974 13 1016 1 0 1 
11.4122 9.65532 0.280595 0 0 0 0.149283 13 1017 1 0 1 
-6.0714 6.58171 0.30755 0 0 0 0.142421 13 1018 1 0 1 
5.63974 -11.4692 0.358121 0 0 0 0.134789 13 1019 1 0 1 
8.95195 23.1347 0.324726 0 0 0 0.139366 13 1020 1 0 1 
-30.4602 -17.0424 0.296177 0 0 0 0.144607 13 1021 1 0 1 
-14.7972 -16.9278 0.331609 0 0 0 0.13842 13 1022 1 0 1 
14.1684 -21.9068 0.344033 0 0 0 0.136385 13 1023 1 0 1 
8.92867 20.9459 0.259409 0 0 0 0.154645 13 1024 1 0 1 
-13.4759 -17.8796 0.350475 0 0 0 0.134389 13 1025 1 0 1 
32.9365 9.39634 0.314285 0 0 0 0.139451 13 1026 1 0 1 
-0.711105 19.4821 0.319411 0 0 0 0.139217 13 1027 1 0 1 
29.889 8.11253 0.35124 0 0 0 0.134314 13 1028 1 0 1 
28.62 1.14136 0.341879 0 0 0 0.136198 13 1029 1 0 1 
2.77435 -20.5168 0.29549 0 0 0 0.145949 13 1030 1 0 1 
-14.4001 19.306 0.319657 0 0 0 0.140235 13 1031 1 0 1 
9.35224 19.1102 0.349138 0 0 0 0.135931 13 1032 1 0 1 
0.0126089 -1.97925 0.302297 0 0 0 0.14441 13 1033 1 0 1 
-17.872 3.95899 0.300397 0 0 0 0.142782 13 1034 1 0 1 
-24.7965 2.73944 0.336684 0 0 0 0.136934 13 1035 1 0 1 
-6.06733 -4.87247 0.306582 0 0 0 0.143279 13 1036 1 0 1 
7.11816 -28.9626 0.344355 0 0 0 0.135945 13 1037 1 0 1 
1.81541 -9.17693 0.319209 0 0 0 0.141723 13 1038 1 0 1 
-7.42528 29.9663 0.316791 0 0 0 0.140393 13 1039 1 0 1 
25.0871 13.0709 0.346971 0 0 0 0.133395 13 1040 1 0 1 
18.7087 -8.51331 0.304122 0 0 0 0.143652 13 1041 1 0 1 
3.78432 -0.980782 0.347909 0 0 0 0.133975 13 1042 1 0 1 
11.596 20.8898 0.346601 0 0 0 0.136791 13 1043 1 0 1 
0.0631441 -12.3272 0.339865 0 0 0 0.134877 13 1044 1 0 1 
24.3567 -13.4365 0.320208 0 0 0 0.139194 13 1045 1 0 1 
-10.7283 22.504 0.317233 0 0 0 0.140777 13 1046 1 0 1 
-20.1601 -11.2074 0.301878 0 0 0 0.142698 13 1047 1 0 1 
-12.1533 -22.1321 0.321199 0 0 0 0.138951 13 1048 1 0 1 
-1.4609 -6.10672 0.354436 0 0 0 0.133036 13 1049 1 0 1 
-24.0713 4.14198 0.35675 0 0 0 0.134609 13 1050 1 0 1 
-4.50962 21.0188 0.341659 0 0 0 0.137161 13 1051 1 0 1 
17.642 8.01796 0.321331 0 0 0 0.139005 13 1052 1 0 1 
18.6594 -13.1344 0.314002 0 0 0 0.141363 13 1053 1 0 1 
-6.19668 12.8906 0.38276 0 0 0 0.130243 13 1054 1 0 1 
16.7031 14.709 0.348909 0 0 0 0.13375 13 1055 1 0 1 
18.4428 39.6472 0.331158 0 0 0 0.136877 13 1056 1 0 1 
-12.4394 6.84722 0.345724 0 0 0 0.134237 13 1057 1 0 1 
-11.7829 -4.6672 0.284535 0 0 0 0.147651 13 1058 1 0 1 
-13.7043 13.7514 0.343189 0 0 0 0.134752 13 1059 1 0 1 
6.22644 2.46128 0.35284 0 0 0 0.133306 13 1060 1 0 1 
-8.59365 -4.22663 0.314239 0 0 0 0.141139 13 1061 1 0 1 
-32.6269 4.34126 0.300612 0 0 0 0.14541 13 1062 1 0 1 
-7.16709 -2.17124 0.313197 0 0 0 0.141846 13 1063 1 0 1 
16.7451 4.1325 0.294284 0 0 0 0.145074 13 1064 1 0 1 
0.348217 33.7474 0.357836 0 0 0 0.133759 13 1065 1 0 1 
-37.1602 17.4244 0.315066 0 0 0 0.141714 13 1066 1 0 1 
-8.963 12.6047 0.330284 0 0 0 0.139271 13 1067 1 0 1 
-3.50985 4.87858 0.317238 0 0 0 0.140896 13 1068 1 0 1 
-12.3066 1.39767 0.317621 0 0 0 0.139288 13 1069 1 0 1 
11.3904 15.0619 0.332533 0 0 0 0.139341 13 1070 1 0 1 
0.688766 -6.02449 0.308324 0 0 0 0.14214 13 1071 1 0 1 
18.3284 -3.36192 0.319569 0 0 0 0.141181 13 1072 1 0 1 
4.34332 -26.5235 0.325645 0 0 0 0.139639 13 1073 1 0 1 
40.4841 37.6842 0.288684 0 0 0 0.146156 13 1074 1 0 1 
-9.6944 -16.0044 0.359311 0 0 0 0.132645 13 1075 1 0 1 
-3.5749 25.6739 0.339291 0 0 0 0.137191 13 1076 1 0 1 
-20.53 -29.638 0.299281 0 0 0 0.146257 13 1077 1 0 1 
19.2679 13.4306 0.309961 0 0 0 0.142314 13 1078 1 0 1 
14.0185 -16.166 0.329409 0 0 0 0.139335 13 1079 1 0 1 
-12.3593 2.86469 0.319191 0 0 0 0.138423 13 1080 1 0 1 
-9.94984 -14.8889 0.339811 0 0 0 0.137408 13 1081 1 0 1 
12.0403 -18.4134 0.338664 0 0 0 0.137365 13 1082 1 0 1 
-4.02441 -16.1093 0.264143 0 0 0 0.154588 13 1083 1 0 1 
-1.71881 14.7151 0.308018 0 0 0 0.14188 13 1084 1 0 1 
2.22783 -2.29949 0.303669 0 0 0 0.143383 13 1085 1 0 1 
24.305 13.9547 0.338893 0 0 0 0.13605 13 1086 1 0 1 
-0.643134 0.910416 0.363712 0 0 0 0.132252 13 1087 1 0 1 
-0.111577 3.73505 0.343523 0 0 0 0.136412 13 1088 1 0 1 
2.65278 -11.1057 0.359269 0 0 0 0.134708 13 1089 1 0 1 
-10.2517 14.3845 0.304 0 0 0 0.143487 13 1090 1 0 1 
7.79832 -20.874 0.358391 0 0 0 0.132753 13 1091 1 0 1 
-12.3113 -10.915 0.30766 0 0 0 0.143428 13 1092 1 0 1 
-2.90961 -7.98222 0.308873 0 0 0 0.142864 13 1093 1 0 1 
-0.897859 14.0009 0.332897 0 0 0 0.135208 13 1094 1 0 1 
-6.69052 11.4413 0.34395 0 0 0 0.135522 13 1095 1 0 1 
10.4687 -8.93848 0.336391 0 0 0 0.137946 13 1096 1 0 1 
-19.6037 -6.41715 0.345949 0 0 0 0.134644 13 1097 1 0 1 
-6.20303 21.2081 0.310697 0 0 0 0.14074 13 1098 1 0 1 
-24.9877 -2.18023 0.326196 0 0 0 0.139601 13 1099 1 0 1 
-5.86323 -7.33517 0.295434 0 0 0 0.145674 13 1100 1 0 1 
15.1216 28.5827 0.33146 0 0 0 0.137178 13 1101 1 0 1 
22.5469 2.95593 0.297272 0 0 0 0.145971 13 1102 1 0 1 
-12.0473 33.2673 0.394725 0 0 0 0.12909 13 1103 1 0 1 
1.75325 1.16286 0.347961 0 0 0 0.136482 13 1104 1 0 1 
13.4096 -25.3232 0.321686 0 0 0 0.139801 13 1105 1 0 1 
1.38608 2.50293 0.302454 0 0 0 0.144654 13 1106 1 0 1 
-25.2592 -16.4975 0.305878 0 0 0 0.142613 13 1107 1 0 1 
17.9395 9.39248 0.333445 0 0 0 0.138794 13 1108 1 0 1 
12.9974 -4.19833 0.33664 0 0 0 0.136664 13 1109 1 0 1 
-29.5474 16.4754 0.337998 0 0 0 0.136969 13 1110 1 0 1 
6.55298 7.86823 0.33007 0 0 0 0.139177 13 1111 1 0 1 
9.14355 3.25564 0.332895 0 0 0 0.139399 13 1112 1 0 1 
43.4695 -26.202 0.319346 0 0 0 0.140747 13 1113 1 0 1 
1.9959 -16.3384 0.312111 0 0 0 0.142047 13 1114 1 0 1 
-13.7924 -14.3809 0.332736 0 0 0 0.137047 13 1115 1 0 1 
30.0397 5.37825 0.28187 0 0 0 0.148335 13 1116 1 0 1 
-10.6885 4.13836 0.317731 0 0 0 0.139235 13 1117 1 0 1 
-13.4809 7.92279 0.362686 0 0 0 0.13098 13 1118 1 0 1 
-11.7681 -12.0708 0.34751 0 0 0 0.136354 13 1119 1 0 1 
19.5996 1.31131 0.298165 0 0 0 0.145022 13 1120 1 0 1 
-10.071 14.4813 0.292615 0 0 0 0.14627 13 1121 1 0 1 
-21.881 -6.73388 0.305905 0 0 0 0.14308 13 1122 1 0 1 
-6.69382 23.3465 0.301136 0 0 0 0.144418 13 1123 1 0 1 
21.5264 -15.7301 0.357209 0 0 0 0.133102 13 1124 1 0 1 
3.85809 -13.1642 0.317763 0 0 0 0.142351 13 1125 1 0 1 
3.94187 -3.27749 0.344283 0 0 0 0.13382 13 1126 1 0 1 
5.01877 2.88222 0.357182 0 0 0 0.132957 13 1127 1 0 1 
27.8957 2.97985 0.273993 0 0 0 0.149838 13 1128 1 0 1 
13.9736 1.69934 0.354796 0 0 0 0.134525 13 1129 1 0 1 
23.1136 -18.6588 0.349861 0 0 0 0.135738 13 1130 1 0 1 
-1.08476 17.5163 0.326088 0 0 0 0.137594 13 1131 1 0 1 
15.4315 0.171636 0.326324 0 0 0 0.139778 13 1132 1 0 1 
-8.53043 3.03585 0.330116 0 0 0 0.13757 13 1133 1 0 1 
22.8102 27.2498 0.307899 0 0 0 0.141932 13 1134 1 0 1 
-3.42577 -7.94099 0.341409 0 0 0 0.133203 13 1135 1 0 1 
-6.53467 11.8688 0.319442 0 0 0 0.141127 13 1136 1 0 1 
-17.0341 -1.56744 0.367054 0 0 0 0.130978 13 1137 1 0 1 
31.0833 16.7064 0.30598 0 0 0 0.143359 13 1138 1 0 1 
30.4322 12.6259 0.304364 0 0 0 0.142579 13 1139 1 0 1 
-13.633 8.26282 0.273581 0 0 0 0.150147 13 1140 1 0 1 
-12.8505 -30.1307 0.327902 0 0 0 0.138353 13 1141 1 0 1 
-8.74437 -13.9621 0.324522 0 0 0 0.139249 13 1142 1 0 1 
-4.13681 -18.904 0.296117 0 0 0 0.145016 13 1143 1 0 1 
11.1077 -10.1772 0.33851 0 0 0 0.136591 13 1144 1 0 1 
1.84532 32.6592 0.330992 0 0 0 0.138902 13 1145 1 0 1 
-1.79233 -35.829 0.315678 0 0 0 0.141224 13 1146 1 0 1 
-8.32631 12.9636 0.343238 0 0 0 0.133046 13 1147 1 0 1 
9.3067 -11.8818 0.329391 0 0 0 0.137804 13 1148 1 0 1 
-7.28885 -5.74041 0.30887 0 0 0 0.142502 13 1149 1 0 1 
-5.55629 -18.7663 0.282665 0 0 0 0.1488 13 1150 1 0 1 
21.2316 -5.04063 0.313408 0 0 0 0.143111 13 1151 1 0 1 
4.14232 -1.2577 0.329161 0 0 0 0.138921 13 1152 1 0 1 
19.1699 20.5969 0.334323 0 0 0 0.138047 13 1153 1 0 1 
-31.6195 -2.68541 0.353859 0 0 0 0.135382 13 1154 1 0 1 
16.2661 -2.45531 0.316119 0 0 0 0.139073 13 1155 1 0 1 
32.0661 23.5342 0.328831 0 0 0 0.140406 13 1156 1 0 1 
3.59439 -27.0446 0.331607 0 0 0 0.139003 13 1157 1 0 1 
4.96657 -8.0294 0.309837 0 0 0 0.14175 13 1158 1 0 1 
-5.86892 0.395744 0.338506 0 0 0 0.135866 13 1159 1 0 1 
-12.0587 -15.3404 0.307205 0 0 0 0.142242 13 1160 1 0 1 
23.9313 -8.56915 0.336575 0 0 0 0.136707 13 1161 1 0 1 
2.57952 -3.19601 0.291596 0 0 0 0.146438 13 1162 1 0 1 
15.4006 -8.24602 0.322178 0 0 0 0.131798 13 1163 1 0 1 
-10.5012 -21.3755 0.337861 0 0 0 0.134973 13 1164 1 0 1 
33.6904 -7.4933 0.344421 0 0 0 0.138044 13 1165 1 0 1 
16.5076 3.05114 0.343375 0 0 0 0.13431 13 1166 1 0 1 
7.69164 -9.84291 0.345514 0 0 0 0.135505 13 1167 1 0 1 
-6.56658 -3.01452 0.347369 0 0 0 0.135663 13 1168 1 0 1 
-8.54574 -19.0594 0.310382 0 0 0 0.142533 13 1169 1 0 1 
-1.20738 15.0246 0.324089 0 0 0 0.140015 13 1170 1 0 1 
1.19748 -2.62273 0.271696 0 0 0 0.151055 13 1171 1 0 1 
19.127 -16.7458 0.330094 0 0 0 0.138974 13 1172 1 0 1 
0.714771 -4.41358 0.350535 0 0 0 0.133635 13 1173 1 0 1 
-10.6712 -4.88856 0.316688 0 0 0 0.14031 13 1174 1 0 1 
-9.81198 -9.59544 0.307459 0 0 0 0.144233 13 1175 1 0 1 
-7.70897 -20.1444 0.293632 0 0 0 0.145537 13 1176 1 0 1 
15.7663 -2.14213 0.340091 0 0 0 0.136302 13 1177 1 0 1 
-10.1521 2.56535 0.321018 0 0 0 0.139858 13 1178 1 0 1 
42.7385 3.20965 0.315697 0 0 0 0.140904 13 1179 1 0 1 
-3.31627 -10.7068 0.351935 0 0 0 0.132563 13 1180 1 0 1 
2.04668 -11.8831 0.358121 0 0 0 0.135348 13 1181 1 0 1 
12.9451 -8.8649 0.323164 0 0 0 0.140866 13 1182 1 0 1 
34.2548 -5.90334 0.348084 0 0 0 0.135578 13 1183 1 0 1 
-1.78151 -12.8692 0.308435 0 0 0 0.142709 13 1184 1 0 1 
-14.571 16.6567 0.337299 0 0 0 0.134901 13 1185 1 0 1 
-34.9027 1.59037 0.345554 0 0 0 0.135323 13 1186 1 0 1 
-8.15321 -18.6059 0.317186 0 0 0 0.139552 13 1187 1 0 1 
9.77691 0.620788 0.310114 0 0 0 0.143406 13 1188 1 0 1 
-3.34137 25.2743 0.320956 0 0 0 0.141764 13 1189 1 0 1 
-8.92546 -7.14376 0.363086 0 0 0 0.132202 13 1190 1 0 1 
-3.65392 -8.13367 0.34772 0 0 0 0.13581 13 1191 1 0 1 
2.69032 31.645 0.314997 0 0 0 0.141116 13 1192 1 0 1 
-9.41953 7.25143 0.335871 0 0 0 0.137108 13 1193 1 0 1 
0.645268 20.6131 0.338097 0 0 0 0.13646 13 1194 1 0 1 
-4.12577 -13.2794 0.322385 0 0 0 0.139797 13 1195 1 0 1 
0.932957 -13.8544 0.335703 0 0 0 0.13488 13 1196 1 0 1 
-5.02403 -1.99159 0.349489 0 0 0 0.133559 13 1197 1 0 1 
23.3036 17.9348 0.320713 0 0 0 0.140417 13 1198 1 0 1 
15.6605 3.24412 0.324846 0 0 0 0.140298 13 1199 1 0 1 
-0.815122 4.13477 0.317983 0 0 0 0.141916 13 1200 1 0 1 
11.5666 15.1532 0.327484 0 0 0 0.139 13 1201 1 0 1 
-14.5603 -16.6704 0.321342 0 0 0 0.139835 13 1202 1 0 1 
-3.11802 -23.0147 0.328291 0 0 0 0.139549 13 1203 1 0 1 
-3.24524 -0.166177 0.339413 0 0 0 0.13693 13 1204 1 0 1 
-19.1057 -15.5527 0.340057 0 0 0 0.135895 13 1205 1 0 1 
-5.66499 -7.72601 0.307001 0 0 0 0.143419 13 1206 1 0 1 
4.36699 0.779164 0.325853 0 0 0 0.13996 13 1207 1 0 1 
-17.8188 3.01401 0.294227 0 0 0 0.142904 13 1208 1 0 1 
8.77898 33.6967 0.317474 0 0 0 0.141914 13 1209 1 0 1 
3.60478 -25.5138 0.35644 0 0 0 0.134034 13 1210 1 0 1 
-2.93302 10.5617 0.299366 0 0 0 0.144968 13 1211 1 0 1 
9.72905 -5.98846 0.394167 0 0 0 0.130342 13 1212 1 0 1 
20.8967 28.3652 0.320526 0 0 0 0.141636 13 1213 1 0 1 
25.7595 -12.0014 0.357671 0 0 0 0.133652 13 1214 1 0 1 
-28.6319 16.6392 0.335629 0 0 0 0.136712 13 1215 1 0 1 
-12.3417 -2.22657 0.335266 0 0 0 0.136735 13 1216 1 0 1 
-18.6805 -8.28923 0.314969 0 0 0 0.141486 13 1217 1 0 1 
5.14686 26.2948 0.325645 0 0 0 0.13646 13 1218 1 0 1 
-6.44386 13.0631 0.34559 0 0 0 0.134697 13 1219 1 0 1 
1.79236 21.497 0.309753 0 0 0 0.141536 13 1220 1 0 1 
13.3572 9.90044 0.308563 0 0 0 0.14208 13 1221 1 0 1 
-1.46268 -16.6628 0.366082 0 0 0 0.1331 13 1222 1 0 1 
9.43187 -12.2622 0.302335 0 0 0 0.144146 13 1223 1 0 1 
-20.9268 23.4676 0.355231 0 0 0 0.134888 13 1224 1 0 1 
29.1906 -2.89769 0.324737 0 0 0 0.138886 13 1225 1 0 1 
-1.47682 5.1168 0.346295 0 0 0 0.135368 13 1226 1 0 1 
-5.67161 -6.57705 0.308725 0 0 0 0.142951 13 1227 1 0 1 
-29.4841 20.0453 0.33216 0 0 0 0.139174 13 1228 1 0 1 
-1.6092 10.3496 0.327463 0 0 0 0.138958 13 1229 1 0 1 
-0.663574 -17.3876 0.414653 0 0 0 0.126685 13 1230 1 0 1 
6.83265 -6.4999 0.339882 0 0 0 0.13734 13 1231 1 0 1 
-7.46264 -15.5033 0.289061 0 0 0 0.147283 13 1232 1 0 1 
14.3799 6.00935 0.315716 0 0 0 0.143144 13 1233 1 0 1 
1.57538 -10.4551 0.316834 0 0 0 0.142309 13 1234 1 0 1 
-19.2793 2.16278 0.262421 0 0 0 0.153438 13 1235 1 0 1 
28.4135 -8.99232 0.334916 0 0 0 0.137337 13 1236 1 0 1 
3.15608 -11.1657 0.343165 0 0 0 0.13657 13 1237 1 0 1 
-31.0772 -1.72739 0.313772 0 0 0 0.142416 13 1238 1 0 1 
1.51733 -1.36475 0.274439 0 0 0 0.150255 13 1239 1 0 1 
16.419 5.75105 0.316027 0 0 0 0.142238 13 1240 1 0 1 
2.10423 13.1797 0.263108 0 0 0 0.153472 13 1241 1 0 1 
-15.8495 38.5961 0.315857 0 0 0 0.140912 13 1242 1 0 1 
9.97098 18.7417 0.317403 0 0 0 0.140126 13 1243 1 0 1 
22.0218 -4.62467 0.27952 0 0 0 0.149785 13 1244 1 0 1 
5.54271 -20.3513 0.311934 0 0 0 0.141131 13 1245 1 0 1 
2.24327 -7.61699 0.375985 0 0 0 0.130755 13 1246 1 0 1 
-0.542529 29.4818 0.286708 0 0 0 0.141214 13 1247 1 0 1 
-0.0744512 -13.7227 0.309305 0 0 0 0.141106 13 1248 1 0 1 
16.7786 -4.86107 0.350405 0 0 0 0.135089 13 1249 1 0 1 
-9.68467 -0.519596 0.315708 0 0 0 0.14084 13 1250 1 0 1 
-28.0537 27.4595 0.311224 0 0 0 0.142172 13 1251 1 0 1 
15.7033 -5.74646 0.342398 0 0 0 0.137212 13 1252 1 0 1 
2.79325 24.65 0.321117 0 0 0 0.140479 13 1253 1 0 1 
31.0678 13.1101 0.303733 0 0 0 0.144531 13 1254 1 0 1 
-10.2996 -8.34298 0.303066 0 0 0 0.142774 13 1255 1 0 1 
-0.658746 -8.04489 0.337883 0 0 0 0.137694 13 1256 1 0 1 
-1.33997 12.8691 0.332623 0 0 0 0.139659 13 1257 1 0 1 
4.38291 -4.31968 0.319462 0 0 0 0.141488 13 1258 1 0 1 
13.1235 -25.1493 0.319208 0 0 0 0.138724 13 1259 1 0 1 
-2.55232 -9.04022 0.326502 0 0 0 0.139752 13 1260 1 0 1 
-5.09291 -3.66564 0.388478 0 0 0 0.127609 13 1261 1 0 1 
4.45719 13.7559 0.341744 0 0 0 0.136586 13 1262 1 0 1 
-5.07787 2.98881 0.366209 0 0 0 0.13377 13 1263 1 0 1 
10.4601 -9.18728 0.321068 0 0 0 0.139818 13 1264 1 0 1 
-14.0379 -11.3063 0.398559 0 0 0 0.128119 13 1265 1 0 1 
6.08881 23.0257 0.357424 0 0 0 0.134253 13 1266 1 0 1 
17.2349 -0.981612 0.359744 0 0 0 0.131782 13 1267 1 0 1 
-7.71547 -21.6955 0.330317 0 0 0 0.138022 13 1268 1 0 1 
-6.48839 -6.76792 0.332962 0 0 0 0.13902 13 1269 1 0 1 
-7.7894 -14.1433 0.283378 0 0 0 0.147412 13 1270 1 0 1 
-11.4157 4.94582 0.300853 0 0 0 0.141526 13 1271 1 0 1 
-1.41835 -18.968 0.357091 0 0 0 0.133322 13 1272 1 0 1 
7.77351 -7.94475 0.322668 0 0 0 0.140658 13 1273 1 0 1 
-17.3748 -11.5359 0.284818 0 0 0 0.147451 13 1274 1 0 1 
11.0957 -12.8779 0.304101 0 0 0 0.143595 13 1275 1 0 1 
-24.3323 -3.26063 0.341964 0 0 0 0.136571 13 1276 1 0 1 
-9.77225 -9.54727 0.405694 0 0 0 0.127431 13 1277 1 0 1 
-13.3051 20.1218 0.338338 0 0 0 0.136953 13 1278 1 0 1 
-10.9229 14.0772 0.391407 0 0 0 0.129758 13 1279 1 0 1 
10.934 21.1309 0.284755 0 0 0 0.1483 13 1280 1 0 1 
26.8594 4.2381 0.339452 0 0 0 0.137488 13 1281 1 0 1 
-0.98835 1.59868 0.356491 0 0 0 0.131488 13 1282 1 0 1 
10.5479 3.32283 0.348726 0 0 0 0.133078 13 1283 1 0 1 
-13.5095 -6.51142 0.316529 0 0 0 0.142088 13 1284 1 0 1 
4.13176 8.75522 0.289822 0 0 0 0.146158 13 1285 1 0 1 
-1.32511 -10.9916 0.325526 0 0 0 0.134175 13 1286 1 0 1 
-16.3196 16.4673 0.34214 0 0 0 0.13575 13 1287 1 0 1 
4.68479 26.0478 0.32044 0 0 0 0.141225 13 1288 1 0 1 
-24.2293 28.5968 0.337307 0 0 0 0.134576 13 1289 1 0 1 
12.0159 -19.7439 0.298018 0 0 0 0.144365 13 1290 1 0 1 
2.63728 -3.93562 0.314108 0 0 0 0.140996 13 1291 1 0 1 
-9.50114 -6.36517 0.322335 0 0 0 0.139849 13 1292 1 0 1 
-27.594 9.90791 0.357569 0 0 0 0.135119 13 1293 1 0 1 
14.541 -4.76651 0.321531 0 0 0 0.140344 13 1294 1 0 1 
-9.66139 24.0048 0.308363 0 0 0 0.143453 13 1295 1 0 1 
-2.36552 -9.77652 0.341465 0 0 0 0.135551 13 1296 1 0 1 
-0.571142 21.2707 0.378881 0 0 0 0.131002 13 1297 1 0 1 
0.0135272 9.94182 0.351009 0 0 0 0.134538 13 1298 1 0 1 
-17.4532 -1.95696 0.334204 0 0 0 0.137742 13 1299 1 0 1 
-25.9291 8.1158 0.299625 0 0 0 0.14495 13 1300 1 0 1 
-4.86138 2.10027 0.308709 0 0 0 0.142385 13 1301 1 0 1 
11.4176 -9.76521 0.372654 0 0 0 0.132474 13 1302 1 0 1 
26.6361 -14.162 0.361212 0 0 0 0.132481 13 1303 1 0 1 
3.25942 2.82358 0.303925 0 0 0 0.143395 13 1304 1 0 1 
11.3809 -21.053 0.2804 0 0 0 0.147627 13 1305 1 0 1 
1.15107 11.6796 0.322983 0 0 0 0.138583 13 1306 1 0 1 
-24.8954 -5.81508 0.331412 0 0 0 0.137824 13 1307 1 0 1 
-17.5657 -27.5599 0.30992 0 0 0 0.142677 13 1308 1 0 1 
-10.1376 9.03675 0.318889 0 0 0 0.139733 13 1309 1 0 1 
6.38107 -7.75251 0.334536 0 0 0 0.137278 13 1310 1 0 1 
-30.4518 -4.91455 0.295522 0 0 0 0.145366 13 1311 1 0 1 
6.4281 -16.6681 0.32731 0 0 0 0.138623 13 1312 1 0 1 
0.732425 -9.07516 0.29336 0 0 0 0.147014 13 1313 1 0 1 
13.2981 10.5372 0.339819 0 0 0 0.137177 13 1314 1 0 1 
39.6822 -14.1719 0.281709 0 0 0 0.147713 13 1315 1 0 1 
5.24497 2.47919 0.354338 0 0 0 0.132877 13 1316 1 0 1 
10.5392 -14.5444 0.372049 0 0 0 0.131901 13 1317 1 0 1 
-6.83466 -10.6452 0.388666 0 0 0 0.129646 13 1318 1 0 1 
20.645 -2.14847 0.291648 0 0 0 0.147078 13 1319 1 0 1 
24.7146 -7.35792 0.364229 0 0 0 0.132359 13 1320 1 0 1 
8.00209 -3.03883 0.297797 0 0 0 0.144421 13 1321 1 0 1 
6.30537 -4.09503 0.320681 0 0 0 0.139702 13 1322 1 0 1 
14.3995 15.4159 0.296613 0 0 0 0.145961 13 1323 1 0 1 
4.63208 -7.91068 0.333472 0 0 0 0.137764 13 1324 1 0 1 
0.508032 11.8257 0.353937 0 0 0 0.135303 13 1325 1 0 1 
-24.5799 -4.15309 0.332804 0 0 0 0.140366 13 1326 1 0 1 
7.15227 -19.7473 0.279488 0 0 0 0.14304 13 1327 1 0 1 
-20.1188 10.5442 0.303699 0 0 0 0.143728 13 1328 1 0 1 
27.6082 0.880275 0.340353 0 0 0 0.13461 13 1329 1 0 1 
-13.6911 -7.9001 0.317453 0 0 0 0.141174 13 1330 1 0 1 
10.2036 -17.7225 0.355181 0 0 0 0.133088 13 1331 1 0 1 
7.3133 -16.1794 0.297049 0 0 0 0.145925 13 1332 1 0 1 
43.2769 -1.0435 0.33314 0 0 0 0.137796 13 1333 1 0 1 
7.42007 -9.24573 0.317007 0 0 0 0.141536 13 1334 1 0 1 
6.49247 -14.6828 0.281474 0 0 0 0.147344 13 1335 1 0 1 
-16.1251 8.02349 0.344664 0 0 0 0.137145 13 1336 1 0 1 
-14.8482 -2.04436 0.297679 0 0 0 0.144546 13 1337 1 0 1 
-12.3199 -10.7453 0.299869 0 0 0 0.146205 13 1338 1 0 1 
2.62233 -9.03738 0.312781 0 0 0 0.141278 13 1339 1 0 1 
2.37032 -10.3342 0.343361 0 0 0 0.135999 13 1340 1 0 1 
-6.92825 -24.6846 0.313885 0 0 0 0.142341 13 1341 1 0 1 
5.79992 5.29862 0.35329 0 0 0 0.133922 13 1342 1 0 1 
9.08128 -2.5027 0.312377 0 0 0 0.140832 13 1343 1 0 1 
-22.6956 -8.9862 0.274479 0 0 0 0.148579 13 1344 1 0 1 
-4.42584 -28.7786 0.341257 0 0 0 0.135134 13 1345 1 0 1 
-6.48964 3.25653 0.35205 0 0 0 0.135713 13 1346 1 0 1 
26.7565 -0.636512 0.322847 0 0 0 0.138441 13 1347 1 0 1 
-17.3037 -28.7411 0.377663 0 0 0 0.129718 13 1348 1 0 1 
-30.9663 18.0673 0.294356 0 0 0 0.145334 13 1349 1 0 1 
-3.89353 10.1605 0.318019 0 0 0 0.141605 13 1350 1 0 1 
-15.2764 -1.71423 0.338658 0 0 0 0.137117 13 1351 1 0 1 
10.0042 8.72358 0.317993 0 0 0 0.139493 13 1352 1 0 1 
5.91975 35.4853 0.291831 0 0 0 0.144391 13 1353 1 0 1 
9.45339 -15.8061 0.336095 0 0 0 0.135802 13 1354 1 0 1 
-15.5681 24.3347 0.352828 0 0 0 0.133471 13 1355 1 0 1 
8.84034 6.24653 0.313172 0 0 0 0.139326 13 1356 1 0 1 
-21.5848 -11.8188 0.293672 0 0 0 0.146123 13 1357 1 0 1 
-1.56556 12.8034 0.350397 0 0 0 0.134539 13 1358 1 0 1 
-18.1675 -6.22577 0.350231 0 0 0 0.133313 13 1359 1 0 1 
-10.8747 -28.8867 0.308829 0 0 0 0.142031 13 1360 1 0 1 
16.9712 -1.83717 0.300419 0 0 0 0.146811 13 1361 1 0 1 
-17.6176 14.301 0.303248 0 0 0 0.144694 13 1362 1 0 1 
-26.6185 9.56186 0.322996 0 0 0 0.140413 13 1363 1 0 1 
-10.4843 7.55859 0.298585 0 0 0 0.14525 13 1364 1 0 1 
8.5258 6.71751 0.377244 0 0 0 0.130336 13 1365 1 0 1 
8.72217 -8.51595 0.33364 0 0 0 0.138595 13 1366 1 0 1 
-14.5834 13.8809 0.35777 0 0 0 0.131982 13 1367 1 0 1 
-13.9068 -44.0246 0.285404 0 0 0 0.147481 13 1368 1 0 1 
10.9547 0.690883 0.32258 0 0 0 0.13829 13 1369 1 0 1 
1.6148 16.1174 0.283425 0 0 0 0.149426 13 1370 1 0 1 
-41.4167 -14.1516 0.322926 0 0 0 0.140041 13 1371 1 0 1 
-3.11473 -8.41298 0.321349 0 0 0 0.140945 13 1372 1 0 1 
-7.86289 -8.6658 0.361058 0 0 0 0.133239 13 1373 1 0 1 
-24.7162 8.84999 0.359187 0 0 0 0.132036 13 1374 1 0 1 
-32.5798 6.96038 0.361903 0 0 0 0.132309 13 1375 1 0 1 
0.00442206 -18.8594 0.304672 0 0 0 0.14381 13 1376 1 0 1 
-6.03738 12.9771 0.302557 0 0 0 0.144652 13 1377 1 0 1 
-14.3799 -5.18583 0.319127 0 0 0 0.141465 13 1378 1 0 1 
-29.9707 -21.1195 0.363201 0 0 0 0.131938 13 1379 1 0 1 
13.9324 -24.5856 0.359908 0 0 0 0.131535 13 1380 1 0 1 
9.21124 -3.44241 0.321097 0 0 0 0.140111 13 1381 1 0 1 
6.9848 24.8321 0.247407 0 0 0 0.159388 13 1382 1 0 1 
13.4484 15.4878 0.311229 0 0 0 0.142415 13 1383 1 0 1 
19.4928 3.27398 0.292903 0 0 0 0.145732 13 1384 1 0 1 
-21.1116 4.81049 0.31138 0 0 0 0.141229 13 1385 1 0 1 
3.43642 -32.19 0.346879 0 0 0 0.13541 13 1386 1 0 1 
-15.7554 -19.2524 0.319299 0 0 0 0.141655 13 1387 1 0 1 
-13.9037 4.18545 0.341227 0 0 0 0.135865 13 1388 1 0 1 
-13.4839 20.2281 0.328481 0 0 0 0.138689 13 1389 1 0 1 
-22.1028 -8.44458 0.355879 0 0 0 0.134046 13 1390 1 0 1 
-0.532781 -3.23672 0.311549 0 0 0 0.14177 13 1391 1 0 1 
-8.59058 11.8793 0.295416 0 0 0 0.144864 13 1392 1 0 1 
-9.54981 -2.99572 0.311905 0 0 0 0.142398 13 1393 1 0 1 
-0.372309 -0.37814 0.356856 0 0 0 0.134165 13 1394 1 0 1 
32.649 -19.3106 0.312788 0 0 0 0.141703 13 1395 1 0 1 
-6.28315 15.1973 0.324564 0 0 0 0.140773 13 1396 1 0 1 
16.5142 1.26104 0.29339 0 0 0 0.14555 13 1397 1 0 1 
8.229 1.97272 0.333929 0 0 0 0.136359 13 1398 1 0 1 
-5.31263 -22.6019 0.30943 0 0 0 0.140529 13 1399 1 0 1 
-14.5462 10.5955 0.336863 0 0 0 0.137267 13 1400 1 0 1 
-25.3516 23.2136 0.308903 0 0 0 0.143308 13 1401 1 0 1 
16.8747 15.689 0.304271 0 0 0 0.142979 13 1402 1 0 1 
-16.1762 10.3417 0.337414 0 0 0 0.136426 13 1403 1 0 1 
7.09616 -8.71356 0.276433 0 0 0 0.146853 13 1404 1 0 1 
9.17602 15.6491 0.379102 0 0 0 0.130529 13 1405 1 0 1 
21.6045 20.0055 0.33859 0 0 0 0.136188 13 1406 1 0 1 
1.14313 10.1407 0.307818 0 0 0 0.143431 13 1407 1 0 1 
2.0618 -2.67986 0.302756 0 0 0 0.144386 13 1408 1 0 1 
35.3764 -0.7741 0.322396 0 0 0 0.141687 13 1409 1 0 1 
6.49129 5.12811 0.315176 0 0 0 0.141683 13 1410 1 0 1 
-4.19885 7.5527 0.31814 0 0 0 0.139493 13 1411 1 0 1 
25.8399 15.6613 0.32008 0 0 0 0.139532 13 1412 1 0 1 
12.147 -25.217 0.296972 0 0 0 0.145586 13 1413 1 0 1 
-15.738 2.03263 0.312631 0 0 0 0.140441 13 1414 1 0 1 
18.5525 -7.66031 0.309126 0 0 0 0.142102 13 1415 1 0 1 
-6.87227 -2.88849 0.318056 0 0 0 0.140132 13 1416 1 0 1 
17.4438 30.318 0.330278 0 0 0 0.137893 13 1417 1 0 1 
3.27093 1.89365 0.390796 0 0 0 0.129322 13 1418 1 0 1 
7.96508 -4.35885 0.306044 0 0 0 0.14271 13 1419 1 0 1 
-25.8831 -4.80994 0.354058 0 0 0 0.133547 13 1420 1 0 1 
-7.93537 7.6768 0.307505 0 0 0 0.143018 13 1421 1 0 1 
10.7701 -27.4806 0.296319 0 0 0 0.146682 13 1422 1 0 1 
7.47125 14.0928 0.340209 0 0 0 0.137868 13 1423 1 0 1 
-19.1623 10.1825 0.316569 0 0 0 0.141038 13 1424 1 0 1 
9.77579 -16.8292 0.314647 0 0 0 0.141314 13 1425 1 0 1 
-23.7528 4.08607 0.33035 0 0 0 0.137174 13 1426 1 0 1 
-16.5137 16.9362 0.288286 0 0 0 0.143276 13 1427 1 0 1 
-1.82147 40.729 0.302882 0 0 0 0.142186 13 1428 1 0 1 
8.94583 7.54533 0.311581 0 0 0 0.141666 13 1429 1 0 1 
-20.9223 3.66171 0.327405 0 0 0 0.139295 13 1430 1 0 1 
11.2821 14.0283 0.351252 0 0 0 0.133354 13 1431 1 0 1 
-1.20221 22.6631 0.319177 0 0 0 0.140786 13 1432 1 0 1 
33.4435 5.0007 0.403859 0 0 0 0.1289 13 1433 1 0 1 
-19.5097 -1.45315 0.33787 0 0 0 0.138998 13 1434 1 0 1 
13.9723 19.0129 0.315088 0 0 0 0.140561 13 1435 1 0 1 
3.78048 -22.6075 0.325169 0 0 0 0.140003 13 1436 1 0 1 
-1.51123 -2.64402 0.312431 0 0 0 0.142292 13 1437 1 0 1 
4.66659 13.9716 0.340446 0 0 0 0.135333 13 1438 1 0 1 
5.30576 -8.53463 0.339002 0 0 0 0.137783 13 1439 1 0 1 
11.541 -19.5012 0.346376 0 0 0 0.136025 13 1440 1 0 1 
6.85801 -8.59222 0.280667 0 0 0 0.148295 13 1441 1 0 1 
-31.8722 6.01971 0.317442 0 0 0 0.139241 13 1442 1 0 1 
2.53496 14.9968 0.320917 0 0 0 0.137274 13 1443 1 0 1 
-37.3316 -27.4022 0.30304 0 0 0 0.142808 13 1444 1 0 1 
4.66286 -24.8079 0.327635 0 0 0 0.139016 13 1445 1 0 1 
10.8414 20.6692 0.325153 0 0 0 0.140117 13 1446 1 0 1 
-6.03024 -12.8987 0.333316 0 0 0 0.136883 13 1447 1 0 1 
14.9683 -8.35409 0.356478 0 0 0 0.131637 13 1448 1 0 1 
-1.48855 -14.2975 0.351066 0 0 0 0.134991 13 1449 1 0 1 
-17.6173 -26.0478 0.358621 0 0 0 0.133023 13 1450 1 0 1 
-8.26213 15.4785 0.327888 0 0 0 0.138043 13 1451 1 0 1 
-11.2636 16.6532 0.366167 0 0 0 0.131008 13 1452 1 0 1 
1.7614 18.3419 0.362157 0 0 0 0.133816 13 1453 1 0 1 
-6.18176 16.9929 0.345859 0 0 0 0.135114 13 1454 1 0 1 
-3.73667 -26.444 0.352075 0 0 0 0.132063 13 1455 1 0 1 
24.3224 7.59095 0.326501 0 0 0 0.13819 13 1456 1 0 1 
-13.8694 -4.81153 0.293655 0 0 0 0.146703 13 1457 1 0 1 
24.5381 33.5246 0.365873 0 0 0 0.131017 13 1458 1 0 1 
-24.8171 -16.6556 0.31432 0 0 0 0.140681 13 1459 1 0 1 
-0.624088 -26.3187 0.323415 0 0 0 0.138908 13 1460 1 0 1 
-4.3415 3.04833 0.304415 0 0 0 0.143592 13 1461 1 0 1 
9.74892 8.19333 0.30271 0 0 0 0.143738 13 1462 1 0 1 
-10.8214 -1.24565 0.3622 0 0 0 0.132394 13 1463 1 0 1 
1.15504 -5.97456 0.294612 0 0 0 0.144559 13 1464 1 0 1 
-7.32396 11.0111 0.304044 0 0 0 0.14246 13 1465 1 0 1 
-13.362 -18.665 0.307249 0 0 0 0.143909 13 1466 1 0 1 
-1.77105 6.91625 0.362813 0 0 0 0.133867 13 1467 1 0 1 
-10.7657 -13.8763 0.346077 0 0 0 0.133971 13 1468 1 0 1 
-39.6263 -5.07003 0.331753 0 0 0 0.138692 13 1469 1 0 1 
-27.7789 7.41678 0.337026 0 0 0 0.137653 13 1470 1 0 1 
-4.52664 6.92005 0.352717 0 0 0 0.134325 13 1471 1 0 1 
4.23833 15.1923 0.30145 0 0 0 0.144514 13 1472 1 0 1 
10.2415 14.0076 0.303216 0 0 0 0.143167 13 1473 1 0 1 
8.91966 5.85145 0.308774 0 0 0 0.141223 13 1474 1 0 1 
-8.12479 10.5496 0.327769 0 0 0 0.138289 13 1475 1 0 1 
-21.138 -2.30391 0.367237 0 0 0 0.130133 13 1476 1 0 1 
-17.1686 -16.2155 0.345649 0 0 0 0.134086 13 1477 1 0 1 
-16.8456 0.382826 0.339831 0 0 0 0.136804 13 1478 1 0 1 
15.0354 -15.5505 0.320623 0 0 0 0.136807 13 1479 1 0 1 
5.17845 23.3256 0.346229 0 0 0 0.1346 13 1480 1 0 1 
-4.82262 -6.49773 0.333987 0 0 0 0.136913 13 1481 1 0 1 
28.2128 -4.11871 0.341114 0 0 0 0.134505 13 1482 1 0 1 
-10.4562 19.5584 0.34655 0 0 0 0.135937 13 1483 1 0 1 
-27.8231 -7.98359 0.340761 0 0 0 0.137722 13 1484 1 0 1 
-9.72205 3.44553 0.290994 0 0 0 0.146814 13 1485 1 0 1 
-7.28859 -2.71726 0.301648 0 0 0 0.144212 13 1486 1 0 1 
9.26811 -6.3791 0.332993 0 0 0 0.138512 13 1487 1 0 1 
14.9358 -21.1592 0.327477 0 0 0 0.140181 13 1488 1 0 1 
11.6075 -13.2834 0.297483 0 0 0 0.144172 13 1489 1 0 1 
-1.86115 -19.6075 0.328596 0 0 0 0.13921 13 1490 1 0 1 
-21.691 -14.1224 0.317291 0 0 0 0.140164 13 1491 1 0 1 
-14.013 49.6429 0.282906 0 0 0 0.148191 13 1492 1 0 1 
24.0241 11.8593 0.265562 0 0 0 0.148857 13 1493 1 0 1 
13.0218 -20.4833 0.320868 0 0 0 0.137956 13 1494 1 0 1 
14.1777 14.3692 0.329035 0 0 0 0.136727 13 1495 1 0 1 
-4.25831 -11.3669 0.343308 0 0 0 0.136588 13 1496 1 0 1 
9.2472 -32.9204 0.304156 0 0 0 0.135717 13 1497 1 0 1 
-12.5328 9.20968 0.304043 0 0 0 0.144031 13 1498 1 0 1 
29.2168 37.3264 0.320625 0 0 0 0.140715 13 1499 1 0 1 
-7.09716 7.40667 0.319149 0 0 0 0.141218 13 1500 1 0 1 
-6.10416 22.7152 0.350521 0 0 0 0.135934 13 1501 1 0 1 
21.0674 -13.1036 0.329489 0 0 0 0.139076 13 1502 1 0 1 
-12.0494 33.203 0.309443 0 0 0 0.142245 13 1503 1 0 1 
17.5127 -6.86127 0.287282 0 0 0 0.147631 13 1504 1 0 1 
1.85993 7.0826 0.30955 0 0 0 0.141879 13 1505 1 0 1 
-28.6398 8.10954 0.325386 0 0 0 0.13956 13 1506 1 0 1 
-5.9019 -5.07786 0.314445 0 0 0 0.142608 13 1507 1 0 1 
9.32319 -15.6369 0.331435 0 0 0 0.137778 13 1508 1 0 1 
-3.85787 2.07492 0.329235 0 0 0 0.139657 13 1509 1 0 1 
14.6449 30.9423 0.369433 0 0 0 0.131818 13 1510 1 0 1 
-7.24789 -13.9879 0.301156 0 0 0 0.145193 13 1511 1 0 1 
-0.475281 10.673 0.326263 0 0 0 0.138569 13 1512 1 0 1 
18.9173 -5.76297 0.308973 0 0 0 0.142115 13 1513 1 0 1 
-7.74016 -6.23852 0.33834 0 0 0 0.136527 13 1514 1 0 1 
13.2602 5.11185 0.318072 0 0 0 0.141103 13 1515 1 0 1 
-13.857 2.36948 0.332483 0 0 0 0.138601 13 1516 1 0 1 
-16.112 14.056 0.347382 0 0 0 0.135384 13 1517 1 0 1 
11.3047 9.8048 0.334268 0 0 0 0.138649 13 1518 1 0 1 
-2.41439 -7.1705 0.322731 0 0 0 0.139139 13 1519 1 0 1 
27.7247 0.411891 0.326783 0 0 0 0.137376 13 1520 1 0 1 
9.30422 13.8139 0.326901 0 0 0 0.139257 13 1521 1 0 1 
-15.6366 -18.9549 0.275644 0 0 0 0.148916 13 1522 1 0 1 
18.8031 -7.90787 0.324885 0 0 0 0.139059 13 1523 1 0 1 
-16.5377 -11.4468 0.315794 0 0 0 0.142734 13 1524 1 0 1 
-22.8261 -8.26875 0.375655 0 0 0 0.130633 13 1525 1 0 1 
-4.74181 -21.5955 0.277129 0 0 0 0.147563 13 1526 1 0 1 
-12.4281 11.0414 0.325536 0 0 0 0.133127 13 1527 1 0 1 
-10.7279 24.7167 0.379224 0 0 0 0.130748 13 1528 1 0 1 
-34.2354 -8.81939 0.312817 0 0 0 0.141579 13 1529 1 0 1 
5.51961 -32.9161 0.352783 0 0 0 0.133383 13 1530 1 0 1 
-22.9109 18.8509 0.311127 0 0 0 0.142778 13 1531 1 0 1 
-27.5698 14.9482 0.324332 0 0 0 0.14027 13 1532 1 0 1 
-30.6785 -22.0832 0.346079 0 0 0 0.135064 13 1533 1 0 1 
0.694555 0.522131 0.317055 0 0 0 0.139635 13 1534 1 0 1 
-9.91386 6.06461 0.315088 0 0 0 0.141981 13 1535 1 0 1 
-1.6556 7.70834 0.333507 0 0 0 0.139296 13 1536 1 0 1 
-42.7501 -16.7485 0.38045 0 0 0 0.128911 13 1537 1 0 1 
16.0023 3.94409 0.33837 0 0 0 0.137108 13 1538 1 0 1 
-21.7922 7.26054 0.311395 0 0 0 0.143281 13 1539 1 0 1 
-22.8253 -4.37693 0.313522 0 0 0 0.139723 13 1540 1 0 1 
20.9 -45.8961 0.319099 0 0 0 0.141071 13 1541 1 0 1 
11.2819 -22.2601 0.33139 0 0 0 0.138499 13 1542 1 0 1 
2.87399 -1.16691 0.279217 0 0 0 0.148183 13 1543 1 0 1 
-12.2973 33.8809 0.310266 0 0 0 0.142965 13 1544 1 0 1 
-7.84527 -10.2056 0.297843 0 0 0 0.144377 13 1545 1 0 1 
34.4125 6.97387 0.347703 0 0 0 0.134407 13 1546 1 0 1 
4.67133 -12.0915 0.322493 0 0 0 0.139979 13 1547 1 0 1 
11.1497 3.55621 0.344096 0 0 0 0.133868 13 1548 1 0 1 
-8.16574 -14.7271 0.3282 0 0 0 0.138992 13 1549 1 0 1 
-2.09032 -10.5784 0.331151 0 0 0 0.13852 13 1550 1 0 1 
-26.6671 9.9606 0.342125 0 0 0 0.135631 13 1551 1 0 1 
-4.03007 -3.49165 0.338953 0 0 0 0.137615 13 1552 1 0 1 
-19.9476 -5.51393 0.353809 0 0 0 0.13538 13 1553 1 0 1 
20.4818 -14.8907 0.306275 0 0 0 0.143989 13 1554 1 0 1 
1.97383 -4.55796 0.325071 0 0 0 0.138509 13 1555 1 0 1 
16.8693 15.3956 0.320776 0 0 0 0.141046 13 1556 1 0 1 
-15.7654 4.1103 0.348784 0 0 0 0.135871 13 1557 1 0 1 
-13.1336 -7.09957 0.362326 0 0 0 0.133545 13 1558 1 0 1 
-37.0525 9.56157 0.289869 0 0 0 0.14694 13 1559 1 0 1 
-17.4213 -18.941 0.357126 0 0 0 0.132386 13 1560 1 0 1 
2.01342 3.27539 0.335165 0 0 0 0.137126 13 1561 1 0 1 
12.0117 -11.7995 0.349509 0 0 0 0.134096 13 1562 1 0 1 
-14.0322 -17.5498 0.291777 0 0 0 0.146603 13 1563 1 0 1 
13.2386 9.6705 0.356187 0 0 0 0.132952 13 1564 1 0 1 
9.26548 -20.4483 0.330126 0 0 0 0.138172 13 1565 1 0 1 
4.29973 -0.213811 0.34095 0 0 0 0.134387 13 1566 1 0 1 
21.1767 -16.2622 0.360468 0 0 0 0.132241 13 1567 1 0 1 
-2.76063 -27.8376 0.378173 0 0 0 0.129726 13 1568 1 0 1 
3.50867 12.0907 0.341131 0 0 0 0.136412 13 1569 1 0 1 
-2.09009 -0.30511 0.298014 0 0 0 0.144221 13 1570 1 0 1 
-4.26223 -3.29695 0.337619 0 0 0 0.1359 13 1571 1 0 1 
1.26021 -30.6021 0.326308 0 0 0 0.139626 13 1572 1 0 1 
-8.56718 4.91432 0.286584 0 0 0 0.147419 13 1573 1 0 1 
-40.9173 8.78684 0.325982 0 0 0 0.138262 13 1574 1 0 1 
-4.80022 8.45199 0.359129 0 0 0 0.134148 13 1575 1 0 1 
-2.2975 -22.7402 0.325507 0 0 0 0.140362 13 1576 1 0 1 
-5.43989 1.95119 0.346968 0 0 0 0.135492 13 1577 1 0 1 
21.7092 6.00732 0.295935 0 0 0 0.144356 13 1578 1 0 1 
30.3827 15.5466 0.322782 0 0 0 0.138907 13 1579 1 0 1 
-10.2805 -0.707017 0.28993 0 0 0 0.146578 13 1580 1 0 1 
9.18577 -16.868 0.316994 0 0 0 0.141502 13 1581 1 0 1 
-15.0629 4.87514 0.308208 0 0 0 0.141298 13 1582 1 0 1 
-15.6101 -22.8206 0.3378 0 0 0 0.138027 13 1583 1 0 1 
4.55146 -6.28497 0.378423 0 0 0 0.129896 13 1584 1 0 1 
-6.11292 -5.32877 0.343298 0 0 0 0.135608 13 1585 1 0 1 
6.22928 4.79072 0.303068 0 0 0 0.143421 13 1586 1 0 1 
-4.30462 -16.473 0.332957 0 0 0 0.13739 13 1587 1 0 1 
-6.18305 1.55194 0.309919 0 0 0 0.143624 13 1588 1 0 1 
-8.31863 -0.275426 0.286106 0 0 0 0.147553 13 1589 1 0 1 
-0.127211 16.042 0.317751 0 0 0 0.14004 13 1590 1 0 1 
-6.88598 -20.0926 0.306713 0 0 0 0.14454 13 1591 1 0 1 
-12.6688 -4.62408 0.27374 0 0 0 0.149284 13 1592 1 0 1 
7.99549 -4.43718 0.339416 0 0 0 0.136818 13 1593 1 0 1 
-2.68264 -5.41512 0.332086 0 0 0 0.137901 13 1594 1 0 1 
-13.5943 5.97642 0.284545 0 0 0 0.146744 13 1595 1 0 1 
-22.7672 -6.92603 0.3399 0 0 0 0.136954 13 1596 1 0 1 
2.47724 17.4207 0.290761 0 0 0 0.144772 13 1597 1 0 1 
-18.1717 -11.0608 0.351288 0 0 0 0.134351 13 1598 1 0 1 
9.49446 3.01717 0.303224 0 0 0 0.144172 13 1599 1 0 1 
-0.447984 -4.15708 0.323259 0 0 0 0.136699 13 1600 1 0 1 
47.6692 -27.9327 0.354924 0 0 0 0.133889 13 1601 1 0 1 
10.022 -23.3307 0.300394 0 0 0 0.143384 13 1602 1 0 1 
5.89862 -7.91394 0.290334 0 0 0 0.141984 13 1603 1 0 1 
5.20263 -0.0651845 0.306337 0 0 0 0.14379 13 1604 1 0 1 
4.6677 9.97782 0.325209 0 0 0 0.138451 13 1605 1 0 1 
-2.45988 -8.78697 0.295514 0 0 0 0.145326 13 1606 1 0 1 
-21.9078 16.3185 0.279707 0 0 0 0.149156 13 1607 1 0 1 
-0.420802 18.594 0.347841 0 0 0 0.135537 13 1608 1 0 1 
14.1092 8.50174 0.312865 0 0 0 0.141989 13 1609 1 0 1 
-14.9494 -14.2581 0.356526 0 0 0 0.134464 13 1610 1 0 1 
4.6725 19.0293 0.348387 0 0 0 0.134588 13 1611 1 0 1 
4.20322 4.35322 0.321666 0 0 0 0.140052 13 1612 1 0 1 
23.7308 5.56368 0.378076 0 0 0 0.130663 13 1613 1 0 1 
-4.20025 -9.04264 0.342768 0 0 0 0.135072 13 1614 1 0 1 
-19.9901 26.7756 0.3129 0 0 0 0.141985 13 1615 1 0 1 
-21.3235 3.11791 0.314115 0 0 0 0.142385 13 1616 1 0 1 
6.18 2.56319 0.287612 0 0 0 0.145058 13 1617 1 0 1 
-5.6191 13.5744 0.337631 0 0 0 0.136505 13 1618 1 0 1 
3.73689 32.264 0.325365 0 0 0 0.138944 13 1619 1 0 1 
19.1477 14.1746 0.324474 0 0 0 0.13636 13 1620 1 0 1 
5.9831 -26.9996 0.354602 0 0 0 0.133729 13 1621 1 0 1 
-7.61033 17.0877 0.319584 0 0 0 0.140427 13 1622 1 0 1 
-4.88397 -3.97043 0.36776 0 0 0 0.132131 13 1623 1 0 1 
-9.97179 -12.7692 0.326651 0 0 0 0.139657 13 1624 1 0 1 
-6.60833 6.97633 0.345258 0 0 0 0.136182 13 1625 1 0 1 
9.68956 -3.36182 0.346199 0 0 0 0.136334 13 1626 1 0 1 
11.4451 -3.50424 0.339061 0 0 0 0.137213 13 1627 1 0 1 
32.5007 -11.1401 0.349696 0 0 0 0.134671 13 1628 1 0 1 
9.57496 -5.20717 0.351655 0 0 0 0.134268 13 1629 1 0 1 
-7.13612 17.5152 0.317791 0 0 0 0.140263 13 1630 1 0 1 
7.04863 -9.45923 0.343647 0 0 0 0.137418 13 1631 1 0 1 
4.96623 2.35206 0.340337 0 0 0 0.135601 13 1632 1 0 1 
17.4097 -11.8916 0.346579 0 0 0 0.135941 13 1633 1 0 1 
-12.5131 -5.78745 0.313877 0 0 0 0.141964 13 1634 1 0 1 
11.6548 10.4439 0.330946 0 0 0 0.137828 13 1635 1 0 1 
-6.41583 -3.64583 0.356146 0 0 0 0.134345 13 1636 1 0 1 
-11.824 -20.2122 0.313653 0 0 0 0.141957 13 1637 1 0 1 
7.72493 2.8143 0.368055 0 0 0 0.132041 13 1638 1 0 1 
5.68416 0.522745 0.313939 0 0 0 0.141958 13 1639 1 0 1 
22.1181 -0.740416 0.315257 0 0 0 0.14024 13 1640 1 0 1 
13.9262 -1.15436 0.287042 0 0 0 0.14644 13 1641 1 0 1 
4.0779 14.5556 0.336433 0 0 0 0.138442 13 1642 1 0 1 
14.8005 -37.1621 0.384092 0 0 0 0.131142 13 1643 1 0 1 
-3.28655 -12.5843 0.329554 0 0 0 0.138275 13 1644 1 0 1 
15.0044 24.1834 0.292995 0 0 0 0.145553 13 1645 1 0 1 
-6.36327 -3.28526 0.347992 0 0 0 0.134259 13 1646 1 0 1 
34.7435 5.33934 0.361487 0 0 0 0.13154 13 1647 1 0 1 
-9.61652 5.68165 0.3444 0 0 0 0.134537 13 1648 1 0 1 
-27.973 -13.5866 0.329423 0 0 0 0.137447 13 1649 1 0 1 
4.73463 6.61054 0.332907 0 0 0 0.139407 13 1650 1 0 1 
19.8683 7.70142 0.310645 0 0 0 0.142396 13 1651 1 0 1 
1.65739 -12.5495 0.273814 0 0 0 0.15072 13 1652 1 0 1 
5.73227 -9.27133 0.364304 0 0 0 0.130555 13 1653 1 0 1 
18.5994 21.0793 0.312816 0 0 0 0.141629 13 1654 1 0 1 
11.5598 3.611 0.293147 0 0 0 0.145495 13 1655 1 0 1 
-20.7633 26.9568 0.328032 0 0 0 0.137149 13 1656 1 0 1 
-16.3812 20.3113 0.306478 0 0 0 0.144404 13 1657 1 0 1 
-10.4665 10.1848 0.321042 0 0 0 0.140979 13 1658 1 0 1 
12.6836 -0.833423 0.32947 0 0 0 0.137479 13 1659 1 0 1 
-24.193 15.9498 0.286713 0 0 0 0.14703 13 1660 1 0 1 
-22.7353 7.20589 0.333923 0 0 0 0.138672 13 1661 1 0 1 
20.9955 -17.759 0.330533 0 0 0 0.138417 13 1662 1 0 1 
13.2334 2.06757 0.35008 0 0 0 0.133726 13 1663 1 0 1 
15.7442 -7.92968 0.345129 0 0 0 0.136005 13 1664 1 0 1 
12.1203 10.1276 0.306766 0 0 0 0.142673 13 1665 1 0 1 
4.98854 -20.3348 0.391711 0 0 0 0.130374 13 1666 1 0 1 
5.12222 1.40719 0.328406 0 0 0 0.138724 13 1667 1 0 1 
0.151687 7.7858 0.321419 0 0 0 0.141469 13 1668 1 0 1 
5.74026 10.0601 0.301497 0 0 0 0.143685 13 1669 1 0 1 
28.748 -24.1332 0.265251 0 0 0 0.152253 13 1670 1 0 1 
-6.09294 15.9739 0.340529 0 0 0 0.135768 13 1671 1 0 1 
2.74133 2.43313 0.315778 0 0 0 0.140337 13 1672 1 0 1 
-3.81414 -28.0202 0.335244 0 0 0 0.137351 13 1673 1 0 1 
20.7549 5.44572 0.348803 0 0 0 0.135603 13 1674 1 0 1 
4.61292 -13.2746 0.353545 0 0 0 0.13486 13 1675 1 0 1 
-16.2734 -20.6186 0.28081 0 0 0 0.149717 13 1676 1 0 1 
-1.94869 -23.7795 0.316077 0 0 0 0.141554 13 1677 1 0 1 
22.4617 0.402696 0.315485 0 0 0 0.141966 13 1678 1 0 1 
-9.44795 1.36356 0.29409 0 0 0 0.145056 13 1679 1 0 1 
-21.702 -0.559584 0.303689 0 0 0 0.143229 13 1680 1 0 1 
-10.4012 20.8222 0.41014 0 0 0 0.126396 13 1681 1 0 1 
-7.93235 16.3879 0.216425 0 0 0 0.143401 13 1682 1 0 1 
-11.4073 -16.8112 0.318153 0 0 0 0.140173 13 1683 1 0 1 
3.32077 6.96736 0.355349 0 0 0 0.135068 13 1684 1 0 1 
22.1369 -8.66331 0.296858 0 0 0 0.145167 13 1685 1 0 1 
0.292159 13.7088 0.340458 0 0 0 0.136819 13 1686 1 0 1 
5.78446 -5.21223 0.327774 0 0 0 0.139256 13 1687 1 0 1 
9.55359 -3.80034 0.311932 0 0 0 0.142472 13 1688 1 0 1 
-1.32865 5.22691 0.338149 0 0 0 0.135773 13 1689 1 0 1 
3.28775 17.4953 0.34686 0 0 0 0.135123 13 1690 1 0 1 
-24.5524 -20.0459 0.349754 0 0 0 0.133459 13 1691 1 0 1 
15.2353 3.87902 0.310379 0 0 0 0.142147 13 1692 1 0 1 
11.2907 -18.4961 0.319165 0 0 0 0.141513 13 1693 1 0 1 
-36.5022 -1.2444 0.353266 0 0 0 0.134893 13 1694 1 0 1 
-11.2098 -16.3521 0.332421 0 0 0 0.13834 13 1695 1 0 1 
8.07835 14.7587 0.347995 0 0 0 0.13552 13 1696 1 0 1 
-10.9549 12.0934 0.300309 0 0 0 0.144243 13 1697 1 0 1 
4.64226 7.46995 0.32372 0 0 0 0.139137 13 1698 1 0 1 
35.7256 9.10604 0.297938 0 0 0 0.145168 13 1699 1 0 1 
-2.34826 -19.5294 0.331502 0 0 0 0.138479 13 1700 1 0 1 
4.01651 -0.447767 0.262787 0 0 0 0.1518 13 1701 1 0 1 
10.9657 7.47795 0.3336 0 0 0 0.138767 13 1702 1 0 1 
-0.579091 17.4818 0.351345 0 0 0 0.136428 13 1703 1 0 1 
18.7122 -16.7413 0.274765 0 0 0 0.150537 13 1704 1 0 1 
-14.209 16.1259 0.373452 0 0 0 0.13003 13 1705 1 0 1 
4.99677 21.4052 0.343877 0 0 0 0.135265 13 1706 1 0 1 
1.11534 -0.228205 0.295018 0 0 0 0.144732 13 1707 1 0 1 
-1.03826 -16.3051 0.263019 0 0 0 0.149551 13 1708 1 0 1 
6.90483 -5.69123 0.288933 0 0 0 0.14688 13 1709 1 0 1 
4.30948 4.01022 0.32318 0 0 0 0.139288 13 1710 1 0 1 
5.28601 30.9637 0.303773 0 0 0 0.143727 13 1711 1 0 1 
-0.145246 -8.41641 0.294884 0 0 0 0.145544 13 1712 1 0 1 
-10.6458 -3.24331 0.372006 0 0 0 0.132843 13 1713 1 0 1 
8.15579 7.68455 0.326603 0 0 0 0.139119 13 1714 1 0 1 
-26.9452 12.7978 0.312603 0 0 0 0.142381 13 1715 1 0 1 
-10.56 10.6549 0.291557 0 0 0 0.146633 13 1716 1 0 1 
5.07297 -6.29717 0.318428 0 0 0 0.139387 13 1717 1 0 1 
1.06706 -40.2665 0.304389 0 0 0 0.144206 13 1718 1 0 1 
4.82959 -6.38449 0.355807 0 0 0 0.132805 13 1719 1 0 1 
7.77918 -0.880482 0.337151 0 0 0 0.135459 13 1720 1 0 1 
-10.5542 -3.42058 0.34628 0 0 0 0.137948 13 1721 1 0 1 
-2.62862 10.8049 0.336128 0 0 0 0.134576 13 1722 1 0 1 
22.7919 -11.5397 0.363349 0 0 0 0.1337 13 1723 1 0 1 
0.437341 11.1094 0.322873 0 0 0 0.139421 13 1724 1 0 1 
-3.35881 -5.34367 0.324641 0 0 0 0.139053 13 1725 1 0 1 
-8.34824 -22.3023 0.299148 0 0 0 0.145079 13 1726 1 0 1 
-8.95056 6.96439 0.325438 0 0 0 0.1394 13 1727 1 0 1 
-36.5039 -7.97998 0.308655 0 0 0 0.143289 13 1728 1 0 1 
-2.83358 16.1523 0.316031 0 0 0 0.139956 13 1729 1 0 1 
3.55814 20.9254 0.327148 0 0 0 0.139171 13 1730 1 0 1 
-1.19024 -7.27713 0.325569 0 0 0 0.140266 13 1731 1 0 1 
2.8195 12.3443 0.326356 0 0 0 0.140109 13 1732 1 0 1 
-37.2945 14.0609 0.322328 0 0 0 0.140085 13 1733 1 0 1 
11.4907 0.38845 0.310617 0 0 0 0.142244 13 1734 1 0 1 
5.58125 -14.4617 0.342198 0 0 0 0.136704 13 1735 1 0 1 
-23.4297 -1.86768 0.318928 0 0 0 0.141756 13 1736 1 0 1 
-21.1044 -10.9295 0.301844 0 0 0 0.1427 13 1737 1 0 1 
-3.12638 -20.0315 0.280641 0 0 0 0.149362 13 1738 1 0 1 
6.45974 -1.31011 0.330477 0 0 0 0.139481 13 1739 1 0 1 
27.1514 12.7344 0.331618 0 0 0 0.139148 13 1740 1 0 1 
-25.9784 -17.2239 0.275967 0 0 0 0.150268 13 1741 1 0 1 
17.9437 -24.6213 0.277478 0 0 0 0.147605 13 1742 1 0 1 
-17.1617 9.69288 0.339499 0 0 0 0.138057 13 1743 1 0 1 
-23.3077 20.8472 0.311608 0 0 0 0.141173 13 1744 1 0 1 
9.84284 13.0306 0.280688 0 0 0 0.146444 13 1745 1 0 1 
-13.2664 -4.81918 0.308811 0 0 0 0.142869 13 1746 1 0 1 
6.66298 -3.03412 0.284043 0 0 0 0.148111 13 1747 1 0 1 
-6.293 -2.7926 0.301107 0 0 0 0.143947 13 1748 1 0 1 
-10.8117 -13.4773 0.340862 0 0 0 0.135983 13 1749 1 0 1 
17.7554 -7.25303 0.330487 0 0 0 0.137524 13 1750 1 0 1 
2.30927 -10.4315 0.311991 0 0 0 0.141043 13 1751 1 0 1 
-3.36972 -8.64238 0.330309 0 0 0 0.139093 13 1752 1 0 1 
-5.65178 30.2087 0.330325 0 0 0 0.136972 13 1753 1 0 1 
-9.07856 10.4143 0.303728 0 0 0 0.143723 13 1754 1 0 1 
-15.1047 -3.92515 0.309023 0 0 0 0.142354 13 1755 1 0 1 
6.27945 1.83473 0.328097 0 0 0 0.140164 13 1756 1 0 1 
12.5365 -15.1466 0.334845 0 0 0 0.136712 13 1757 1 0 1 
-6.7539 14.2957 0.325885 0 0 0 0.140188 13 1758 1 0 1 
-12.4264 29.6922 0.325496 0 0 0 0.137896 13 1759 1 0 1 
-17.9043 40.7732 0.367465 0 0 0 0.131719 13 1760 1 0 1 
10.6402 -2.4131 0.340344 0 0 0 0.134745 13 1761 1 0 1 
6.81675 14.208 0.308503 0 0 0 0.143028 13 1762 1 0 1 
-21.5443 -22.2701 0.336058 0 0 0 0.138464 13 1763 1 0 1 
-11.0848 -10.8234 0.347021 0 0 0 0.134959 13 1764 1 0 1 
-20.118 12.6369 0.317175 0 0 0 0.141531 13 1765 1 0 1 
9.54706 -6.19505 0.322535 0 0 0 0.139463 13 1766 1 0 1 
25.7199 -10.5981 0.390774 0 0 0 0.130664 13 1767 1 0 1 
8.43044 6.92824 0.298209 0 0 0 0.144549 13 1768 1 0 1 
0.373198 15.6216 0.319353 0 0 0 0.141216 13 1769 1 0 1 
23.8553 13.5626 0.330701 0 0 0 0.136288 13 1770 1 0 1 
9.96327 21.6541 0.335755 0 0 0 0.138664 13 1771 1 0 1 
2.88286 16.9584 0.311197 0 0 0 0.141933 13 1772 1 0 1 
2.92492 -2.8168 0.395195 0 0 0 0.128683 13 1773 1 0 1 
5.21784 24.735 0.352483 0 0 0 0.132725 13 1774 1 0 1 
-1.89622 1.65179 0.321633 0 0 0 0.139045 13 1775 1 0 1 
11.1642 6.18194 0.320507 0 0 0 0.139631 13 1776 1 0 1 
-23.7867 10.9551 0.335493 0 0 0 0.138053 13 1777 1 0 1 
-8.95327 -11.4553 0.344969 0 0 0 0.136219 13 1778 1 0 1 
-7.53169 5.4265 0.269354 0 0 0 0.152288 13 1779 1 0 1 
-3.99604 13.4211 0.298764 0 0 0 0.143853 13 1780 1 0 1 
-4.3259 6.99752 0.301135 0 0 0 0.142922 13 1781 1 0 1 
-6.76067 -23.7359 0.301239 0 0 0 0.139833 13 1782 1 0 1 
1.20541 -18.5663 0.315576 0 0 0 0.140773 13 1783 1 0 1 
6.54681 -11.2363 0.313171 0 0 0 0.141091 13 1784 1 0 1 
7.92678 -8.83167 0.344594 0 0 0 0.137019 13 1785 1 0 1 
12.9196 6.19309 0.351354 0 0 0 0.133909 13 1786 1 0 1 
2.38716 -5.1403 0.320751 0 0 0 0.139972 13 1787 1 0 1 
7.24995 -4.24513 0.323768 0 0 0 0.140708 13 1788 1 0 1 
9.17849 23.2856 0.335832 0 0 0 0.137828 13 1789 1 0 1 
-4.96283 -17.8601 0.324274 0 0 0 0.140368 13 1790 1 0 1 
12.0944 12.7353 0.298603 0 0 0 0.144419 13 1791 1 0 1 
-14.516 21.3682 0.326442 0 0 0 0.137932 13 1792 1 0 1 
-26.0167 -14.3125 0.310402 0 0 0 0.139895 13 1793 1 0 1 
5.32464 -24.051 0.269841 0 0 0 0.145615 13 1794 1 0 1 
2.34856 -15.241 0.333243 0 0 0 0.135591 13 1795 1 0 1 
-12.2987 -4.0359 0.318064 0 0 0 0.141542 13 1796 1 0 1 
-2.19757 44.1092 0.329802 0 0 0 0.138506 13 1797 1 0 1 
8.5815 -9.338 0.296281 0 0 0 0.145169 13 1798 1 0 1 
-13.414 14.6962 0.342452 0 0 0 0.135561 13 1799 1 0 1 
-5.42285 -5.2535 0.395223 0 0 0 0.129526 13 1800 1 0 1 
-6.61477 -33.2105 0.293323 0 0 0 0.146138 13 1801 1 0 1 
17.4521 -2.97323 0.314316 0 0 0 0.142576 13 1802 1 0 1 
11.6862 -10.1079 0.356481 0 0 0 0.133443 13 1803 1 0 1 
-26.6907 -2.6275 0.346286 0 0 0 0.134164 13 1804 1 0 1 
-35.3151 6.10009 0.306986 0 0 0 0.143327 13 1805 1 0 1 
12.7592 24.9101 0.333883 0 0 0 0.138341 13 1806 1 0 1 
-17.3577 1.86639 0.310548 0 0 0 0.14315 13 1807 1 0 1 
-12.7785 5.3755 0.307696 0 0 0 0.140403 13 1808 1 0 1 
15.0228 -1.85648 0.324999 0 0 0 0.13985 13 1809 1 0 1 
-10.96 2.93499 0.335896 0 0 0 0.135746 13 1810 1 0 1 
-8.3007 23.1911 0.30599 0 0 0 0.143761 13 1811 1 0 1 
-4.03838 6.54668 0.349972 0 0 0 0.135123 13 1812 1 0 1 
4.83972 7.68349 0.325939 0 0 0 0.139579 13 1813 1 0 1 
12.301 -2.05315 0.305721 0 0 0 0.14094 13 1814 1 0 1 
-9.52552 -2.32975 0.348396 0 0 0 0.136194 13 1815 1 0 1 
15.8091 -21.9619 0.324766 0 0 0 0.140264 13 1816 1 0 1 
14.2314 25.9092 0.327131 0 0 0 0.139085 13 1817 1 0 1 
-0.518464 6.16241 0.337446 0 0 0 0.133698 13 1818 1 0 1 
2.59186 24.8141 0.352043 0 0 0 0.132749 13 1819 1 0 1 
-1.01956 -4.78957 0.316236 0 0 0 0.140327 13 1820 1 0 1 
-0.234068 -18.2206 0.330586 0 0 0 0.138148 13 1821 1 0 1 
-5.50825 -5.19705 0.348682 0 0 0 0.134465 13 1822 1 0 1 
-21.0103 -8.46618 0.303512 0 0 0 0.143198 13 1823 1 0 1 
-8.48502 -7.87394 0.314193 0 0 0 0.140959 13 1824 1 0 1 
-3.28543 7.93808 0.397802 0 0 0 0.127487 13 1825 1 0 1 
21.7956 16.1163 0.286404 0 0 0 0.148198 13 1826 1 0 1 
-3.41333 -28.0082 0.353939 0 0 0 0.134522 13 1827 1 0 1 
-4.08502 -45.5724 0.237914 0 0 0 0.144165 13 1828 1 0 1 
0.185882 -0.683976 0.31423 0 0 0 0.142062 13 1829 1 0 1 
6.49065 -5.85038 0.302609 0 0 0 0.142726 13 1830 1 0 1 
20.9888 -22.5287 0.342606 0 0 0 0.135719 13 1831 1 0 1 
-0.100791 -5.82775 0.36961 0 0 0 0.131606 13 1832 1 0 1 
-0.122278 20.0393 0.327427 0 0 0 0.138863 13 1833 1 0 1 
-0.192907 22.6885 0.325296 0 0 0 0.138391 13 1834 1 0 1 
-25.2323 -2.41707 0.307106 0 0 0 0.144774 13 1835 1 0 1 
12.2273 -5.33306 0.352619 0 0 0 0.134434 13 1836 1 0 1 
4.33879 17.2097 0.286935 0 0 0 0.148229 13 1837 1 0 1 
-1.90747 -11.1673 0.315749 0 0 0 0.143501 13 1838 1 0 1 
3.12353 0.841047 0.326672 0 0 0 0.140287 13 1839 1 0 1 
-5.86546 -14.7489 0.340495 0 0 0 0.135306 13 1840 1 0 1 
11.7314 -11.7229 0.34153 0 0 0 0.13509 13 1841 1 0 1 
-8.88687 31.9921 0.3509 0 0 0 0.133124 13 1842 1 0 1 
3.63529 -17.4393 0.390413 0 0 0 0.129638 13 1843 1 0 1 
0.332485 7.02964 0.315805 0 0 0 0.141325 13 1844 1 0 1 
-6.15207 18.5921 0.32824 0 0 0 0.13807 13 1845 1 0 1 
-17.6769 -10.2133 0.303327 0 0 0 0.135939 13 1846 1 0 1 
18.3358 -5.13928 0.314054 0 0 0 0.142244 13 1847 1 0 1 
-5.44338 19.8634 0.363957 0 0 0 0.131514 13 1848 1 0 1 
7.58138 10.1393 0.269624 0 0 0 0.13855 13 1849 1 0 1 
-0.380662 -26.8231 0.328306 0 0 0 0.138928 13 1850 1 0 1 
8.50282 -21.4957 0.30583 0 0 0 0.144015 13 1851 1 0 1 
15.1631 0.188315 0.306851 0 0 0 0.143636 13 1852 1 0 1 
10.0017 14.4835 0.325088 0 0 0 0.139756 13 1853 1 0 1 
23.1597 -1.10949 0.314259 0 0 0 0.142101 13 1854 1 0 1 
-5.91911 -10.1021 0.292536 0 0 0 0.141688 13 1855 1 0 1 
-19.441 21.278 0.349382 0 0 0 0.133649 13 1856 1 0 1 
-13.4886 -4.7491 0.335319 0 0 0 0.136178 13 1857 1 0 1 
2.63111 1.01867 0.334094 0 0 0 0.138663 13 1858 1 0 1 
10.3963 -7.47808 0.332534 0 0 0 0.138188 13 1859 1 0 1 
-10.7259 29.5077 0.339286 0 0 0 0.139771 13 1860 1 0 1 
-6.27451 -35.7878 0.349638 0 0 0 0.134873 13 1861 1 0 1 
19.8547 -8.54235 0.345556 0 0 0 0.135436 13 1862 1 0 1 
-21.6122 6.00846 0.297663 0 0 0 0.145142 13 1863 1 0 1 
-29.2842 10.4736 0.351092 0 0 0 0.13463 13 1864 1 0 1 
21.3697 -29.483 0.34071 0 0 0 0.138282 13 1865 1 0 1 
-12.2886 5.88531 0.310182 0 0 0 0.144165 13 1866 1 0 1 
4.14851 -9.15591 0.366839 0 0 0 0.133085 13 1867 1 0 1 
11.8797 -2.19477 0.280246 0 0 0 0.149417 13 1868 1 0 1 
34.7089 -5.91434 0.346212 0 0 0 0.135127 13 1869 1 0 1 
1.11476 -12.6184 0.32537 0 0 0 0.140106 13 1870 1 0 1 
-8.32526 9.43409 0.287063 0 0 0 0.147969 13 1871 1 0 1 
-27.6412 -17.8505 0.321236 0 0 0 0.14116 13 1872 1 0 1 
-0.928658 7.86872 0.295975 0 0 0 0.14606 13 1873 1 0 1 
-13.3265 2.70028 0.347692 0 0 0 0.13384 13 1874 1 0 1 
15.7416 1.85017 0.316336 0 0 0 0.142385 13 1875 1 0 1 
11.7655 14.4441 0.289581 0 0 0 0.146893 13 1876 1 0 1 
21.0746 -15.4422 0.315198 0 0 0 0.134024 13 1877 1 0 1 
17.9887 -20.4389 0.300889 0 0 0 0.145258 13 1878 1 0 1 
-25.8456 0.104869 0.296359 0 0 0 0.141214 13 1879 1 0 1 
-15.5626 -17.031 0.350915 0 0 0 0.13451 13 1880 1 0 1 
6.17805 -19.4144 0.371457 0 0 0 0.132444 13 1881 1 0 1 
-12.9584 -1.10288 0.312864 0 0 0 0.14133 13 1882 1 0 1 
9.02502 -6.11325 0.259165 0 0 0 0.143237 13 1883 1 0 1 
9.32253 -15.9842 0.324014 0 0 0 0.139211 13 1884 1 0 1 
-0.992942 -11.6451 0.344172 0 0 0 0.135689 13 1885 1 0 1 
-22.3592 2.10216 0.349445 0 0 0 0.133839 13 1886 1 0 1 
6.34465 24.4141 0.30291 0 0 0 0.144229 13 1887 1 0 1 
14.443 12.8274 0.315915 0 0 0 0.141314 13 1888 1 0 1 
-1.93741 3.21677 0.363844 0 0 0 0.130405 13 1889 1 0 1 
29.5276 21.2706 0.306453 0 0 0 0.143384 13 1890 1 0 1 
-11.2138 -7.54634 0.357883 0 0 0 0.132609 13 1891 1 0 1 
0.620773 24.1373 0.373032 0 0 0 0.132249 13 1892 1 0 1 
13.3627 -22.4583 0.386362 0 0 0 0.129151 13 1893 1 0 1 
-19.2287 -1.66996 0.332164 0 0 0 0.138568 13 1894 1 0 1 
22.4486 -18.5957 0.314685 0 0 0 0.141215 13 1895 1 0 1 
-6.40653 15.5903 0.347989 0 0 0 0.13551 13 1896 1 0 1 
11.4206 -6.0577 0.306241 0 0 0 0.141039 13 1897 1 0 1 
-24.4056 19.8575 0.273469 0 0 0 0.144483 13 1898 1 0 1 
18.6328 19.5101 0.257233 0 0 0 0.156574 13 1899 1 0 1 
7.86112 -9.77285 0.328239 0 0 0 0.13751 13 1900 1 0 1 
7.87514 -5.2953 0.317059 0 0 0 0.139804 13 1901 1 0 1 
-27.8287 4.88916 0.361153 0 0 0 0.133294 13 1902 1 0 1 
37.1684 -29.0688 0.283598 0 0 0 0.148105 13 1903 1 0 1 
12.6884 24.654 0.352533 0 0 0 0.132918 13 1904 1 0 1 
-0.214229 12.3725 0.284241 0 0 0 0.14786 13 1905 1 0 1 
-6.20377 -4.11503 0.338353 0 0 0 0.137846 13 1906 1 0 1 
-26.5314 14.3882 0.312782 0 0 0 0.142156 13 1907 1 0 1 
-23.4449 -6.86082 0.301948 0 0 0 0.14504 13 1908 1 0 1 
-9.88325 17.0823 0.347187 0 0 0 0.136361 13 1909 1 0 1 
-11.8193 -9.30658 0.347243 0 0 0 0.135953 13 1910 1 0 1 
-12.5564 6.06221 0.29302 0 0 0 0.145707 13 1911 1 0 1 
4.25236 1.29455 0.328204 0 0 0 0.139113 13 1912 1 0 1 
6.39236 17.5195 0.293316 0 0 0 0.145483 13 1913 1 0 1 
-31.9862 -13.6903 0.364657 0 0 0 0.131446 13 1914 1 0 1 
34.5481 -0.728581 0.322438 0 0 0 0.136722 13 1915 1 0 1 
20.1763 -13.2377 0.337522 0 0 0 0.135939 13 1916 1 0 1 
34.6836 -15.19 0.346019 0 0 0 0.135744 13 1917 1 0 1 
-29.3536 -28.0891 0.33613 0 0 0 0.138719 13 1918 1 0 1 
3.67609 -10.0358 0.306501 0 0 0 0.143526 13 1919 1 0 1 
-4.07724 10.0749 0.343606 0 0 0 0.136752 13 1920 1 0 1 
6.6936 19.9445 0.345645 0 0 0 0.135955 13 1921 1 0 1 
0.520454 -19.6223 0.291813 0 0 0 0.146113 13 1922 1 0 1 
4.51294 -7.43536 0.295426 0 0 0 0.145363 13 1923 1 0 1 
10.2641 -1.2815 0.289653 0 0 0 0.147163 13 1924 1 0 1 
4.62398 9.02112 0.336662 0 0 0 0.135545 13 1925 1 0 1 
-11.6122 -20.1651 0.344857 0 0 0 0.136026 13 1926 1 0 1 
2.61131 8.37883 0.319067 0 0 0 0.141623 13 1927 1 0 1 
-25.9828 -6.1813 0.303154 0 0 0 0.142836 13 1928 1 0 1 
15.1655 8.77696 0.304555 0 0 0 0.143768 13 1929 1 0 1 
22.7779 7.58112 0.33484 0 0 0 0.138788 13 1930 1 0 1 
11.4361 3.07231 0.304071 0 0 0 0.140848 13 1931 1 0 1 
-19.509 -11.4144 0.30288 0 0 0 0.142816 13 1932 1 0 1 
-23.3187 49.6432 0.332398 0 0 0 0.139038 13 1933 1 0 1 
9.17536 -1.05058 0.281075 0 0 0 0.148438 13 1934 1 0 1 
-5.43192 7.62108 0.343847 0 0 0 0.137308 13 1935 1 0 1 
63.9824 -3.09971 0.32651 0 0 0 0.13859 13 1936 1 0 1 
0.908454 50.9318 0.344941 0 0 0 0.134011 13 1937 1 0 1 
-2.79287 16.0884 0.331114 0 0 0 0.139665 13 1938 1 0 1 
5.15561 31.5612 0.315191 0 0 0 0.14243 13 1939 1 0 1 
23.5891 3.39102 0.317359 0 0 0 0.140919 13 1940 1 0 1 
33.4266 18.4377 0.341356 0 0 0 0.135875 13 1941 1 0 1 
19.5031 4.35808 0.301178 0 0 0 0.144487 13 1942 1 0 1 
-11.9597 3.94896 0.354629 0 0 0 0.135068 13 1943 1 0 1 
-10.1372 -13.2181 0.306393 0 0 0 0.1443 13 1944 1 0 1 
-2.23992 5.60212 0.339648 0 0 0 0.138038 13 1945 1 0 1 
4.49694 -4.85239 0.327762 0 0 0 0.138845 13 1946 1 0 1 
-13.3993 14.1699 0.286655 0 0 0 0.148248 13 1947 1 0 1 
-12.4903 5.07695 0.336026 0 0 0 0.137018 13 1948 1 0 1 
-2.88684 5.85099 0.267545 0 0 0 0.151602 13 1949 1 0 1 
3.8907 10.8008 0.313308 0 0 0 0.141122 13 1950 1 0 1 
-23.6978 -10.0831 0.286149 0 0 0 0.144679 13 1951 1 0 1 
-6.99526 -5.29185 0.295599 0 0 0 0.14561 13 1952 1 0 1 
-6.94048 16.8674 0.323322 0 0 0 0.139272 13 1953 1 0 1 
-18.9695 -3.54046 0.340315 0 0 0 0.137603 13 1954 1 0 1 
11.4994 14.8575 0.328552 0 0 0 0.139012 13 1955 1 0 1 
-2.02475 -24.1825 0.314274 0 0 0 0.141901 13 1956 1 0 1 
10.884 -10.7581 0.334569 0 0 0 0.137368 13 1957 1 0 1 
-9.61368 8.06726 0.338017 0 0 0 0.136946 13 1958 1 0 1 
-10.2153 -12.1916 0.333671 0 0 0 0.140613 13 1959 1 0 1 
-1.99957 -24.5361 0.323931 0 0 0 0.13947 13 1960 1 0 1 
8.47213 -7.56968 0.345237 0 0 0 0.135605 13 1961 1 0 1 
15.5065 -9.67345 0.324112 0 0 0 0.140568 13 1962 1 0 1 
-18.1891 -29.2558 0.300719 0 0 0 0.142522 13 1963 1 0 1 
17.7726 -21.2801 0.309321 0 0 0 0.142135 13 1964 1 0 1 
-12.31 -2.6289 0.288295 0 0 0 0.147442 13 1965 1 0 1 
-14.4518 7.87964 0.375372 0 0 0 0.132603 13 1966 1 0 1 
-5.01503 -7.09681 0.313767 0 0 0 0.141431 13 1967 1 0 1 
22.5342 -2.48283 0.327035 0 0 0 0.133437 13 1968 1 0 1 
-22.4561 -0.00588625 0.293009 0 0 0 0.14582 13 1969 1 0 1 
12.5181 30.6332 0.326027 0 0 0 0.138815 13 1970 1 0 1 
-37.1641 4.05327 0.309272 0 0 0 0.142836 13 1971 1 0 1 
12.7953 -2.39953 0.283263 0 0 0 0.14944 13 1972 1 0 1 
13.301 -10.3829 0.346092 0 0 0 0.136552 13 1973 1 0 1 
-37.2408 -5.97989 0.276184 0 0 0 0.148787 13 1974 1 0 1 
-5.56875 -26.4353 0.339745 0 0 0 0.135462 13 1975 1 0 1 
0.306794 29.3712 0.307066 0 0 0 0.139987 13 1976 1 0 1 
0.868254 26.3695 0.367337 0 0 0 0.132029 13 1977 1 0 1 
-22.7427 -14.4181 0.309324 0 0 0 0.141239 13 1978 1 0 1 
21.3481 1.4996 0.301406 0 0 0 0.144931 13 1979 1 0 1 
6.09321 22.2 0.356829 0 0 0 0.132171 13 1980 1 0 1 
1.90557 31.3524 0.279065 0 0 0 0.148603 13 1981 1 0 1 
0.722006 19.8563 0.332125 0 0 0 0.138995 13 1982 1 0 1 
-0.0147985 -7.17352 0.325723 0 0 0 0.141053 13 1983 1 0 1 
15.3409 -6.0021 0.346679 0 0 0 0.135597 13 1984 1 0 1 
4.93679 7.86564 0.316526 0 0 0 0.142196 13 1985 1 0 1 
-24.1857 30.4009 0.338118 0 0 0 0.136461 13 1986 1 0 1 
-19.8898 -0.243985 0.28828 0 0 0 0.146704 13 1987 1 0 1 
1.5058 -7.83713 0.317038 0 0 0 0.141077 13 1988 1 0 1 
22.8162 -0.555461 0.330783 0 0 0 0.137067 13 1989 1 0 1 
0.850874 -33.1834 0.301369 0 0 0 0.145378 13 1990 1 0 1 
39.0582 -11.0817 0.314831 0 0 0 0.140116 13 1991 1 0 1 
-2.50603 24.1808 0.300801 0 0 0 0.145183 13 1992 1 0 1 
-7.89069 11.552 0.329151 0 0 0 0.139273 13 1993 1 0 1 
3.87689 -12.8362 0.292808 0 0 0 0.146206 13 1994 1 0 1 
-1.34369 -5.35715 0.335077 0 0 0 0.1369 13 1995 1 0 1 
22.3472 -24.8155 0.334058 0 0 0 0.137567 13 1996 1 0 1 
-5.44138 10.3427 0.338413 0 0 0 0.134906 13 1997 1 0 1 
29.1721 -3.61257 0.33661 0 0 0 0.134531 13 1998 1 0 1 
21.5328 5.85842 0.319016 0 0 0 0.136804 13 1999 1 0 1 
6.40195 9.48955 0.344137 0 0 0 0.134265 13 2000 1 0 1 
40.8837 20.0945 0.314284 0 0 0 0.141671 13 2001 1 0 1 
-19.5886 4.17707 0.373299 0 0 0 0.132706 13 2002 1 0 1 
8.67956 19.4127 0.282829 0 0 0 0.149253 13 2003 1 0 1 
17.1934 13.3731 0.318295 0 0 0 0.142043 13 2004 1 0 1 
27.0003 12.7083 0.342983 0 0 0 0.137303 13 2005 1 0 1 
-21.8744 11.391 0.335677 0 0 0 0.136992 13 2006 1 0 1 
-22.345 -12.9919 0.351709 0 0 0 0.133594 13 2007 1 0 1 
-8.54916 5.43843 0.293819 0 0 0 0.14612 13 2008 1 0 1 
-12.3759 1.98587 0.33804 0 0 0 0.136636 13 2009 1 0 1 
-23.3268 0.295476 0.32635 0 0 0 0.13981 13 2010 1 0 1 
-16.1477 14.8886 0.335117 0 0 0 0.139239 13 2011 1 0 1 
-25.4151 -11.4869 0.335137 0 0 0 0.138842 13 2012 1 0 1 
22.765 -25.5704 0.337311 0 0 0 0.137288 13 2013 1 0 1 
3.58308 24.8684 0.311765 0 0 0 0.143175 13 2014 1 0 1 
4.47853 -4.5585 0.30961 0 0 0 0.142523 13 2015 1 0 1 
-5.55487 -18.435 0.350951 0 0 0 0.13525 13 2016 1 0 1 
-3.43224 -8.91037 0.299777 0 0 0 0.14361 13 2017 1 0 1 
30.9847 -14.6159 0.320158 0 0 0 0.141888 13 2018 1 0 1 
3.55652 3.63447 0.348031 0 0 0 0.134645 13 2019 1 0 1 
-0.544671 -21.7809 0.346328 0 0 0 0.13589 13 2020 1 0 1 
9.72272 -6.79254 0.289242 0 0 0 0.147646 13 2021 1 0 1 
11.8031 -15.5484 0.284643 0 0 0 0.146149 13 2022 1 0 1 
-26.1254 15.8164 0.28066 0 0 0 0.150451 13 2023 1 0 1 
19.2655 -21.2162 0.323892 0 0 0 0.138397 13 2024 1 0 1 
-6.09569 22.334 0.330731 0 0 0 0.135623 13 2025 1 0 1 
-10.6919 -9.25309 0.309196 0 0 0 0.142229 13 2026 1 0 1 
33.1396 -13.9419 0.313119 0 0 0 0.143143 13 2027 1 0 1 
20.4486 -32.8278 0.338349 0 0 0 0.136533 13 2028 1 0 1 
5.88157 -4.15984 0.322189 0 0 0 0.14092 13 2029 1 0 1 
-38.528 -14.4047 0.404732 0 0 0 0.126902 13 2030 1 0 1 
-25.5014 0.293808 0.299973 0 0 0 0.146899 13 2031 1 0 1 
-10.5595 2.69882 0.292759 0 0 0 0.145443 13 2032 1 0 1 
4.89673 18.851 0.346064 0 0 0 0.136205 13 2033 1 0 1 
-6.42168 -11.1322 0.358925 0 0 0 0.133853 13 2034 1 0 1 
-8.44411 -21.8069 0.30259 0 0 0 0.143977 13 2035 1 0 1 
3.02246 0.248961 0.294814 0 0 0 0.144999 13 2036 1 0 1 
-9.03829 5.41117 0.327553 0 0 0 0.140458 13 2037 1 0 1 
6.061 47.2071 0.330695 0 0 0 0.138189 13 2038 1 0 1 
24.6386 -20.813 0.321368 0 0 0 0.140274 13 2039 1 0 1 
10.7223 -12.6346 0.292119 0 0 0 0.146551 13 2040 1 0 1 
-14.7132 -7.10946 0.351247 0 0 0 0.135232 13 2041 1 0 1 
49.9327 -13.2429 0.307486 0 0 0 0.141922 13 2042 1 0 1 
10.6041 2.43621 0.309063 0 0 0 0.143439 13 2043 1 0 1 
7.25943 -4.99552 0.291695 0 0 0 0.144188 13 2044 1 0 1 
-33.1464 -7.2126 0.339374 0 0 0 0.137984 13 2045 1 0 1 
-17.6954 21.541 0.294897 0 0 0 0.147063 13 2046 1 0 1 
-0.388487 -19.2376 0.324938 0 0 0 0.139844 13 2047 1 0 1 
-18.1892 -2.35298 0.295623 0 0 0 0.146456 13 2048 1 0 1 
0.386658 9.44925 0.326898 0 0 0 0.138905 13 2049 1 0 1 
-9.64018 -19.762 0.299545 0 0 0 0.146171 13 2050 1 0 1 
0.311096 -15.3819 0.313366 0 0 0 0.141703 13 2051 1 0 1 
5.3163 16.7432 0.356252 0 0 0 0.134158 13 2052 1 0 1 
-12.6713 -12.499 0.339463 0 0 0 0.137631 13 2053 1 0 1 
-3.23891 -26.1587 0.320052 0 0 0 0.13932 13 2054 1 0 1 
-8.88299 1.91797 0.30744 0 0 0 0.144566 13 2055 1 0 1 
-12.4849 -13.9029 0.325856 0 0 0 0.137161 13 2056 1 0 1 
-6.41445 -7.84 0.368424 0 0 0 0.13315 13 2057 1 0 1 
-14.6133 16.0388 0.341726 0 0 0 0.137445 13 2058 1 0 1 
-8.5988 3.82903 0.357013 0 0 0 0.133783 13 2059 1 0 1 
-11.1999 -3.06596 0.313037 0 0 0 0.141423 13 2060 1 0 1 
-7.96258 3.24927 0.320212 0 0 0 0.140475 13 2061 1 0 1 
3.43607 -25.8594 0.325683 0 0 0 0.1396 13 2062 1 0 1 
11.5276 -6.64319 0.311311 0 0 0 0.141746 13 2063 1 0 1 
1.47504 2.16207 0.32349 0 0 0 0.139114 13 2064 1 0 1 
-12.6087 -18.1947 0.359937 0 0 0 0.132931 13 2065 1 0 1 
-6.53083 3.1289 0.342977 0 0 0 0.132978 13 2066 1 0 1 
-20.1138 -11.5037 0.327606 0 0 0 0.139482 13 2067 1 0 1 
12.3948 35.2113 0.332649 0 0 0 0.137138 13 2068 1 0 1 
19.6792 9.3726 0.345275 0 0 0 0.137127 13 2069 1 0 1 
-7.89807 -5.49456 0.335966 0 0 0 0.137426 13 2070 1 0 1 
-13.9675 -12.0433 0.36193 0 0 0 0.133932 13 2071 1 0 1 
18.733 18.5993 0.334206 0 0 0 0.137474 13 2072 1 0 1 
1.60629 -0.418701 0.312619 0 0 0 0.141862 13 2073 1 0 1 
-9.19196 10.5773 0.305335 0 0 0 0.143469 13 2074 1 0 1 
-3.86028 20.3363 0.347216 0 0 0 0.136588 13 2075 1 0 1 
9.54455 22.8521 0.303425 0 0 0 0.142177 13 2076 1 0 1 
16.4665 9.74389 0.310222 0 0 0 0.141669 13 2077 1 0 1 
-12.8054 12.1096 0.321022 0 0 0 0.140047 13 2078 1 0 1 
-1.95772 18.9168 0.347892 0 0 0 0.131222 13 2079 1 0 1 
-10.3021 -2.76227 0.317234 0 0 0 0.14007 13 2080 1 0 1 
11.5292 -23.6945 0.305024 0 0 0 0.143726 13 2081 1 0 1 
6.83271 13.9541 0.300538 0 0 0 0.146056 13 2082 1 0 1 
-8.27447 -27.5495 0.297398 0 0 0 0.145233 13 2083 1 0 1 
32.7103 -6.6138 0.29293 0 0 0 0.146562 13 2084 1 0 1 
17.379 -0.0884379 0.292691 0 0 0 0.144962 13 2085 1 0 1 
8.35507 -8.63366 0.324161 0 0 0 0.139878 13 2086 1 0 1 
-26.1633 4.52996 0.332513 0 0 0 0.137458 13 2087 1 0 1 
-5.48256 14.5555 0.328272 0 0 0 0.138041 13 2088 1 0 1 
-1.55527 -10.6119 0.34145 0 0 0 0.134305 13 2089 1 0 1 
-23.8491 -15.3741 0.324153 0 0 0 0.139046 13 2090 1 0 1 
-1.897 -1.03306 0.333974 0 0 0 0.137973 13 2091 1 0 1 
-12.9121 7.44488 0.314088 0 0 0 0.140316 13 2092 1 0 1 
-6.72099 9.89499 0.360579 0 0 0 0.131819 13 2093 1 0 1 
31.518 28.1949 0.322624 0 0 0 0.14089 13 2094 1 0 1 
-22.33 -9.89823 0.339359 0 0 0 0.136598 13 2095 1 0 1 
15.5183 -2.56529 0.311159 0 0 0 0.14121 13 2096 1 0 1 
15.7076 -6.65326 0.292807 0 0 0 0.146366 13 2097 1 0 1 
-12.1881 -17.1146 0.337872 0 0 0 0.135975 13 2098 1 0 1 
-6.10896 -15.2162 0.34092 0 0 0 0.13556 13 2099 1 0 1 
1.23004 9.36465 0.35237 0 0 0 0.133079 13 2100 1 0 1 
6.02942 -12.4088 0.319165 0 0 0 0.13977 13 2101 1 0 1 
11.8949 2.38672 0.343751 0 0 0 0.135802 13 2102 1 0 1 
-24.3648 14.1078 0.311141 0 0 0 0.143286 13 2103 1 0 1 
-6.19053 6.14836 0.321926 0 0 0 0.140316 13 2104 1 0 1 
-25.5684 -10.007 0.330128 0 0 0 0.137111 13 2105 1 0 1 
15.46 7.21891 0.313698 0 0 0 0.142141 13 2106 1 0 1 
13.8009 0.844634 0.349716 0 0 0 0.135139 13 2107 1 0 1 
7.14189 -22.069 0.339596 0 0 0 0.136998 13 2108 1 0 1 
5.27539 6.28515 0.336673 0 0 0 0.137051 13 2109 1 0 1 
3.61637 5.75178 0.313212 0 0 0 0.142075 13 2110 1 0 1 
25.8085 23.6821 0.302326 0 0 0 0.143883 13 2111 1 0 1 
4.62787 -18.0937 0.319308 0 0 0 0.141133 13 2112 1 0 1 
28.5052 17.0247 0.357678 0 0 0 0.133543 13 2113 1 0 1 
-18.6264 31.3855 0.31336 0 0 0 0.143849 13 2114 1 0 1 
-6.46329 1.27647 0.349448 0 0 0 0.135125 13 2115 1 0 1 
-22.3402 4.61429 0.357135 0 0 0 0.13483 13 2116 1 0 1 
-3.65347 -4.3342 0.212582 0 0 0 0.139998 13 2117 1 0 1 
4.17005 5.4753 0.284913 0 0 0 0.148071 13 2118 1 0 1 
-10.0765 10.2417 0.337305 0 0 0 0.136089 13 2119 1 0 1 
-14.149 3.93033 0.295983 0 0 0 0.145367 13 2120 1 0 1 
17.2342 -36.0334 0.393706 0 0 0 0.1293 13 2121 1 0 1 
10.9118 4.20236 0.343496 0 0 0 0.137379 13 2122 1 0 1 
7.66582 -12.3469 0.354782 0 0 0 0.134809 13 2123 1 0 1 
11.4288 16.2767 0.281271 0 0 0 0.146999 13 2124 1 0 1 
31.5321 -26.1113 0.314713 0 0 0 0.14201 13 2125 1 0 1 
8.10609 1.3437 0.27507 0 0 0 0.149021 13 2126 1 0 1 
-0.732872 16.261 0.343426 0 0 0 0.136185 13 2127 1 0 1 
16.55 3.02558 0.350618 0 0 0 0.134469 13 2128 1 0 1 
5.65812 19.2116 0.204377 0 0 0 0.132752 13 2129 1 0 1 
-7.87201 10.4271 0.332612 0 0 0 0.137707 13 2130 1 0 1 
-6.76924 -1.07711 0.333956 0 0 0 0.139201 13 2131 1 0 1 
-12.9261 24.7091 0.312063 0 0 0 0.143801 13 2132 1 0 1 
9.12835 3.08527 0.340024 0 0 0 0.137893 13 2133 1 0 1 
-6.69883 10.387 0.35696 0 0 0 0.131598 13 2134 1 0 1 
-1.47154 20.9751 0.283074 0 0 0 0.149596 13 2135 1 0 1 
22.4461 25.2383 0.298084 0 0 0 0.143398 13 2136 1 0 1 
24.2046 -1.84079 0.306494 0 0 0 0.142511 13 2137 1 0 1 
14.5046 -4.37975 0.323006 0 0 0 0.139417 13 2138 1 0 1 
4.55418 7.10228 0.269279 0 0 0 0.149795 13 2139 1 0 1 
31.5346 11.1087 0.339026 0 0 0 0.135231 13 2140 1 0 1 
-3.19815 -15.9175 0.315833 0 0 0 0.139966 13 2141 1 0 1 
9.21431 -11.6478 0.348521 0 0 0 0.134564 13 2142 1 0 1 
-7.07342 -10.8669 0.300564 0 0 0 0.13766 13 2143 1 0 1 
15.3825 -24.8526 0.353451 0 0 0 0.133455 13 2144 1 0 1 
12.5191 3.47832 0.300758 0 0 0 0.143889 13 2145 1 0 1 
-6.84662 16.6971 0.288386 0 0 0 0.14732 13 2146 1 0 1 
-6.3585 -13.1637 0.29558 0 0 0 0.144897 13 2147 1 0 1 
19.5868 8.78706 0.322625 0 0 0 0.142013 13 2148 1 0 1 
14.466 1.41476 0.309776 0 0 0 0.143944 13 2149 1 0 1 
0.338568 -6.50135 0.277024 0 0 0 0.140786 13 2150 1 0 1 
16.9324 7.2755 0.317983 0 0 0 0.140593 13 2151 1 0 1 
1.82666 -10.5508 0.298726 0 0 0 0.143616 13 2152 1 0 1 
-29.5086 23.4617 0.330168 0 0 0 0.138895 13 2153 1 0 1 
-1.28015 8.28246 0.377647 0 0 0 0.130648 13 2154 1 0 1 
8.77276 23.0554 0.293739 0 0 0 0.145307 13 2155 1 0 1 
23.4127 3.09346 0.35625 0 0 0 0.133928 13 2156 1 0 1 
-12.0639 5.14912 0.304577 0 0 0 0.14495 13 2157 1 0 1 
25.2653 16.1835 0.363733 0 0 0 0.13167 13 2158 1 0 1 
3.96719 -7.90466 0.302028 0 0 0 0.144028 13 2159 1 0 1 
-11.4869 21.0323 0.361103 0 0 0 0.132047 13 2160 1 0 1 
-0.537109 9.59652 0.319641 0 0 0 0.140571 13 2161 1 0 1 
-9.0508 -28.2721 0.321847 0 0 0 0.136921 13 2162 1 0 1 
12.5408 -21.1971 0.275162 0 0 0 0.150763 13 2163 1 0 1 
3.60335 17.5332 0.350319 0 0 0 0.134851 13 2164 1 0 1 
-11.8816 18.2103 0.352657 0 0 0 0.135846 13 2165 1 0 1 
2.99912 19.0834 0.328835 0 0 0 0.138043 13 2166 1 0 1 
28.2248 21.7399 0.301902 0 0 0 0.14327 13 2167 1 0 1 
6.04792 19.8299 0.299018 0 0 0 0.144223 13 2168 1 0 1 
0.388258 11.844 0.313681 0 0 0 0.140642 13 2169 1 0 1 
25.8954 1.24834 0.337681 0 0 0 0.135747 13 2170 1 0 1 
-30.8034 7.78809 0.316603 0 0 0 0.142761 13 2171 1 0 1 
8.52711 -19.5854 0.295935 0 0 0 0.144772 13 2172 1 0 1 
-24.0008 10.9079 0.305569 0 0 0 0.142907 13 2173 1 0 1 
-3.85405 -8.30189 0.308759 0 0 0 0.14225 13 2174 1 0 1 
-3.68928 9.54391 0.334033 0 0 0 0.135602 13 2175 1 0 1 
-6.09072 0.799566 0.31695 0 0 0 0.141521 13 2176 1 0 1 
29.5157 20.3395 0.338002 0 0 0 0.136569 13 2177 1 0 1 
10.6223 3.2888 0.277938 0 0 0 0.149408 13 2178 1 0 1 
-21.4362 13.9582 0.34203 0 0 0 0.135948 13 2179 1 0 1 
10.4909 -1.9754 0.300269 0 0 0 0.143271 13 2180 1 0 1 
-12.2698 -23.773 0.35984 0 0 0 0.131673 13 2181 1 0 1 
-15.0542 17.3966 0.322849 0 0 0 0.137353 13 2182 1 0 1 
-9.34181 0.394357 0.343777 0 0 0 0.136679 13 2183 1 0 1 
10.3681 -9.583 0.337023 0 0 0 0.136684 13 2184 1 0 1 
31.3599 0.725363 0.347485 0 0 0 0.134555 13 2185 1 0 1 
-17.3369 15.0189 0.314772 0 0 0 0.141594 13 2186 1 0 1 
0.976031 8.52723 0.366581 0 0 0 0.133757 13 2187 1 0 1 
6.06847 -7.6111 0.320074 0 0 0 0.140203 13 2188 1 0 1 
-5.73649 -9.99878 0.326086 0 0 0 0.139687 13 2189 1 0 1 
12.343 -1.08992 0.32089 0 0 0 0.141426 13 2190 1 0 1 
-14.8941 -1.82858 0.320155 0 0 0 0.138437 13 2191 1 0 1 
19.0096 24.6582 0.304856 0 0 0 0.142769 13 2192 1 0 1 
-1.23156 -22.6584 0.299792 0 0 0 0.14414 13 2193 1 0 1 
22.3397 9.95329 0.281366 0 0 0 0.148204 13 2194 1 0 1 
-13.52 32.1777 0.331222 0 0 0 0.137652 13 2195 1 0 1 
30.5088 19.489 0.306186 0 0 0 0.14331 13 2196 1 0 1 
9.11578 2.20713 0.279744 0 0 0 0.149116 13 2197 1 0 1 
-4.91306 12.4032 0.313714 0 0 0 0.140886 13 2198 1 0 1 
9.13218 -1.03954 0.319189 0 0 0 0.139534 13 2199 1 0 1 
-11.2968 -15.457 0.305259 0 0 0 0.142228 13 2200 1 0 1 
-13.7329 -4.09632 0.310363 0 0 0 0.141972 13 2201 1 0 1 
10.8339 -11.6469 0.321795 0 0 0 0.139616 13 2202 1 0 1 
2.74287 -5.20127 0.344585 0 0 0 0.134175 13 2203 1 0 1 
-8.98955 -24.7322 0.317291 0 0 0 0.142516 13 2204 1 0 1 
23.2876 -28.6696 0.301144 0 0 0 0.142158 13 2205 1 0 1 
-6.44022 15.8643 0.343359 0 0 0 0.136252 13 2206 1 0 1 
-2.51638 31.8425 0.314364 0 0 0 0.134992 13 2207 1 0 1 
-4.49163 -9.17926 0.303597 0 0 0 0.140834 13 2208 1 0 1 
-1.16825 -4.13835 0.335016 0 0 0 0.138499 13 2209 1 0 1 
-20.0319 13.3887 0.353724 0 0 0 0.135859 13 2210 1 0 1 
4.53277 -10.6253 0.310343 0 0 0 0.142442 13 2211 1 0 1 
10.0865 18.1444 0.314078 0 0 0 0.141326 13 2212 1 0 1 
-0.236901 5.63785 0.331346 0 0 0 0.138018 13 2213 1 0 1 
-23.5972 13.9435 0.320711 0 0 0 0.141392 13 2214 1 0 1 
19.006 17.85 0.314425 0 0 0 0.140464 13 2215 1 0 1 
8.54484 2.63639 0.290219 0 0 0 0.146999 13 2216 1 0 1 
-7.8478 -0.515283 0.327735 0 0 0 0.139106 13 2217 1 0 1 
-15.6888 -2.93403 0.326032 0 0 0 0.138069 13 2218 1 0 1 
-14.0213 -25.4393 0.327556 0 0 0 0.139721 13 2219 1 0 1 
6.88892 -20.6097 0.348965 0 0 0 0.136663 13 2220 1 0 1 
8.03279 -0.784886 0.326951 0 0 0 0.139265 13 2221 1 0 1 
-28.2844 6.40237 0.280447 0 0 0 0.149249 13 2222 1 0 1 
11.3914 10.2235 0.322026 0 0 0 0.139689 13 2223 1 0 1 
12.3067 -20.1334 0.276792 0 0 0 0.149226 13 2224 1 0 1 
0.418038 3.41529 0.308928 0 0 0 0.135607 13 2225 1 0 1 
-32.946 8.26966 0.30855 0 0 0 0.142021 13 2226 1 0 1 
17.8656 -13.6835 0.331804 0 0 0 0.137669 13 2227 1 0 1 
-8.60316 2.38233 0.31606 0 0 0 0.141657 13 2228 1 0 1 
11.0464 -7.45063 0.311548 0 0 0 0.135604 13 2229 1 0 1 
-10.6281 -6.70338 0.325935 0 0 0 0.13747 13 2230 1 0 1 
3.05797 5.13065 0.34103 0 0 0 0.135099 13 2231 1 0 1 
-9.8514 25.1867 0.323549 0 0 0 0.139862 13 2232 1 0 1 
30.4209 13.9358 0.337596 0 0 0 0.134841 13 2233 1 0 1 
2.15963 15.9061 0.320006 0 0 0 0.139082 13 2234 1 0 1 
-4.13597 -20.2925 0.351875 0 0 0 0.133416 13 2235 1 0 1 
-1.11952 6.36542 0.342536 0 0 0 0.134903 13 2236 1 0 1 
-24.2726 -0.355931 0.303185 0 0 0 0.142597 13 2237 1 0 1 
14.1954 -23.0297 0.33886 0 0 0 0.133926 13 2238 1 0 1 
-9.30077 22.3096 0.276096 0 0 0 0.147607 13 2239 1 0 1 
3.8576 -1.07956 0.31498 0 0 0 0.142688 13 2240 1 0 1 
20.6039 -0.464501 0.30881 0 0 0 0.142787 13 2241 1 0 1 
5.8686 -0.507778 0.326895 0 0 0 0.139221 13 2242 1 0 1 
0.837953 15.2093 0.322747 0 0 0 0.14004 13 2243 1 0 1 
9.56784 15.6026 0.349177 0 0 0 0.133421 13 2244 1 0 1 
-23.6054 24.6972 0.30284 0 0 0 0.144428 13 2245 1 0 1 
-7.60733 -7.88217 0.33774 0 0 0 0.13429 13 2246 1 0 1 
-4.12803 -10.0054 0.361053 0 0 0 0.13383 13 2247 1 0 1 
2.71199 -1.09041 0.379099 0 0 0 0.129945 13 2248 1 0 1 
-20.21 -10.0826 0.288535 0 0 0 0.146881 13 2249 1 0 1 
13.3771 -15.621 0.309403 0 0 0 0.14281 13 2250 1 0 1 
-12.468 4.18087 0.327047 0 0 0 0.139512 13 2251 1 0 1 
-18.7309 19.2254 0.335217 0 0 0 0.137862 13 2252 1 0 1 
-3.34086 -6.66936 0.31207 0 0 0 0.141236 13 2253 1 0 1 
-13.7036 11.5596 0.32234 0 0 0 0.140187 13 2254 1 0 1 
-11.1003 16.0613 0.331737 0 0 0 0.137774 13 2255 1 0 1 
2.39515 -3.62456 0.295135 0 0 0 0.145143 13 2256 1 0 1 
6.99604 6.29363 0.340395 0 0 0 0.136305 13 2257 1 0 1 
2.64404 1.9181 0.31824 0 0 0 0.141592 13 2258 1 0 1 
9.86623 27.1262 0.331782 0 0 0 0.137355 13 2259 1 0 1 
6.05483 -7.14955 0.316166 0 0 0 0.141997 13 2260 1 0 1 
19.9247 -18.3165 0.324402 0 0 0 0.138628 13 2261 1 0 1 
-5.05246 -9.29203 0.322368 0 0 0 0.139111 13 2262 1 0 1 
-2.07699 14.518 0.413909 0 0 0 0.128033 13 2263 1 0 1 
-4.33274 29.01 0.341978 0 0 0 0.135144 13 2264 1 0 1 
-4.49488 1.57043 0.346333 0 0 0 0.134419 13 2265 1 0 1 
-4.87446 -14.677 0.289339 0 0 0 0.14643 13 2266 1 0 1 
6.93255 18.4739 0.32628 0 0 0 0.138011 13 2267 1 0 1 
-16.9399 -8.38556 0.32656 0 0 0 0.13907 13 2268 1 0 1 
-7.22669 1.46827 0.351034 0 0 0 0.13559 13 2269 1 0 1 
-19.6247 17.493 0.28001 0 0 0 0.147737 13 2270 1 0 1 
-14.6052 -19.3218 0.307185 0 0 0 0.142231 13 2271 1 0 1 
9.25971 -5.97983 0.3282 0 0 0 0.139747 13 2272 1 0 1 
-9.34538 0.823244 0.316787 0 0 0 0.141281 13 2273 1 0 1 
10.2531 2.084 0.304718 0 0 0 0.144278 13 2274 1 0 1 
-22.8856 -38.6763 0.325123 0 0 0 0.139779 13 2275 1 0 1 
16.5322 -25.3022 0.320031 0 0 0 0.14187 13 2276 1 0 1 
12.1479 -7.6606 0.262864 0 0 0 0.154097 13 2277 1 0 1 
6.8333 1.47878 0.345144 0 0 0 0.136417 13 2278 1 0 1 
17.5758 38.7294 0.325343 0 0 0 0.139228 13 2279 1 0 1 
-7.07965 5.36907 0.351714 0 0 0 0.132778 13 2280 1 0 1 
-19.8213 10.8316 0.362107 0 0 0 0.131958 13 2281 1 0 1 
-9.65776 6.16726 0.309408 0 0 0 0.141541 13 2282 1 0 1 
-14.8406 -5.81354 0.34058 0 0 0 0.135783 13 2283 1 0 1 
-7.18683 10.7737 0.307552 0 0 0 0.141541 13 2284 1 0 1 
-4.86179 -21.8141 0.312313 0 0 0 0.142867 13 2285 1 0 1 
-7.24101 31.7093 0.355235 0 0 0 0.131852 13 2286 1 0 1 
21.2925 16.2534 0.300884 0 0 0 0.143192 13 2287 1 0 1 
-0.726583 -6.2573 0.312298 0 0 0 0.141057 13 2288 1 0 1 
2.98354 -24.4321 0.302717 0 0 0 0.14447 13 2289 1 0 1 
-7.94012 -4.90883 0.305557 0 0 0 0.141903 13 2290 1 0 1 
-34.7895 -4.34434 0.3208 0 0 0 0.140147 13 2291 1 0 1 
14.9774 -9.41088 0.325445 0 0 0 0.138461 13 2292 1 0 1 
1.94811 -0.590046 0.344848 0 0 0 0.136316 13 2293 1 0 1 
34.4931 15.8084 0.286125 0 0 0 0.147667 13 2294 1 0 1 
11.7422 3.22369 0.318597 0 0 0 0.139417 13 2295 1 0 1 
15.1754 -5.98509 0.300184 0 0 0 0.143478 13 2296 1 0 1 
24.4461 10.3606 0.313695 0 0 0 0.141141 13 2297 1 0 1 
18.7736 21.2991 0.31542 0 0 0 0.139525 13 2298 1 0 1 
-2.62843 -7.87805 0.318716 0 0 0 0.140327 13 2299 1 0 1 
-12.7947 -0.203329 0.309767 0 0 0 0.14408 13 2300 1 0 1 
4.26052 24.4186 0.294563 0 0 0 0.144725 13 2301 1 0 1 
24.1684 -13.1684 0.277469 0 0 0 0.149735 13 2302 1 0 1 
-4.89801 7.06176 0.32547 0 0 0 0.138125 13 2303 1 0 1 
-18.55 0.131224 0.35412 0 0 0 0.133839 13 2304 1 0 1 
-0.408525 33.6358 0.343716 0 0 0 0.134668 13 2305 1 0 1 
10.3561 8.78889 0.344831 0 0 0 0.135133 13 2306 1 0 1 
9.15137 -0.203937 0.317966 0 0 0 0.141572 13 2307 1 0 1 
-1.03805 19.2891 0.341485 0 0 0 0.135767 13 2308 1 0 1 
-14.1715 -7.94348 0.326494 0 0 0 0.140392 13 2309 1 0 1 
18.6927 -31.5414 0.353877 0 0 0 0.132752 13 2310 1 0 1 
-12.6551 7.90375 0.348345 0 0 0 0.134077 13 2311 1 0 1 
-6.16967 -1.70302 0.300099 0 0 0 0.145073 13 2312 1 0 1 
-23.1107 -0.0331192 0.278724 0 0 0 0.149682 13 2313 1 0 1 
-10.7352 13.2547 0.319035 0 0 0 0.140851 13 2314 1 0 1 
-14.4662 12.3574 0.342044 0 0 0 0.137467 13 2315 1 0 1 
-18.201 18.2706 0.313968 0 0 0 0.142491 13 2316 1 0 1 
17.1622 22.8603 0.294125 0 0 0 0.146958 13 2317 1 0 1 
-13.931 1.50298 0.384725 0 0 0 0.128977 13 2318 1 0 1 
11.1032 -2.78928 0.337797 0 0 0 0.13716 13 2319 1 0 1 
33.3924 -8.14035 0.324581 0 0 0 0.139477 13 2320 1 0 1 
-12.4211 -13.87 0.331266 0 0 0 0.138091 13 2321 1 0 1 
-14.2627 14.4866 0.278052 0 0 0 0.149513 13 2322 1 0 1 
9.75933 -7.79094 0.333123 0 0 0 0.138243 13 2323 1 0 1 
-6.38391 14.591 0.3068 0 0 0 0.142283 13 2324 1 0 1 
-18.9497 -22.3126 0.336256 0 0 0 0.135334 13 2325 1 0 1 
13.168 0.375572 0.308287 0 0 0 0.142383 13 2326 1 0 1 
2.45083 -2.23549 0.320502 0 0 0 0.139762 13 2327 1 0 1 
-23.8684 -7.16462 0.337752 0 0 0 0.135219 13 2328 1 0 1 
17.0829 -12.0402 0.338167 0 0 0 0.137052 13 2329 1 0 1 
3.79197 11.9701 0.298381 0 0 0 0.144097 13 2330 1 0 1 
13.5287 11.7961 0.360538 0 0 0 0.132711 13 2331 1 0 1 
5.13502 35.4353 0.28719 0 0 0 0.145888 13 2332 1 0 1 
-2.06655 0.0185684 0.341515 0 0 0 0.137531 13 2333 1 0 1 
7.45412 -15.8681 0.359296 0 0 0 0.134772 13 2334 1 0 1 
19.631 -18.9402 0.32353 0 0 0 0.140176 13 2335 1 0 1 
19.4087 28.8 0.284184 0 0 0 0.147994 13 2336 1 0 1 
-10.5693 0.65029 0.286008 0 0 0 0.147798 13 2337 1 0 1 
19.1099 -11.3085 0.327094 0 0 0 0.139986 13 2338 1 0 1 
-2.74312 12.8958 0.324824 0 0 0 0.140452 13 2339 1 0 1 
-0.886244 -11.7912 0.314631 0 0 0 0.142048 13 2340 1 0 1 
12.0119 2.92042 0.358899 0 0 0 0.134402 13 2341 1 0 1 
9.55035 -16.1915 0.32942 0 0 0 0.139633 13 2342 1 0 1 
-28.5877 6.15309 0.316207 0 0 0 0.139509 13 2343 1 0 1 
-13.7478 -20.1623 0.313271 0 0 0 0.140667 13 2344 1 0 1 
-18.7589 5.3671 0.311416 0 0 0 0.143222 13 2345 1 0 1 
-6.08308 -5.59829 0.317715 0 0 0 0.139915 13 2346 1 0 1 
-3.10235 -19.3775 0.307357 0 0 0 0.142318 13 2347 1 0 1 
16.3838 -1.62719 0.324969 0 0 0 0.140251 13 2348 1 0 1 
5.21474 -3.32659 0.36227 0 0 0 0.133255 13 2349 1 0 1 
2.17993 46.8519 0.369622 0 0 0 0.132294 13 2350 1 0 1 
-3.95114 -17.0723 0.324687 0 0 0 0.14113 13 2351 1 0 1 
1.51812 -12.2058 0.329692 0 0 0 0.137011 13 2352 1 0 1 
4.38703 1.25195 0.336811 0 0 0 0.137187 13 2353 1 0 1 
-0.160201 -0.189671 0.328526 0 0 0 0.139197 13 2354 1 0 1 
-42.4743 -3.66079 0.337183 0 0 0 0.134732 13 2355 1 0 1 
9.17218 -1.92174 0.290389 0 0 0 0.145901 13 2356 1 0 1 
-28.1998 6.108 0.348454 0 0 0 0.13642 13 2357 1 0 1 
-33.678 -20.1023 0.343413 0 0 0 0.137025 13 2358 1 0 1 
4.65979 19.6545 0.351174 0 0 0 0.134357 13 2359 1 0 1 
10.2989 -4.63645 0.298445 0 0 0 0.143392 13 2360 1 0 1 
18.334 -4.00838 0.363183 0 0 0 0.131524 13 2361 1 0 1 
-7.78361 -8.74183 0.288953 0 0 0 0.145246 13 2362 1 0 1 
-1.51908 -5.81895 0.286901 0 0 0 0.14633 13 2363 1 0 1 
3.37238 -6.28156 0.310674 0 0 0 0.143463 13 2364 1 0 1 
-7.97964 14.7342 0.348604 0 0 0 0.135185 13 2365 1 0 1 
2.33085 1.23093 0.351628 0 0 0 0.135139 13 2366 1 0 1 
-14.6141 8.42291 0.3414 0 0 0 0.135669 13 2367 1 0 1 
4.09957 -17.0526 0.323662 0 0 0 0.142254 13 2368 1 0 1 
4.90294 28.5879 0.340857 0 0 0 0.132657 13 2369 1 0 1 
-8.32411 -7.9715 0.327441 0 0 0 0.136033 13 2370 1 0 1 
24.5599 6.34136 0.379788 0 0 0 0.129685 13 2371 1 0 1 
-17.6623 -2.56534 0.280968 0 0 0 0.148272 13 2372 1 0 1 
9.14913 5.19096 0.338091 0 0 0 0.136658 13 2373 1 0 1 
47.3236 15.9669 0.298452 0 0 0 0.144308 13 2374 1 0 1 
13.9135 -6.97529 0.328475 0 0 0 0.138037 13 2375 1 0 1 
5.30522 15.5071 0.276287 0 0 0 0.148784 13 2376 1 0 1 
11.5055 2.30836 0.367814 0 0 0 0.132508 13 2377 1 0 1 
1.39409 -29.3528 0.329986 0 0 0 0.138983 13 2378 1 0 1 
-9.72195 18.218 0.269487 0 0 0 0.150042 13 2379 1 0 1 
-5.14966 24.9421 0.33065 0 0 0 0.138659 13 2380 1 0 1 
-25.7435 -30.3909 0.346342 0 0 0 0.134941 13 2381 1 0 1 
2.31844 2.02387 0.309431 0 0 0 0.143878 13 2382 1 0 1 
-15.788 14.3759 0.356941 0 0 0 0.13216 13 2383 1 0 1 
-10.4935 -6.69864 0.325177 0 0 0 0.139576 13 2384 1 0 1 
-4.61021 -5.78202 0.329747 0 0 0 0.137178 13 2385 1 0 1 
-0.300916 -1.4783 0.30575 0 0 0 0.143479 13 2386 1 0 1 
2.07035 -3.16895 0.279618 0 0 0 0.145546 13 2387 1 0 1 
-11.8287 -5.25685 0.294445 0 0 0 0.145066 13 2388 1 0 1 
12.5838 9.56197 0.301159 0 0 0 0.14498 13 2389 1 0 1 
-11.0057 3.95435 0.356347 0 0 0 0.13195 13 2390 1 0 1 
-3.35565 26.5344 0.320038 0 0 0 0.140409 13 2391 1 0 1 
-3.85647 -16.3049 0.288317 0 0 0 0.14735 13 2392 1 0 1 
-9.27976 -23.3074 0.341171 0 0 0 0.136483 13 2393 1 0 1 
-5.60907 11.1872 0.315847 0 0 0 0.141795 13 2394 1 0 1 
-12.9941 -4.364 0.337508 0 0 0 0.137083 13 2395 1 0 1 
-32.4696 -16.2669 0.299287 0 0 0 0.143821 13 2396 1 0 1 
5.81694 -8.8274 0.314905 0 0 0 0.142708 13 2397 1 0 1 
2.30225 25.0381 0.321334 0 0 0 0.139614 13 2398 1 0 1 
2.73452 27.7123 0.303354 0 0 0 0.143705 13 2399 1 0 1 
6.86853 41.9214 0.301545 0 0 0 0.143999 13 2400 1 0 1 
26.1774 -0.969094 0.288426 0 0 0 0.146998 13 2401 1 0 1 
-19.9008 5.0053 0.338456 0 0 0 0.135389 13 2402 1 0 1 
9.97286 -1.61281 0.276311 0 0 0 0.150201 13 2403 1 0 1 
-5.68022 11.6103 0.317412 0 0 0 0.140875 13 2404 1 0 1 
1.81639 -22.3307 0.329863 0 0 0 0.138293 13 2405 1 0 1 
7.74482 -3.80591 0.337633 0 0 0 0.136474 13 2406 1 0 1 
12.6574 28.3364 0.350869 0 0 0 0.135191 13 2407 1 0 1 
7.77447 -37.3031 0.332849 0 0 0 0.139142 13 2408 1 0 1 
-13.1969 39.4308 0.333072 0 0 0 0.13701 13 2409 1 0 1 
-14.7822 0.725227 0.323038 0 0 0 0.139902 13 2410 1 0 1 
3.19982 3.39048 0.339217 0 0 0 0.137085 13 2411 1 0 1 
-7.64124 -2.86377 0.32471 0 0 0 0.138328 13 2412 1 0 1 
-24.0147 14.1678 0.315081 0 0 0 0.142121 13 2413 1 0 1 
-6.99273 -7.19099 0.357456 0 0 0 0.134605 13 2414 1 0 1 
10.8843 -23.4074 0.325288 0 0 0 0.139429 13 2415 1 0 1 
2.93853 1.70079 0.293127 0 0 0 0.144623 13 2416 1 0 1 
-11.7297 3.264 0.297235 0 0 0 0.14575 13 2417 1 0 1 
-17.0457 1.30964 0.327746 0 0 0 0.140951 13 2418 1 0 1 
-22.2047 -20.5049 0.334501 0 0 0 0.138932 13 2419 1 0 1 
-4.50352 -12.3771 0.309397 0 0 0 0.143593 13 2420 1 0 1 
-31.614 6.5936 0.295199 0 0 0 0.146049 13 2421 1 0 1 
-14.7164 -7.9454 0.277917 0 0 0 0.147737 13 2422 1 0 1 
-16.2986 -27.7607 0.322462 0 0 0 0.139286 13 2423 1 0 1 
24.8263 -12.7018 0.329461 0 0 0 0.138552 13 2424 1 0 1 
-36.9548 4.36756 0.28719 0 0 0 0.14778 13 2425 1 0 1 
0.450151 8.10475 0.325023 0 0 0 0.139724 13 2426 1 0 1 
-12.2446 3.3698 0.330879 0 0 0 0.137646 13 2427 1 0 1 
-1.88348 2.49681 0.302242 0 0 0 0.145025 13 2428 1 0 1 
0.626428 -9.30729 0.310248 0 0 0 0.141527 13 2429 1 0 1 
-3.79359 -19.4745 0.320146 0 0 0 0.140766 13 2430 1 0 1 
-0.363751 11.3227 0.345895 0 0 0 0.136234 13 2431 1 0 1 
7.38405 6.59139 0.330675 0 0 0 0.138064 13 2432 1 0 1 
6.81749 -12.0828 0.279893 0 0 0 0.147557 13 2433 1 0 1 
4.0613 -8.81578 0.309236 0 0 0 0.143523 13 2434 1 0 1 
12.9348 24.3394 0.347194 0 0 0 0.136484 13 2435 1 0 1 
0.914378 2.02261 0.299334 0 0 0 0.143763 13 2436 1 0 1 
13.7415 11.2997 0.338484 0 0 0 0.133302 13 2437 1 0 1 
-2.78595 1.10979 0.35165 0 0 0 0.134551 13 2438 1 0 1 
-4.05069 -22.9715 0.342808 0 0 0 0.136356 13 2439 1 0 1 
-2.18519 31.1663 0.32133 0 0 0 0.139435 13 2440 1 0 1 
22.1012 16.247 0.302007 0 0 0 0.143365 13 2441 1 0 1 
18.084 -6.61953 0.30417 0 0 0 0.14224 13 2442 1 0 1 
-23.7224 -3.61968 0.305341 0 0 0 0.144319 13 2443 1 0 1 
-25.0943 -8.46037 0.324559 0 0 0 0.138867 13 2444 1 0 1 
3.67258 15.413 0.334495 0 0 0 0.136316 13 2445 1 0 1 
-0.89077 -38.0222 0.328291 0 0 0 0.139238 13 2446 1 0 1 
-3.43728 4.54564 0.329302 0 0 0 0.139298 13 2447 1 0 1 
-6.42833 -5.05818 0.335914 0 0 0 0.138231 13 2448 1 0 1 
-4.40226 -2.21998 0.334973 0 0 0 0.138574 13 2449 1 0 1 
13.6844 9.45678 0.328855 0 0 0 0.140222 13 2450 1 0 1 
-1.47229 19.0354 0.326751 0 0 0 0.140706 13 2451 1 0 1 
14.0294 14.7432 0.335816 0 0 0 0.138488 13 2452 1 0 1 
-3.94976 -5.72774 0.277098 0 0 0 0.149456 13 2453 1 0 1 
-2.70022 8.27987 0.317835 0 0 0 0.142317 13 2454 1 0 1 
-10.9749 -5.21543 0.352172 0 0 0 0.13413 13 2455 1 0 1 
6.59104 -1.97611 0.324342 0 0 0 0.137827 13 2456 1 0 1 
10.1869 15.51 0.328197 0 0 0 0.139301 13 2457 1 0 1 
-7.30323 18.888 0.329401 0 0 0 0.139383 13 2458 1 0 1 
-31.2034 3.94816 0.359783 0 0 0 0.13326 13 2459 1 0 1 
13.5789 -17.2104 0.290521 0 0 0 0.146795 13 2460 1 0 1 
-5.40852 -14.6788 0.365668 0 0 0 0.132244 13 2461 1 0 1 
12.7425 4.13327 0.285936 0 0 0 0.145804 13 2462 1 0 1 
20.1694 12.4888 0.343407 0 0 0 0.135767 13 2463 1 0 1 
1.4476 -8.69773 0.301916 0 0 0 0.143395 13 2464 1 0 1 
8.90318 -24.9807 0.310328 0 0 0 0.14262 13 2465 1 0 1 
-5.45898 -1.57864 0.29774 0 0 0 0.145435 13 2466 1 0 1 
3.77602 -16.675 0.340714 0 0 0 0.137202 13 2467 1 0 1 
-12.557 12.0608 0.287933 0 0 0 0.144008 13 2468 1 0 1 
-4.21451 6.77737 0.27056 0 0 0 0.150079 13 2469 1 0 1 
-17.1564 19.4949 0.294063 0 0 0 0.145249 13 2470 1 0 1 
17.6969 -16.8217 0.314131 0 0 0 0.141536 13 2471 1 0 1 
-7.23976 -14.5952 0.309239 0 0 0 0.142182 13 2472 1 0 1 
10.6216 -21.5312 0.211419 0 0 0 0.144287 13 2473 1 0 1 
20.582 21.7617 0.344442 0 0 0 0.136293 13 2474 1 0 1 
-13.2816 -15.1978 0.324288 0 0 0 0.138667 13 2475 1 0 1 
1.24113 -32.1576 0.329677 0 0 0 0.138634 13 2476 1 0 1 
-1.87027 8.97487 0.298907 0 0 0 0.145908 13 2477 1 0 1 
-19.152 -8.29437 0.306603 0 0 0 0.144596 13 2478 1 0 1 
12.0448 10.8991 0.285339 0 0 0 0.148139 13 2479 1 0 1 
8.37464 3.72712 0.33573 0 0 0 0.136642 13 2480 1 0 1 
-4.50843 15.0969 0.285962 0 0 0 0.147702 13 2481 1 0 1 
7.70235 15.9315 0.305227 0 0 0 0.143052 13 2482 1 0 1 
25.5305 18.084 0.35521 0 0 0 0.132614 13 2483 1 0 1 
3.2141 12.8284 0.348582 0 0 0 0.133694 13 2484 1 0 1 
-35.0146 2.28864 0.33872 0 0 0 0.136364 13 2485 1 0 1 
11.1869 29.0468 0.314576 0 0 0 0.1421 13 2486 1 0 1 
-12.5409 4.97035 0.326148 0 0 0 0.137744 13 2487 1 0 1 
-4.7995 5.37221 0.328629 0 0 0 0.139286 13 2488 1 0 1 
-5.97945 -2.92207 0.313218 0 0 0 0.142242 13 2489 1 0 1 
-10.9803 -7.65341 0.262437 0 0 0 0.152543 13 2490 1 0 1 
3.70427 -0.340369 0.339585 0 0 0 0.13617 13 2491 1 0 1 
12.1469 -18.5911 0.317268 0 0 0 0.141989 13 2492 1 0 1 
16.7816 10.7227 0.318761 0 0 0 0.140414 13 2493 1 0 1 
4.57432 4.52076 0.303494 0 0 0 0.143921 13 2494 1 0 1 
-19.4049 9.75139 0.355558 0 0 0 0.132014 13 2495 1 0 1 
-0.711714 -4.07909 0.379446 0 0 0 0.12973 13 2496 1 0 1 
5.45233 17.8574 0.32075 0 0 0 0.141266 13 2497 1 0 1 
12.5604 -13.5392 0.29534 0 0 0 0.144607 13 2498 1 0 1 
5.55717 2.87342 0.338186 0 0 0 0.138179 13 2499 1 0 1 
6.62939 17.8113 0.31183 0 0 0 0.141573 13 2500 1 0 1 
19.9704 11.6042 0.310286 0 0 0 0.140936 13 2501 1 0 1 
-0.833954 -9.98452 0.336493 0 0 0 0.136899 13 2502 1 0 1 
25.5048 -3.91309 0.307441 0 0 0 0.141795 13 2503 1 0 1 
-16.8194 3.89949 0.349522 0 0 0 0.134543 13 2504 1 0 1 
13.519 9.24758 0.293602 0 0 0 0.14498 13 2505 1 0 1 
-10.5276 12.4053 0.334577 0 0 0 0.13768 13 2506 1 0 1 
9.27849 2.15053 0.359427 0 0 0 0.133319 13 2507 1 0 1 
-36.6814 -4.8563 0.28889 0 0 0 0.143766 13 2508 1 0 1 
-49.7373 -9.6266 0.307158 0 0 0 0.142029 13 2509 1 0 1 
-3.4303 -0.22508 0.338353 0 0 0 0.137195 13 2510 1 0 1 
0.00601146 26.2854 0.321588 0 0 0 0.140842 13 2511 1 0 1 
-39.356 -19.1608 0.281303 0 0 0 0.14887 13 2512 1 0 1 
8.09004 20.9139 0.337317 0 0 0 0.138234 13 2513 1 0 1 
-16.1554 14.1814 0.306498 0 0 0 0.141774 13 2514 1 0 1 
-7.77972 11.5959 0.292289 0 0 0 0.147614 13 2515 1 0 1 
-20.9601 -17.1139 0.253807 0 0 0 0.136148 13 2516 1 0 1 
6.18659 5.3521 0.3436 0 0 0 0.135403 13 2517 1 0 1 
6.83406 -5.92615 0.283619 0 0 0 0.148413 13 2518 1 0 1 
1.40891 26.0379 0.366648 0 0 0 0.13167 13 2519 1 0 1 
12.5846 11.0165 0.326599 0 0 0 0.139325 13 2520 1 0 1 
12.1566 -16.0316 0.333403 0 0 0 0.139467 13 2521 1 0 1 
-2.24226 19.5598 0.338752 0 0 0 0.134715 13 2522 1 0 1 
-12.805 -7.04446 0.32134 0 0 0 0.139866 13 2523 1 0 1 
-7.96579 -26.6904 0.302263 0 0 0 0.144673 13 2524 1 0 1 
-0.503703 -22.6794 0.323788 0 0 0 0.140291 13 2525 1 0 1 
17.4629 1.95535 0.285745 0 0 0 0.147204 13 2526 1 0 1 
3.17811 9.97913 0.334302 0 0 0 0.137278 13 2527 1 0 1 
1.97109 8.23151 0.311245 0 0 0 0.141594 13 2528 1 0 1 
-0.671814 -2.34327 0.318414 0 0 0 0.140392 13 2529 1 0 1 
14.0146 0.739696 0.343715 0 0 0 0.134504 13 2530 1 0 1 
3.91313 4.56407 0.291927 0 0 0 0.147594 13 2531 1 0 1 
15.7988 6.22217 0.319404 0 0 0 0.140872 13 2532 1 0 1 
5.15403 -1.22992 0.349917 0 0 0 0.133414 13 2533 1 0 1 
24.7517 -15.6584 0.401237 0 0 0 0.128149 13 2534 1 0 1 
16.015 14.9779 0.295608 0 0 0 0.146262 13 2535 1 0 1 
-14.1344 -8.64629 0.285785 0 0 0 0.147611 13 2536 1 0 1 
0.566125 10.0169 0.287052 0 0 0 0.148227 13 2537 1 0 1 
9.28755 27.3081 0.344747 0 0 0 0.138301 13 2538 1 0 1 
38.7409 -20.3735 0.338844 0 0 0 0.137963 13 2539 1 0 1 
-5.92374 -16.3837 0.27258 0 0 0 0.152196 13 2540 1 0 1 
8.55253 -13.8919 0.299682 0 0 0 0.144429 13 2541 1 0 1 
-1.97835 14.0742 0.345886 0 0 0 0.13573 13 2542 1 0 1 
-11.9335 -17.125 0.314017 0 0 0 0.142015 13 2543 1 0 1 
-3.59326 7.11077 0.357277 0 0 0 0.134107 13 2544 1 0 1 
4.17074 -13.1677 0.334434 0 0 0 0.137926 13 2545 1 0 1 
-25.5193 -10.7295 0.336166 0 0 0 0.137954 13 2546 1 0 1 
-19.5068 8.23676 0.322378 0 0 0 0.139921 13 2547 1 0 1 
-5.53301 24.9104 0.288838 0 0 0 0.147202 13 2548 1 0 1 
-8.6008 -0.623114 0.313376 0 0 0 0.140329 13 2549 1 0 1 
-33.5173 -16.6365 0.285209 0 0 0 0.147901 13 2550 1 0 1 
12.76 -24.746 0.322724 0 0 0 0.140273 13 2551 1 0 1 
-7.13217 3.14664 0.354244 0 0 0 0.136141 13 2552 1 0 1 
-10.4141 5.45995 0.329099 0 0 0 0.137737 13 2553 1 0 1 
-17.0791 -16.1327 0.31544 0 0 0 0.141116 13 2554 1 0 1 
-12.5404 -10.3716 0.267216 0 0 0 0.152689 13 2555 1 0 1 
-8.62697 1.99015 0.342214 0 0 0 0.136732 13 2556 1 0 1 
-7.50933 -3.25334 0.339099 0 0 0 0.137134 13 2557 1 0 1 
21.2419 15.0957 0.331106 0 0 0 0.138076 13 2558 1 0 1 
-0.278445 0.166765 0.291524 0 0 0 0.145109 13 2559 1 0 1 
-3.43904 10.3344 0.299513 0 0 0 0.145987 13 2560 1 0 1 
-16.7247 -4.36409 0.35771 0 0 0 0.133957 13 2561 1 0 1 
-9.61625 -16.6865 0.331093 0 0 0 0.137316 13 2562 1 0 1 
15.6629 -3.41411 0.349526 0 0 0 0.136931 13 2563 1 0 1 
-3.50886 15.7477 0.320638 0 0 0 0.141888 13 2564 1 0 1 
6.84217 28.5166 0.311332 0 0 0 0.142315 13 2565 1 0 1 
23.8398 10.7051 0.326658 0 0 0 0.139689 13 2566 1 0 1 
-7.57184 -4.96105 0.328421 0 0 0 0.137952 13 2567 1 0 1 
-17.563 1.35699 0.353038 0 0 0 0.133922 13 2568 1 0 1 
-20.2218 -13.4277 0.33202 0 0 0 0.137417 13 2569 1 0 1 
-4.50435 -8.39126 0.366188 0 0 0 0.132423 13 2570 1 0 1 
0.989692 -10.5108 0.315486 0 0 0 0.142594 13 2571 1 0 1 
7.61294 -3.61443 0.315764 0 0 0 0.141608 13 2572 1 0 1 
-5.5011 -5.41648 0.309821 0 0 0 0.142329 13 2573 1 0 1 
9.28303 23.0538 0.333244 0 0 0 0.13797 13 2574 1 0 1 
5.94691 11.7321 0.33728 0 0 0 0.136711 13 2575 1 0 1 
-12.7834 22.8258 0.344536 0 0 0 0.134642 13 2576 1 0 1 
16.6417 17.6066 0.392833 0 0 0 0.130681 13 2577 1 0 1 
-14.6155 -21.5636 0.298494 0 0 0 0.144423 13 2578 1 0 1 
-13.9564 6.02114 0.318819 0 0 0 0.141064 13 2579 1 0 1 
15.0728 13.8348 0.325397 0 0 0 0.140322 13 2580 1 0 1 
17.7236 -20.2114 0.332436 0 0 0 0.137904 13 2581 1 0 1 
-5.38035 6.78426 0.31621 0 0 0 0.141192 13 2582 1 0 1 
-10.5714 1.96299 0.322168 0 0 0 0.140715 13 2583 1 0 1 
52.7426 2.51471 0.340766 0 0 0 0.136286 13 2584 1 0 1 
13.475 0.831063 0.317046 0 0 0 0.141423 13 2585 1 0 1 
-16.7459 21.3643 0.298283 0 0 0 0.145618 13 2586 1 0 1 
-17.1439 8.57519 0.290152 0 0 0 0.145846 13 2587 1 0 1 
-10.7311 16.7579 0.293943 0 0 0 0.144657 13 2588 1 0 1 
-17.8807 -9.52093 0.336527 0 0 0 0.137602 13 2589 1 0 1 
10.1763 -3.8484 0.332451 0 0 0 0.133221 13 2590 1 0 1 
-17.4597 18.8604 0.304885 0 0 0 0.143539 13 2591 1 0 1 
-5.44867 -11.0121 0.330004 0 0 0 0.136537 13 2592 1 0 1 
20.1934 5.02169 0.36289 0 0 0 0.130455 13 2593 1 0 1 
2.06858 33.2858 0.332126 0 0 0 0.139028 13 2594 1 0 1 
-7.84061 22.276 0.336999 0 0 0 0.138133 13 2595 1 0 1 
-1.66655 -23.1141 0.299753 0 0 0 0.143661 13 2596 1 0 1 
18.9555 -20.8603 0.302893 0 0 0 0.144174 13 2597 1 0 1 
-23.8094 29.7351 0.322546 0 0 0 0.139263 13 2598 1 0 1 
-2.8853 -11.2403 0.341062 0 0 0 0.136716 13 2599 1 0 1 
-0.641444 33.8325 0.310915 0 0 0 0.141352 13 2600 1 0 1 
5.29485 -11.8256 0.315837 0 0 0 0.141868 13 2601 1 0 1 
-20.7765 -13.5379 0.29751 0 0 0 0.145337 13 2602 1 0 1 
38.6195 10.2923 0.315451 0 0 0 0.13968 13 2603 1 0 1 
7.55078 -21.5223 0.326777 0 0 0 0.13922 13 2604 1 0 1 
-19.0154 10.7435 0.293288 0 0 0 0.145058 13 2605 1 0 1 
-8.66311 0.205669 0.315387 0 0 0 0.143169 13 2606 1 0 1 
1.64703 9.21585 0.348889 0 0 0 0.135874 13 2607 1 0 1 
14.745 -15.5755 0.296588 0 0 0 0.145125 13 2608 1 0 1 
1.50882 22.1796 0.351778 0 0 0 0.135084 13 2609 1 0 1 
2.08705 -0.475814 0.310258 0 0 0 0.142045 13 2610 1 0 1 
19.6081 4.80429 0.315465 0 0 0 0.140878 13 2611 1 0 1 
-10.3805 5.5257 0.301553 0 0 0 0.143765 13 2612 1 0 1 
-28.8332 0.521071 0.303387 0 0 0 0.143321 13 2613 1 0 1 
-6.76403 -1.78356 0.290491 0 0 0 0.1445 13 2614 1 0 1 
11.9403 -28.2885 0.332338 0 0 0 0.137849 13 2615 1 0 1 
-12.5639 -23.4792 0.301402 0 0 0 0.144737 13 2616 1 0 1 
-8.65856 13.0139 0.338784 0 0 0 0.135773 13 2617 1 0 1 
1.47694 -1.1289 0.31565 0 0 0 0.142906 13 2618 1 0 1 
-1.3196 1.20853 0.332616 0 0 0 0.138582 13 2619 1 0 1 
26.2339 6.69568 0.355896 0 0 0 0.135516 13 2620 1 0 1 
24.9805 -27.9373 0.283926 0 0 0 0.147866 13 2621 1 0 1 
-1.98734 27.1337 0.362574 0 0 0 0.132113 13 2622 1 0 1 
-1.19126 -14.3514 0.333517 0 0 0 0.137466 13 2623 1 0 1 
2.00808 -11.5354 0.346435 0 0 0 0.135579 13 2624 1 0 1 
-20.8447 -16.963 0.326076 0 0 0 0.139589 13 2625 1 0 1 
-6.71106 -4.10744 0.349667 0 0 0 0.133947 13 2626 1 0 1 
-1.33353 -1.19534 0.324742 0 0 0 0.139733 13 2627 1 0 1 
-16.2055 -15.963 0.343924 0 0 0 0.137378 13 2628 1 0 1 
-25.78 -18.6418 0.256911 0 0 0 0.155284 13 2629 1 0 1 
24.9711 6.68332 0.368676 0 0 0 0.1323 13 2630 1 0 1 
-12.4909 5.34274 0.336045 0 0 0 0.138034 13 2631 1 0 1 
6.84429 -2.35707 0.289707 0 0 0 0.145983 13 2632 1 0 1 
-19.0589 15.1991 0.285077 0 0 0 0.148041 13 2633 1 0 1 
-5.12979 -14.5121 0.340196 0 0 0 0.137429 13 2634 1 0 1 
-12.4346 8.82878 0.341223 0 0 0 0.137574 13 2635 1 0 1 
1.7692 15.7248 0.306068 0 0 0 0.142573 13 2636 1 0 1 
12.5124 10.5558 0.33747 0 0 0 0.13721 13 2637 1 0 1 
-11.2271 7.67559 0.356565 0 0 0 0.134253 13 2638 1 0 1 
8.47846 14.5236 0.33052 0 0 0 0.138358 13 2639 1 0 1 
0.133839 23.5862 0.34259 0 0 0 0.137624 13 2640 1 0 1 
19.6602 1.44508 0.314544 0 0 0 0.14306 13 2641 1 0 1 
-2.2104 -12.9036 0.359052 0 0 0 0.133057 13 2642 1 0 1 
-5.04294 -0.262337 0.334374 0 0 0 0.136344 13 2643 1 0 1 
3.68605 17.3194 0.351987 0 0 0 0.134126 13 2644 1 0 1 
-16.0773 5.39792 0.301668 0 0 0 0.144189 13 2645 1 0 1 
12.3999 0.502805 0.316026 0 0 0 0.141077 13 2646 1 0 1 
5.92626 -12.5249 0.349027 0 0 0 0.134779 13 2647 1 0 1 
9.99482 -2.2952 0.302037 0 0 0 0.144825 13 2648 1 0 1 
29.7045 -9.26024 0.303666 0 0 0 0.143771 13 2649 1 0 1 
-9.23362 7.64724 0.283207 0 0 0 0.147711 13 2650 1 0 1 
-9.55278 -44.607 0.335228 0 0 0 0.138496 13 2651 1 0 1 
6.60954 34.8761 0.349769 0 0 0 0.134895 13 2652 1 0 1 
4.55235 -29.6809 0.301184 0 0 0 0.145233 13 2653 1 0 1 
7.4137 -18.7328 0.346052 0 0 0 0.135332 13 2654 1 0 1 
5.24799 3.83047 0.314524 0 0 0 0.138941 13 2655 1 0 1 
4.85432 -27.8191 0.337912 0 0 0 0.136195 13 2656 1 0 1 
6.65291 -9.78225 0.346197 0 0 0 0.135204 13 2657 1 0 1 
-16.3478 -8.0835 0.343484 0 0 0 0.136587 13 2658 1 0 1 
20.8513 -2.44492 0.350629 0 0 0 0.133636 13 2659 1 0 1 
18.7551 -33.7001 0.328036 0 0 0 0.139249 13 2660 1 0 1 
3.9859 -0.340813 0.308016 0 0 0 0.142796 13 2661 1 0 1 
-34.0193 26.2779 0.299561 0 0 0 0.145113 13 2662 1 0 1 
-11.3421 -4.77095 0.357195 0 0 0 0.133936 13 2663 1 0 1 
-2.81263 10.3102 0.336919 0 0 0 0.138545 13 2664 1 0 1 
-8.17913 5.05167 0.347442 0 0 0 0.134648 13 2665 1 0 1 
-22.1325 -18.6794 0.259148 0 0 0 0.15623 13 2666 1 0 1 
-9.14265 -4.02031 0.334518 0 0 0 0.138609 13 2667 1 0 1 
-6.73663 2.08991 0.320721 0 0 0 0.141461 13 2668 1 0 1 
-11.7041 5.89656 0.297125 0 0 0 0.144943 13 2669 1 0 1 
-8.99697 18.3334 0.312814 0 0 0 0.142749 13 2670 1 0 1 
20.5246 2.88481 0.315168 0 0 0 0.14152 13 2671 1 0 1 
10.5584 -0.806128 0.273574 0 0 0 0.150168 13 2672 1 0 1 
-15.4558 28.0057 0.329168 0 0 0 0.13979 13 2673 1 0 1 
0.993962 3.97248 0.326818 0 0 0 0.139246 13 2674 1 0 1 
-12.3107 -9.94303 0.351226 0 0 0 0.134456 13 2675 1 0 1 
14.2988 -3.2262 0.346181 0 0 0 0.135701 13 2676 1 0 1 
8.5495 17.6318 0.326768 0 0 0 0.139438 13 2677 1 0 1 
-3.44249 -31.4274 0.324861 0 0 0 0.139722 13 2678 1 0 1 
23.923 -15.5634 0.326204 0 0 0 0.138541 13 2679 1 0 1 
26.5118 7.93377 0.27549 0 0 0 0.148502 13 2680 1 0 1 
3.87196 -1.19402 0.298642 0 0 0 0.14495 13 2681 1 0 1 
24.3519 7.3396 0.338576 0 0 0 0.135765 13 2682 1 0 1 
10.8564 2.06084 0.347121 0 0 0 0.133839 13 2683 1 0 1 
-8.59514 6.15507 0.307597 0 0 0 0.141991 13 2684 1 0 1 
9.70037 11.6028 0.367787 0 0 0 0.130249 13 2685 1 0 1 
27.5305 -29.2201 0.312373 0 0 0 0.141766 13 2686 1 0 1 
21.7465 -11.9383 0.347932 0 0 0 0.136101 13 2687 1 0 1 
1.42597 6.38894 0.346496 0 0 0 0.135725 13 2688 1 0 1 
-14.7132 -49.2137 0.327218 0 0 0 0.139029 13 2689 1 0 1 
17.826 8.54865 0.319111 0 0 0 0.138566 13 2690 1 0 1 
-0.31755 -3.70601 0.373245 0 0 0 0.130497 13 2691 1 0 1 
0.525532 -0.560629 0.311009 0 0 0 0.142651 13 2692 1 0 1 
15.0049 14.0815 0.319042 0 0 0 0.141701 13 2693 1 0 1 
11.7405 5.04847 0.381053 0 0 0 0.130656 13 2694 1 0 1 
0.739092 -7.3151 0.324395 0 0 0 0.140155 13 2695 1 0 1 
1.97608 10.0406 0.340123 0 0 0 0.136902 13 2696 1 0 1 
2.55243 -3.35947 0.359384 0 0 0 0.134081 13 2697 1 0 1 
5.14478 -3.78483 0.331385 0 0 0 0.139498 13 2698 1 0 1 
-9.15619 0.710361 0.32596 0 0 0 0.138802 13 2699 1 0 1 
-12.4106 -2.67568 0.345623 0 0 0 0.135655 13 2700 1 0 1 
-4.17003 -26.4838 0.292558 0 0 0 0.146929 13 2701 1 0 1 
-1.93408 -16.676 0.336558 0 0 0 0.136208 13 2702 1 0 1 
5.39835 -10.4333 0.301275 0 0 0 0.145822 13 2703 1 0 1 
19.5466 3.26917 0.27969 0 0 0 0.14922 13 2704 1 0 1 
27.4762 -12.0854 0.344905 0 0 0 0.135021 13 2705 1 0 1 
-7.38675 3.23217 0.362732 0 0 0 0.132999 13 2706 1 0 1 
3.55792 8.3468 0.323862 0 0 0 0.135729 13 2707 1 0 1 
-11.4768 16.9454 0.346512 0 0 0 0.135339 13 2708 1 0 1 
27.4096 -9.49642 0.352729 0 0 0 0.134541 13 2709 1 0 1 
2.15587 -14.1234 0.291807 0 0 0 0.14627 13 2710 1 0 1 
-16.4809 -2.08247 0.334595 0 0 0 0.138777 13 2711 1 0 1 
-0.335404 -8.54684 0.282743 0 0 0 0.148072 13 2712 1 0 1 
-26.2233 -13.9876 0.351337 0 0 0 0.13344 13 2713 1 0 1 
-6.368 1.06773 0.328723 0 0 0 0.140269 13 2714 1 0 1 
-14.4205 -4.57344 0.30981 0 0 0 0.142575 13 2715 1 0 1 
9.41249 15.7274 0.344169 0 0 0 0.13461 13 2716 1 0 1 
16.0265 4.32793 0.367087 0 0 0 0.134054 13 2717 1 0 1 
0.732434 -4.54971 0.33115 0 0 0 0.136629 13 2718 1 0 1 
20.1429 12.6243 0.317443 0 0 0 0.140128 13 2719 1 0 1 
0.323841 -3.07813 0.354 0 0 0 0.133991 13 2720 1 0 1 
3.8835 -17.4194 0.306988 0 0 0 0.142686 13 2721 1 0 1 
-11.6493 0.470245 0.288914 0 0 0 0.148597 13 2722 1 0 1 
4.36607 19.6194 0.290667 0 0 0 0.145823 13 2723 1 0 1 
43.4232 -24.3284 0.281282 0 0 0 0.147659 13 2724 1 0 1 
-2.22962 5.06568 0.293541 0 0 0 0.146032 13 2725 1 0 1 
3.23258 -7.06822 0.344337 0 0 0 0.136205 13 2726 1 0 1 
-33.1232 -16.8074 0.329519 0 0 0 0.137906 13 2727 1 0 1 
-31.699 18.4298 0.366928 0 0 0 0.131917 13 2728 1 0 1 
10.2502 0.349766 0.326616 0 0 0 0.13888 13 2729 1 0 1 
-20.0778 -0.229305 0.30917 0 0 0 0.138113 13 2730 1 0 1 
-37.1733 6.4831 0.305081 0 0 0 0.143388 13 2731 1 0 1 
20.4614 10.7046 0.314221 0 0 0 0.138979 13 2732 1 0 1 
12.3526 -12.8858 0.323634 0 0 0 0.137039 13 2733 1 0 1 
4.13121 -1.50612 0.371344 0 0 0 0.130001 13 2734 1 0 1 
-21.2013 -13.7094 0.335314 0 0 0 0.138111 13 2735 1 0 1 
13.3347 6.40191 0.389894 0 0 0 0.129522 13 2736 1 0 1 
-7.44 0.636373 0.330624 0 0 0 0.139337 13 2737 1 0 1 
-4.15486 -12.113 0.335925 0 0 0 0.138329 13 2738 1 0 1 
25.2159 27.5867 0.31889 0 0 0 0.142383 13 2739 1 0 1 
-3.28419 -1.49539 0.285028 0 0 0 0.147763 13 2740 1 0 1 
11.4963 -8.37407 0.316199 0 0 0 0.141749 13 2741 1 0 1 
8.20637 15.105 0.296278 0 0 0 0.145277 13 2742 1 0 1 
11.3168 11.7785 0.332701 0 0 0 0.137129 13 2743 1 0 1 
-1.35234 -13.059 0.330606 0 0 0 0.137833 13 2744 1 0 1 
-2.82124 17.4257 0.305742 0 0 0 0.143541 13 2745 1 0 1 
-1.99223 16.0428 0.333122 0 0 0 0.138125 13 2746 1 0 1 
-4.63737 -5.50416 0.358326 0 0 0 0.13247 13 2747 1 0 1 
-6.61756 20.4629 0.296802 0 0 0 0.144242 13 2748 1 0 1 
5.0157 -5.7674 0.31473 0 0 0 0.140609 13 2749 1 0 1 
-9.92657 -6.25802 0.335064 0 0 0 0.137626 13 2750 1 0 1 
27.4742 -8.42827 0.343758 0 0 0 0.135069 13 2751 1 0 1 
-5.08893 23.6453 0.319958 0 0 0 0.139635 13 2752 1 0 1 
-23.1122 17.7717 0.321381 0 0 0 0.140417 13 2753 1 0 1 
-9.05629 35.3287 0.323207 0 0 0 0.139551 13 2754 1 0 1 
28.6293 5.02434 0.316166 0 0 0 0.142103 13 2755 1 0 1 
-27.4167 4.5266 0.352588 0 0 0 0.134254 13 2756 1 0 1 
6.13064 5.05285 0.31465 0 0 0 0.140876 13 2757 1 0 1 
-7.23035 5.97808 0.324832 0 0 0 0.138791 13 2758 1 0 1 
-8.49378 -3.82084 0.332455 0 0 0 0.138151 13 2759 1 0 1 
11.4929 -3.47129 0.246074 0 0 0 0.13541 13 2760 1 0 1 
-7.20287 -2.85572 0.316507 0 0 0 0.142628 13 2761 1 0 1 
-12.604 8.1285 0.31756 0 0 0 0.141519 13 2762 1 0 1 
7.52529 -11.4529 0.309484 0 0 0 0.143434 13 2763 1 0 1 
3.727 -8.46885 0.364774 0 0 0 0.133414 13 2764 1 0 1 
-4.42055 -20.1338 0.309658 0 0 0 0.142325 13 2765 1 0 1 
-9.31309 -10.3964 0.31593 0 0 0 0.142107 13 2766 1 0 1 
7.68795 -4.73292 0.370992 0 0 0 0.132564 13 2767 1 0 1 
6.83826 -10.9509 0.351303 0 0 0 0.130981 13 2768 1 0 1 
24.4883 2.03705 0.28675 0 0 0 0.146427 13 2769 1 0 1 
1.30104 -38.7495 0.317135 0 0 0 0.139534 13 2770 1 0 1 
-0.166647 -21.1738 0.292527 0 0 0 0.146301 13 2771 1 0 1 
4.37636 -11.6399 0.295063 0 0 0 0.145338 13 2772 1 0 1 
11.2573 3.09248 0.336911 0 0 0 0.137876 13 2773 1 0 1 
-0.523545 3.1765 0.297887 0 0 0 0.1443 13 2774 1 0 1 
2.48695 20.7538 0.325115 0 0 0 0.140354 13 2775 1 0 1 
-25.0164 19.3213 0.306089 0 0 0 0.143995 13 2776 1 0 1 
29.5047 23.0832 0.330937 0 0 0 0.137936 13 2777 1 0 1 
12.2281 5.65383 0.354286 0 0 0 0.132109 13 2778 1 0 1 
-6.49996 -3.35464 0.283351 0 0 0 0.148791 13 2779 1 0 1 
-1.76624 -36.7508 0.335928 0 0 0 0.13623 13 2780 1 0 1 
19.1025 24.8974 0.294829 0 0 0 0.14589 13 2781 1 0 1 
-2.48832 -0.449492 0.352667 0 0 0 0.134642 13 2782 1 0 1 
-25.2151 21.7185 0.333017 0 0 0 0.139533 13 2783 1 0 1 
31.6224 -1.63552 0.289871 0 0 0 0.143656 13 2784 1 0 1 
11.9409 -14.8298 0.298791 0 0 0 0.14486 13 2785 1 0 1 
1.12663 8.91346 0.315577 0 0 0 0.142615 13 2786 1 0 1 
13.4262 -13.9104 0.33084 0 0 0 0.13875 13 2787 1 0 1 
-12.603 4.09782 0.314731 0 0 0 0.141733 13 2788 1 0 1 
40.9427 2.54184 0.310531 0 0 0 0.142484 13 2789 1 0 1 
-18.9802 -0.250553 0.320962 0 0 0 0.138891 13 2790 1 0 1 
-14.4206 12.8172 0.287768 0 0 0 0.14611 13 2791 1 0 1 
10.8104 7.56998 0.352204 0 0 0 0.132384 13 2792 1 0 1 
-1.49357 -1.45055 0.303057 0 0 0 0.144241 13 2793 1 0 1 
-2.29268 17.7236 0.329217 0 0 0 0.138572 13 2794 1 0 1 
6.13946 -5.47149 0.31943 0 0 0 0.141752 13 2795 1 0 1 
-2.90571 5.00114 0.343085 0 0 0 0.13581 13 2796 1 0 1 
9.53533 -11.7301 0.327446 0 0 0 0.139619 13 2797 1 0 1 
21.3025 0.866701 0.303798 0 0 0 0.143009 13 2798 1 0 1 
-7.18581 7.26608 0.305443 0 0 0 0.144377 13 2799 1 0 1 
7.5261 1.92501 0.330099 0 0 0 0.139281 13 2800 1 0 1 
-14.4522 2.74598 0.25451 0 0 0 0.139951 13 2801 1 0 1 
11.507 -13.8213 0.35831 0 0 0 0.133683 13 2802 1 0 1 
-22.0494 -16.4537 0.341986 0 0 0 0.13736 13 2803 1 0 1 
51.6273 -33.1225 0.323151 0 0 0 0.140388 13 2804 1 0 1 
-11.7445 -1.96105 0.328342 0 0 0 0.138184 13 2805 1 0 1 
-23.0936 -7.61483 0.342462 0 0 0 0.137194 13 2806 1 0 1 
17.9941 14.6597 0.361216 0 0 0 0.1335 13 2807 1 0 1 
20.3118 -1.43827 0.319522 0 0 0 0.14102 13 2808 1 0 1 
3.197 -5.92276 0.370768 0 0 0 0.131441 13 2809 1 0 1 
-38.0713 -0.564213 0.335104 0 0 0 0.13825 13 2810 1 0 1 
-5.8641 -8.28288 0.337754 0 0 0 0.137612 13 2811 1 0 1 
0.705335 -13.1518 0.325389 0 0 0 0.142381 13 2812 1 0 1 
-20.9765 5.41213 0.365311 0 0 0 0.131945 13 2813 1 0 1 
-22.7455 -13.1762 0.309068 0 0 0 0.143351 13 2814 1 0 1 
10.5004 6.34735 0.319098 0 0 0 0.141018 13 2815 1 0 1 
12.2996 19.4189 0.292842 0 0 0 0.145445 13 2816 1 0 1 
-8.55285 -3.95233 0.3632 0 0 0 0.133955 13 2817 1 0 1 
2.48095 -20.5711 0.341574 0 0 0 0.137692 13 2818 1 0 1 
15.1884 6.00554 0.321343 0 0 0 0.142627 13 2819 1 0 1 
8.41326 -9.72524 0.323663 0 0 0 0.141202 13 2820 1 0 1 
-16.1702 -5.49508 0.32974 0 0 0 0.138095 13 2821 1 0 1 
-5.56721 9.98166 0.330585 0 0 0 0.139863 13 2822 1 0 1 
24.838 -2.7449 0.344306 0 0 0 0.136764 13 2823 1 0 1 
-18.1899 10.8255 0.355129 0 0 0 0.135488 13 2824 1 0 1 
-35.4324 -1.20559 0.310069 0 0 0 0.143211 13 2825 1 0 1 
15.6033 -7.95717 0.305605 0 0 0 0.142966 13 2826 1 0 1 
3.95132 -8.03872 0.319252 0 0 0 0.13915 13 2827 1 0 1 
6.59387 8.89324 0.32647 0 0 0 0.136127 13 2828 1 0 1 
29.2197 -11.2154 0.30784 0 0 0 0.142002 13 2829 1 0 1 
36.707 -24.1743 0.353486 0 0 0 0.135523 13 2830 1 0 1 
8.3035 -16.7546 0.368149 0 0 0 0.13406 13 2831 1 0 1 
3.76048 -3.48424 0.341012 0 0 0 0.135554 13 2832 1 0 1 
2.50965 -24.2386 0.325398 0 0 0 0.139264 13 2833 1 0 1 
-8.91578 -22.0318 0.282976 0 0 0 0.148339 13 2834 1 0 1 
-12.558 10.5571 0.327386 0 0 0 0.139005 13 2835 1 0 1 
-5.4049 27.354 0.315584 0 0 0 0.141439 13 2836 1 0 1 
-1.96481 -11.8553 0.295973 0 0 0 0.145407 13 2837 1 0 1 
7.89508 -2.36261 0.314137 0 0 0 0.142768 13 2838 1 0 1 
-26.6586 -0.945382 0.324892 0 0 0 0.138792 13 2839 1 0 1 
7.29605 17.9557 0.340078 0 0 0 0.13443 13 2840 1 0 1 
-18.6346 -14.5223 0.299616 0 0 0 0.144401 13 2841 1 0 1 
15.5185 -28.2002 0.303715 0 0 0 0.144214 13 2842 1 0 1 
5.75542 28.5892 0.325951 0 0 0 0.141012 13 2843 1 0 1 
21.7136 9.05709 0.322004 0 0 0 0.140856 13 2844 1 0 1 
5.26871 0.330735 0.341613 0 0 0 0.135161 13 2845 1 0 1 
12.8638 -22.8643 0.351052 0 0 0 0.134866 13 2846 1 0 1 
-9.1741 33.9051 0.335588 0 0 0 0.138843 13 2847 1 0 1 
29.1544 -7.29508 0.341751 0 0 0 0.136255 13 2848 1 0 1 
-15.3703 9.09964 0.328652 0 0 0 0.137702 13 2849 1 0 1 
4.76186 -6.29945 0.358971 0 0 0 0.132344 13 2850 1 0 1 
-5.60465 -1.82231 0.362052 0 0 0 0.131333 13 2851 1 0 1 
-29.9623 -8.91093 0.31757 0 0 0 0.141181 13 2852 1 0 1 
-3.88491 14.1556 0.335572 0 0 0 0.136765 13 2853 1 0 1 
-9.48659 -1.7438 0.329984 0 0 0 0.138539 13 2854 1 0 1 
-7.58266 3.74371 0.350643 0 0 0 0.134894 13 2855 1 0 1 
-1.90305 1.00735 0.307528 0 0 0 0.143448 13 2856 1 0 1 
-6.33398 -22.4172 0.335073 0 0 0 0.137403 13 2857 1 0 1 
-21.6901 -0.889699 0.313556 0 0 0 0.141663 13 2858 1 0 1 
-14.051 -14.9212 0.327475 0 0 0 0.138535 13 2859 1 0 1 
-3.15227 0.871656 0.375299 0 0 0 0.132382 13 2860 1 0 1 
-1.89269 12.6135 0.296325 0 0 0 0.14479 13 2861 1 0 1 
-21.7472 -7.20884 0.369801 0 0 0 0.131322 13 2862 1 0 1 
-11.8696 -32.2649 0.339086 0 0 0 0.136848 13 2863 1 0 1 
-6.65587 8.77593 0.360543 0 0 0 0.131905 13 2864 1 0 1 
3.82874 -3.67888 0.339609 0 0 0 0.137874 13 2865 1 0 1 
-8.41012 -5.8609 0.342278 0 0 0 0.136384 13 2866 1 0 1 
-9.40291 -10.2065 0.301232 0 0 0 0.144167 13 2867 1 0 1 
34.0659 13.9095 0.342232 0 0 0 0.136152 13 2868 1 0 1 
-1.64862 -7.74054 0.285355 0 0 0 0.148246 13 2869 1 0 1 
10.6666 19.4558 0.319759 0 0 0 0.139212 13 2870 1 0 1 
-4.11072 -16.6771 0.335787 0 0 0 0.134995 13 2871 1 0 1 
10.6172 -4.17482 0.319603 0 0 0 0.141064 13 2872 1 0 1 
-12.4708 -3.05912 0.326571 0 0 0 0.138766 13 2873 1 0 1 
-3.90406 -3.39526 0.302097 0 0 0 0.14426 13 2874 1 0 1 
9.81318 3.87291 0.295489 0 0 0 0.145576 13 2875 1 0 1 
11.16 -9.29368 0.337527 0 0 0 0.138127 13 2876 1 0 1 
4.94198 13.92 0.285884 0 0 0 0.146517 13 2877 1 0 1 
4.71851 -7.84116 0.345081 0 0 0 0.136265 13 2878 1 0 1 
-3.78008 -7.0554 0.323744 0 0 0 0.138923 13 2879 1 0 1 
-18.8658 2.58457 0.327097 0 0 0 0.139667 13 2880 1 0 1 
-0.643035 -15.7397 0.352355 0 0 0 0.134809 13 2881 1 0 1 
-11.9575 -15.1886 0.329471 0 0 0 0.139383 13 2882 1 0 1 
-0.595767 -23.9042 0.331481 0 0 0 0.13365 13 2883 1 0 1 
-2.05704 -18.8853 0.317473 0 0 0 0.140904 13 2884 1 0 1 
-23.6377 -9.45888 0.317476 0 0 0 0.138261 13 2885 1 0 1 
31.2266 -24.5736 0.341861 0 0 0 0.137068 13 2886 1 0 1 
-7.24951 5.79999 0.321177 0 0 0 0.140987 13 2887 1 0 1 
-18.2515 1.1954 0.306578 0 0 0 0.142895 13 2888 1 0 1 
-35.9995 -10.9372 0.31776 0 0 0 0.140809 13 2889 1 0 1 
4.04144 0.267895 0.358156 0 0 0 0.132462 13 2890 1 0 1 
-0.235451 4.89403 0.296837 0 0 0 0.141216 13 2891 1 0 1 
5.77304 13.4895 0.332827 0 0 0 0.136645 13 2892 1 0 1 
14.1827 28.3035 0.298818 0 0 0 0.145533 13 2893 1 0 1 
11.6582 7.22748 0.35236 0 0 0 0.1345 13 2894 1 0 1 
7.48783 -17.9992 0.387337 0 0 0 0.129194 13 2895 1 0 1 
-16.3306 -4.15658 0.334787 0 0 0 0.136377 13 2896 1 0 1 
6.28064 6.41044 0.317215 0 0 0 0.141817 13 2897 1 0 1 
27.9438 -6.3265 0.322864 0 0 0 0.139202 13 2898 1 0 1 
-6.95521 1.79814 0.323245 0 0 0 0.141382 13 2899 1 0 1 
-3.00496 9.93326 0.332995 0 0 0 0.136777 13 2900 1 0 1 
-13.1476 -25.5481 0.346549 0 0 0 0.134585 13 2901 1 0 1 
-13.413 -1.14696 0.360018 0 0 0 0.133524 13 2902 1 0 1 
-1.2964 9.45946 0.320306 0 0 0 0.139918 13 2903 1 0 1 
-12.0369 21.272 0.363931 0 0 0 0.131333 13 2904 1 0 1 
14.5309 -38.7178 0.291324 0 0 0 0.146491 13 2905 1 0 1 
-0.998855 1.29181 0.348674 0 0 0 0.136342 13 2906 1 0 1 
-2.09197 15.2307 0.320464 0 0 0 0.13752 13 2907 1 0 1 
2.68395 33.0575 0.339408 0 0 0 0.135744 13 2908 1 0 1 
28.7216 4.52558 0.327538 0 0 0 0.137984 13 2909 1 0 1 
-5.90384 7.60461 0.300134 0 0 0 0.143624 13 2910 1 0 1 
1.927 16.2496 0.332648 0 0 0 0.135294 13 2911 1 0 1 
5.69087 6.18724 0.32028 0 0 0 0.140884 13 2912 1 0 1 
2.04406 -27.5766 0.33745 0 0 0 0.136046 13 2913 1 0 1 
-0.584256 1.65019 0.378796 0 0 0 0.128041 13 2914 1 0 1 
-22.34 6.4893 0.3179 0 0 0 0.140685 13 2915 1 0 1 
-24.786 -18.8668 0.3315 0 0 0 0.136066 13 2916 1 0 1 
-17.6764 9.06802 0.332524 0 0 0 0.138422 13 2917 1 0 1 
13.8701 -15.9457 0.31937 0 0 0 0.141047 13 2918 1 0 1 
17.602 -13.7485 0.269774 0 0 0 0.150443 13 2919 1 0 1 
-14.0915 -16.6457 0.313298 0 0 0 0.141784 13 2920 1 0 1 
27.0875 -2.56686 0.351922 0 0 0 0.13489 13 2921 1 0 1 
-10.5148 11.8524 0.302705 0 0 0 0.145057 13 2922 1 0 1 
11.8872 9.38667 0.311196 0 0 0 0.143343 13 2923 1 0 1 
1.63675 -38.37 0.324775 0 0 0 0.142213 13 2924 1 0 1 
-12.7055 -2.38714 0.281989 0 0 0 0.14951 13 2925 1 0 1 
12.6093 -9.26202 0.305302 0 0 0 0.142611 13 2926 1 0 1 
-16.8427 -11.1513 0.292475 0 0 0 0.146087 13 2927 1 0 1 
5.64476 -17.2344 0.350403 0 0 0 0.133324 13 2928 1 0 1 
17.5176 -2.86098 0.307969 0 0 0 0.141096 13 2929 1 0 1 
3.28788 -8.08321 0.378206 0 0 0 0.13011 13 2930 1 0 1 
2.63502 3.43869 0.34251 0 0 0 0.136557 13 2931 1 0 1 
-5.76667 -13.1056 0.347288 0 0 0 0.134872 13 2932 1 0 1 
0.289002 -14.1426 0.321017 0 0 0 0.140339 13 2933 1 0 1 
-31.5642 -14.4964 0.324552 0 0 0 0.140558 13 2934 1 0 1 
-3.17372 -23.1439 0.321215 0 0 0 0.140305 13 2935 1 0 1 
0.927791 -3.21249 0.33231 0 0 0 0.138475 13 2936 1 0 1 
-2.71311 7.54016 0.323209 0 0 0 0.139535 13 2937 1 0 1 
-15.0305 -15.1666 0.304328 0 0 0 0.14213 13 2938 1 0 1 
-14.1699 38.1071 0.343438 0 0 0 0.136615 13 2939 1 0 1 
2.59714 -6.86097 0.371613 0 0 0 0.130407 13 2940 1 0 1 
-9.96291 2.13722 0.326468 0 0 0 0.138465 13 2941 1 0 1 
-11.3471 -22.1829 0.325855 0 0 0 0.140275 13 2942 1 0 1 
22.3925 -16.5718 0.316146 0 0 0 0.140525 13 2943 1 0 1 
-2.64656 3.25242 0.3038 0 0 0 0.144263 13 2944 1 0 1 
-10.0676 -7.14983 0.297908 0 0 0 0.143989 13 2945 1 0 1 
-5.95623 -23.8859 0.361193 0 0 0 0.131664 13 2946 1 0 1 
-1.22884 -1.86814 0.328114 0 0 0 0.138167 13 2947 1 0 1 
-3.7379 -12.3235 0.316094 0 0 0 0.140843 13 2948 1 0 1 
10.6675 -5.46991 0.341503 0 0 0 0.135779 13 2949 1 0 1 
-10.1615 24.6739 0.294865 0 0 0 0.141547 13 2950 1 0 1 
10.1084 -0.793946 0.274393 0 0 0 0.148412 13 2951 1 0 1 
5.2485 20.0999 0.374075 0 0 0 0.128722 13 2952 1 0 1 
7.6574 8.12542 0.304377 0 0 0 0.143972 13 2953 1 0 1 
-5.84026 -26.5648 0.379097 0 0 0 0.132522 13 2954 1 0 1 
-7.39812 -7.45984 0.303222 0 0 0 0.142318 13 2955 1 0 1 
8.00671 16.0404 0.334826 0 0 0 0.137378 13 2956 1 0 1 
15.7322 17.7595 0.311634 0 0 0 0.141723 13 2957 1 0 1 
-19.374 30.7277 0.308278 0 0 0 0.142225 13 2958 1 0 1 
-10.2305 12.819 0.332085 0 0 0 0.137471 13 2959 1 0 1 
14.6164 -2.18782 0.321022 0 0 0 0.140087 13 2960 1 0 1 
22.8998 16.8336 0.316996 0 0 0 0.140186 13 2961 1 0 1 
-5.63112 5.6249 0.295542 0 0 0 0.145603 13 2962 1 0 1 
2.11936 -4.44246 0.313521 0 0 0 0.141879 13 2963 1 0 1 
11.1621 -2.33777 0.319388 0 0 0 0.139763 13 2964 1 0 1 
8.2629 5.79997 0.307038 0 0 0 0.143637 13 2965 1 0 1 
-4.64462 2.73902 0.292681 0 0 0 0.145837 13 2966 1 0 1 
-25.4018 7.9419 0.339332 0 0 0 0.1372 13 2967 1 0 1 
4.51239 -21.4742 0.359766 0 0 0 0.131713 13 2968 1 0 1 
32.8214 0.941928 0.337325 0 0 0 0.136852 13 2969 1 0 1 
-26.1728 3.13751 0.295078 0 0 0 0.143334 13 2970 1 0 1 
-14.2931 -5.594 0.340977 0 0 0 0.135919 13 2971 1 0 1 
14.2001 -20.4669 0.317672 0 0 0 0.140556 13 2972 1 0 1 
21.241 5.34065 0.328166 0 0 0 0.139252 13 2973 1 0 1 
-4.45811 6.22936 0.344431 0 0 0 0.136867 13 2974 1 0 1 
19.2192 -12.6474 0.365478 0 0 0 0.132747 13 2975 1 0 1 
22.1309 18.7892 0.312986 0 0 0 0.141132 13 2976 1 0 1 
-5.99129 -19.3049 0.325468 0 0 0 0.139209 13 2977 1 0 1 
-0.119551 -12.898 0.308939 0 0 0 0.139205 13 2978 1 0 1 
21.5215 19.6399 0.339958 0 0 0 0.13218 13 2979 1 0 1 
-22.198 -27.3926 0.29491 0 0 0 0.145235 13 2980 1 0 1 
12.5284 -25.3653 0.274087 0 0 0 0.150242 13 2981 1 0 1 
-12.9517 -9.2901 0.304468 0 0 0 0.143959 13 2982 1 0 1 
8.22174 12.9702 0.32287 0 0 0 0.138268 13 2983 1 0 1 
-12.2769 -19.1052 0.310402 0 0 0 0.143424 13 2984 1 0 1 
-2.71953 6.90337 0.303618 0 0 0 0.143501 13 2985 1 0 1 
5.61922 -13.4682 0.349348 0 0 0 0.134298 13 2986 1 0 1 
7.02055 -4.35861 0.313269 0 0 0 0.140834 13 2987 1 0 1 
20.7403 8.76931 0.328097 0 0 0 0.137965 13 2988 1 0 1 
-21.6296 -1.14027 0.331834 0 0 0 0.139537 13 2989 1 0 1 
-12.8479 0.0128142 0.288302 0 0 0 0.145453 13 2990 1 0 1 
16.9524 22.1256 0.285952 0 0 0 0.146907 13 2991 1 0 1 
-4.73543 -25.6737 0.342977 0 0 0 0.135141 13 2992 1 0 1 
-27.5916 16.9454 0.40785 0 0 0 0.127857 13 2993 1 0 1 
-21.8782 7.72875 0.312661 0 0 0 0.141109 13 2994 1 0 1 
-17.422 -14.058 0.339448 0 0 0 0.136788 13 2995 1 0 1 
-3.73465 -19.74 0.303887 0 0 0 0.142562 13 2996 1 0 1 
-20.8454 -7.21149 0.340662 0 0 0 0.136167 13 2997 1 0 1 
11.0464 -18.624 0.298453 0 0 0 0.14495 13 2998 1 0 1 
20.3354 1.95041 0.30498 0 0 0 0.143636 13 2999 1 0 1 
8.10801 -9.58743 0.339148 0 0 0 0.135773 13 3000 1 0 1 
14.7168 -2.76475 0.266573 0 0 0 0.15245 13 3001 1 0 1 
-18.5245 -4.4159 0.188274 0 0 0 0.1513 13 3002 1 0 1 
-15.4157 -23.464 0.350442 0 0 0 0.135029 13 3003 1 0 1 
2.55327 -4.677 0.310175 0 0 0 0.14141 13 3004 1 0 1 
-15.5597 7.86255 0.335398 0 0 0 0.137994 13 3005 1 0 1 
-9.3992 1.58598 0.344074 0 0 0 0.133881 13 3006 1 0 1 
22.8317 10.1935 0.305273 0 0 0 0.143884 13 3007 1 0 1 
14.7279 8.71186 0.302819 0 0 0 0.143615 13 3008 1 0 1 
-11.9477 -9.9651 0.343588 0 0 0 0.137032 13 3009 1 0 1 
3.32157 -33.4843 0.308701 0 0 0 0.142892 13 3010 1 0 1 
-5.1559 -24.4715 0.377214 0 0 0 0.131387 13 3011 1 0 1 
1.29495 10.9438 0.375455 0 0 0 0.130322 13 3012 1 0 1 
1.8017 -4.87519 0.3404 0 0 0 0.1362 13 3013 1 0 1 
6.29982 9.86916 0.322472 0 0 0 0.140483 13 3014 1 0 1 
-0.737026 10.5908 0.283019 0 0 0 0.147721 13 3015 1 0 1 
-13.3265 -6.71266 0.303245 0 0 0 0.141404 13 3016 1 0 1 
-22.5345 2.24052 0.338293 0 0 0 0.137912 13 3017 1 0 1 
13.9506 5.55479 0.347274 0 0 0 0.136791 13 3018 1 0 1 
-1.16361 1.2636 0.284822 0 0 0 0.147511 13 3019 1 0 1 
-1.84388 10.3382 0.317582 0 0 0 0.140849 13 3020 1 0 1 
23.6709 -48.1448 0.3375 0 0 0 0.136595 13 3021 1 0 1 
-4.05667 2.7111 0.320095 0 0 0 0.139657 13 3022 1 0 1 
9.48125 -21.2366 0.384063 0 0 0 0.129969 13 3023 1 0 1 
-2.88838 37.6036 0.317317 0 0 0 0.141604 13 3024 1 0 1 
-10.7291 -30.9441 0.346772 0 0 0 0.136941 13 3025 1 0 1 
-0.764963 -4.05483 0.320606 0 0 0 0.141159 13 3026 1 0 1 
3.10467 14.4467 0.273153 0 0 0 0.149401 13 3027 1 0 1 
0.0858874 10.6089 0.347908 0 0 0 0.134014 13 3028 1 0 1 
19.8475 9.86698 0.314899 0 0 0 0.142286 13 3029 1 0 1 
10.2302 -19.8354 0.291524 0 0 0 0.146417 13 3030 1 0 1 
-24.6073 11.3476 0.30879 0 0 0 0.142709 13 3031 1 0 1 
-7.34189 -7.17853 0.362119 0 0 0 0.132034 13 3032 1 0 1 
-6.59158 -18.9267 0.287083 0 0 0 0.14614 13 3033 1 0 1 
-5.11659 11.8315 0.384322 0 0 0 0.129001 13 3034 1 0 1 
-26.136 0.506886 0.290054 0 0 0 0.148163 13 3035 1 0 1 
10.9331 8.8866 0.351721 0 0 0 0.134717 13 3036 1 0 1 
11.2595 -15.7343 0.317044 0 0 0 0.141654 13 3037 1 0 1 
2.8846 -17.9377 0.294884 0 0 0 0.145631 13 3038 1 0 1 
11.6694 -1.94419 0.28376 0 0 0 0.148536 13 3039 1 0 1 
15.7247 1.71571 0.347709 0 0 0 0.133628 13 3040 1 0 1 
-1.2857 -23.1618 0.320716 0 0 0 0.141437 13 3041 1 0 1 
-17.1696 6.59053 0.314862 0 0 0 0.141799 13 3042 1 0 1 
14.6437 20.9641 0.308448 0 0 0 0.143331 13 3043 1 0 1 
10.2209 8.05309 0.313244 0 0 0 0.141573 13 3044 1 0 1 
17.6969 1.29343 0.335636 0 0 0 0.137589 13 3045 1 0 1 
-1.37276 17.8047 0.332863 0 0 0 0.138057 13 3046 1 0 1 
12.7694 23.0649 0.301147 0 0 0 0.144196 13 3047 1 0 1 
-5.62576 -30.8012 0.312742 0 0 0 0.140705 13 3048 1 0 1 
-10.3906 4.30189 0.328537 0 0 0 0.139602 13 3049 1 0 1 
-13.0177 0.607766 0.295252 0 0 0 0.14411 13 3050 1 0 1 
23.9146 24.5947 0.344918 0 0 0 0.137091 13 3051 1 0 1 
-0.160197 -21.6699 0.328725 0 0 0 0.137435 13 3052 1 0 1 
15.9823 -2.57483 0.324048 0 0 0 0.140552 13 3053 1 0 1 
-18.988 14.9362 0.349212 0 0 0 0.135632 13 3054 1 0 1 
-16.9794 19.906 0.3156 0 0 0 0.140869 13 3055 1 0 1 
21.6161 -22.6306 0.318748 0 0 0 0.14099 13 3056 1 0 1 
-1.67138 10.5153 0.307478 0 0 0 0.143788 13 3057 1 0 1 
-13.7844 24.4368 0.295788 0 0 0 0.14441 13 3058 1 0 1 
-12.0135 -23.1344 0.313811 0 0 0 0.139061 13 3059 1 0 1 
23.5879 -3.88324 0.32254 0 0 0 0.140471 13 3060 1 0 1 
7.24266 14.6276 0.299354 0 0 0 0.144046 13 3061 1 0 1 
5.91917 8.98915 0.301314 0 0 0 0.145109 13 3062 1 0 1 
7.4231 -33.0697 0.318697 0 0 0 0.139914 13 3063 1 0 1 
13.4156 -23.5985 0.300436 0 0 0 0.144618 13 3064 1 0 1 
-5.01808 14.232 0.349726 0 0 0 0.135174 13 3065 1 0 1 
23.5494 40.2886 0.343843 0 0 0 0.134955 13 3066 1 0 1 
-3.26375 5.73611 0.339075 0 0 0 0.134267 13 3067 1 0 1 
-6.03266 7.58507 0.330439 0 0 0 0.13732 13 3068 1 0 1 
-6.15871 8.52259 0.324448 0 0 0 0.137183 13 3069 1 0 1 
4.92866 10.1588 0.302176 0 0 0 0.144766 13 3070 1 0 1 
-6.57679 -23.912 0.343102 0 0 0 0.135313 13 3071 1 0 1 
14.518 -3.69647 0.305146 0 0 0 0.143841 13 3072 1 0 1 
8.28999 8.25177 0.301037 0 0 0 0.144629 13 3073 1 0 1 
-20.8395 -9.68301 0.311839 0 0 0 0.143716 13 3074 1 0 1 
27.8457 -8.69874 0.318989 0 0 0 0.14002 13 3075 1 0 1 
-0.0541478 -7.94777 0.244362 0 0 0 0.136142 13 3076 1 0 1 
2.47115 13.4247 0.347126 0 0 0 0.134787 13 3077 1 0 1 
-11.2869 -19.811 0.315883 0 0 0 0.142048 13 3078 1 0 1 
33.4008 -5.43641 0.310466 0 0 0 0.142426 13 3079 1 0 1 
-13.7244 13.847 0.29479 0 0 0 0.146217 13 3080 1 0 1 
-6.33723 -14.8924 0.329001 0 0 0 0.139031 13 3081 1 0 1 
-11.7733 -14.4685 0.316923 0 0 0 0.139888 13 3082 1 0 1 
7.62557 -22.116 0.348556 0 0 0 0.133732 13 3083 1 0 1 
-4.8216 18.9617 0.352136 0 0 0 0.135328 13 3084 1 0 1 
-22.5118 19.501 0.314901 0 0 0 0.141563 13 3085 1 0 1 
17.7115 14.8615 0.336823 0 0 0 0.137978 13 3086 1 0 1 
7.19583 -22.2973 0.329921 0 0 0 0.138125 13 3087 1 0 1 
-2.50446 44.0928 0.294782 0 0 0 0.145665 13 3088 1 0 1 
23.3149 2.78614 0.370938 0 0 0 0.131824 13 3089 1 0 1 
-7.62286 6.67224 0.28169 0 0 0 0.144414 13 3090 1 0 1 
9.97749 0.857107 0.320049 0 0 0 0.139627 13 3091 1 0 1 
1.12317 11.4333 0.286371 0 0 0 0.147325 13 3092 1 0 1 
4.86724 3.21441 0.317863 0 0 0 0.139398 13 3093 1 0 1 
20.7029 5.2542 0.310507 0 0 0 0.142083 13 3094 1 0 1 
-11.8029 11.3226 0.336369 0 0 0 0.137348 13 3095 1 0 1 
-18.0234 -26.8464 0.32737 0 0 0 0.139927 13 3096 1 0 1 
-19.412 -11.8398 0.340678 0 0 0 0.136241 13 3097 1 0 1 
-3.30438 -10.1491 0.320694 0 0 0 0.140347 13 3098 1 0 1 
1.29505 -9.33329 0.315916 0 0 0 0.140172 13 3099 1 0 1 
3.82399 2.7698 0.331744 0 0 0 0.137259 13 3100 1 0 1 
-10.6594 -9.65752 0.302704 0 0 0 0.145001 13 3101 1 0 1 
22.3382 0.519618 0.30955 0 0 0 0.142916 13 3102 1 0 1 
0.614059 9.9878 0.264046 0 0 0 0.143094 13 3103 1 0 1 
-27.6601 0.556129 0.316282 0 0 0 0.141266 13 3104 1 0 1 
12.7219 2.95657 0.30432 0 0 0 0.142227 13 3105 1 0 1 
-14.2956 -0.184127 0.323083 0 0 0 0.139157 13 3106 1 0 1 
-9.07984 -8.61895 0.35366 0 0 0 0.134828 13 3107 1 0 1 
-10.4481 19.579 0.340249 0 0 0 0.135938 13 3108 1 0 1 
18.3078 -5.75681 0.303442 0 0 0 0.143942 13 3109 1 0 1 
-20.4844 0.873114 0.35873 0 0 0 0.135114 13 3110 1 0 1 
-25.659 -21.3091 0.309922 0 0 0 0.141971 13 3111 1 0 1 
-31.2185 10.7907 0.310938 0 0 0 0.141403 13 3112 1 0 1 
-10.5135 12.9083 0.309555 0 0 0 0.143218 13 3113 1 0 1 
10.727 -0.243797 0.333722 0 0 0 0.138136 13 3114 1 0 1 
18.0585 14.1537 0.345963 0 0 0 0.134158 13 3115 1 0 1 
4.52016 18.2425 0.326623 0 0 0 0.139861 13 3116 1 0 1 
1.72092 -12.1378 0.305575 0 0 0 0.143958 13 3117 1 0 1 
-13.1791 2.75309 0.31126 0 0 0 0.142043 13 3118 1 0 1 
31.1735 -30.7565 0.33045 0 0 0 0.137073 13 3119 1 0 1 
-19.188 38.5938 0.334556 0 0 0 0.136795 13 3120 1 0 1 
8.13742 -1.62348 0.333869 0 0 0 0.138924 13 3121 1 0 1 
-1.14276 -0.765109 0.312801 0 0 0 0.14358 13 3122 1 0 1 
-8.75328 -18.7995 0.33414 0 0 0 0.13764 13 3123 1 0 1 
18.153 -17.0656 0.343651 0 0 0 0.134971 13 3124 1 0 1 
0.250177 6.29744 0.334559 0 0 0 0.137973 13 3125 1 0 1 
10.7148 -31.9442 0.309803 0 0 0 0.143319 13 3126 1 0 1 
13.1059 5.30358 0.311039 0 0 0 0.136642 13 3127 1 0 1 
-6.57139 5.48498 0.314071 0 0 0 0.139388 13 3128 1 0 1 
-16.3527 18.9344 0.355583 0 0 0 0.133979 13 3129 1 0 1 
3.95986 -4.24388 0.375003 0 0 0 0.130195 13 3130 1 0 1 
2.12219 20.4342 0.343428 0 0 0 0.136579 13 3131 1 0 1 
18.1244 -5.32263 0.326527 0 0 0 0.1411 13 3132 1 0 1 
-20.1281 -1.9569 0.313085 0 0 0 0.14196 13 3133 1 0 1 
36.8818 21.9567 0.309573 0 0 0 0.142579 13 3134 1 0 1 
-9.20076 -6.33664 0.294616 0 0 0 0.14411 13 3135 1 0 1 
0.0319535 -0.592963 0.336097 0 0 0 0.138089 13 3136 1 0 1 
10.1695 8.51353 0.332863 0 0 0 0.13893 13 3137 1 0 1 
-12.9338 -24.7716 0.309302 0 0 0 0.143233 13 3138 1 0 1 
13.7856 0.597533 0.349091 0 0 0 0.133437 13 3139 1 0 1 
-14.472 11.5707 0.318427 0 0 0 0.14216 13 3140 1 0 1 
9.79336 6.56233 0.324438 0 0 0 0.13868 13 3141 1 0 1 
20.4418 6.54838 0.296544 0 0 0 0.145333 13 3142 1 0 1 
2.05512 20.6942 0.342639 0 0 0 0.134548 13 3143 1 0 1 
0.793427 9.93408 0.270163 0 0 0 0.140308 13 3144 1 0 1 
-1.97707 -2.3835 0.302189 0 0 0 0.143067 13 3145 1 0 1 
-0.831101 0.467885 0.3001 0 0 0 0.144157 13 3146 1 0 1 
18.1359 -13.5131 0.335794 0 0 0 0.137043 13 3147 1 0 1 
-2.1611 16.2229 0.328968 0 0 0 0.138245 13 3148 1 0 1 
1.28499 0.64599 0.331465 0 0 0 0.139151 13 3149 1 0 1 
8.41572 2.69137 0.315361 0 0 0 0.140736 13 3150 1 0 1 
3.55781 -18.6686 0.322043 0 0 0 0.13663 13 3151 1 0 1 
-6.52113 -41.1822 0.316526 0 0 0 0.140227 13 3152 1 0 1 
9.15316 3.0078 0.341959 0 0 0 0.136031 13 3153 1 0 1 
-3.37034 -8.39433 0.353722 0 0 0 0.133702 13 3154 1 0 1 
15.1078 -12.558 0.331391 0 0 0 0.13853 13 3155 1 0 1 
4.29289 19.5303 0.297896 0 0 0 0.145139 13 3156 1 0 1 
-33.8824 -5.76567 0.409975 0 0 0 0.127925 13 3157 1 0 1 
2.20551 -4.07143 0.336759 0 0 0 0.135517 13 3158 1 0 1 
23.3935 -11.7693 0.294505 0 0 0 0.145105 13 3159 1 0 1 
13.1465 -0.831981 0.347596 0 0 0 0.134386 13 3160 1 0 1 
12.8919 11.2264 0.414446 0 0 0 0.12755 13 3161 1 0 1 
6.01653 1.65844 0.326233 0 0 0 0.138412 13 3162 1 0 1 
-16.9786 11.0984 0.326399 0 0 0 0.137836 13 3163 1 0 1 
-2.22217 -3.58721 0.276439 0 0 0 0.149846 13 3164 1 0 1 
-22.3654 -32.9457 0.357358 0 0 0 0.131428 13 3165 1 0 1 
-18.5537 5.39296 0.309738 0 0 0 0.142406 13 3166 1 0 1 
7.61651 -6.82584 0.354609 0 0 0 0.13382 13 3167 1 0 1 
-5.29158 -13.8174 0.318319 0 0 0 0.142265 13 3168 1 0 1 
-3.04008 0.33539 0.333216 0 0 0 0.136983 13 3169 1 0 1 
2.88836 29.5113 0.326867 0 0 0 0.137412 13 3170 1 0 1 
-17.4374 21.1338 0.298654 0 0 0 0.143944 13 3171 1 0 1 
5.21035 9.42242 0.341675 0 0 0 0.136417 13 3172 1 0 1 
-9.90202 7.86459 0.323337 0 0 0 0.139834 13 3173 1 0 1 
-10.4143 9.5568 0.289005 0 0 0 0.146429 13 3174 1 0 1 
15.9283 -12.4235 0.311626 0 0 0 0.141604 13 3175 1 0 1 
-3.67303 4.89329 0.322244 0 0 0 0.139059 13 3176 1 0 1 
-0.202356 2.16853 0.280025 0 0 0 0.149005 13 3177 1 0 1 
3.67924 -13.1716 0.340417 0 0 0 0.135329 13 3178 1 0 1 
-22.0296 -11.4023 0.342613 0 0 0 0.136767 13 3179 1 0 1 
9.09846 -23.2198 0.270988 0 0 0 0.15141 13 3180 1 0 1 
-5.90334 15.6984 0.339206 0 0 0 0.134718 13 3181 1 0 1 
9.45077 -3.14616 0.303644 0 0 0 0.143726 13 3182 1 0 1 
24.145 26.6087 0.336245 0 0 0 0.135834 13 3183 1 0 1 
24.1146 24.6925 0.336044 0 0 0 0.138743 13 3184 1 0 1 
3.0615 -7.97029 0.343087 0 0 0 0.134991 13 3185 1 0 1 
-30.7675 0.520901 0.359915 0 0 0 0.131507 13 3186 1 0 1 
21.6913 5.89413 0.339061 0 0 0 0.134996 13 3187 1 0 1 
-3.67573 -41.7918 0.341209 0 0 0 0.135324 13 3188 1 0 1 
5.00474 -7.57749 0.340706 0 0 0 0.137168 13 3189 1 0 1 
6.1183 -7.9003 0.30126 0 0 0 0.144003 13 3190 1 0 1 
24.7526 -1.4835 0.328468 0 0 0 0.139554 13 3191 1 0 1 
9.41996 1.03038 0.311714 0 0 0 0.143333 13 3192 1 0 1 
-1.19663 -6.49391 0.313125 0 0 0 0.142241 13 3193 1 0 1 
-11.797 -3.99736 0.272203 0 0 0 0.148916 13 3194 1 0 1 
21.7036 2.22844 0.356272 0 0 0 0.134977 13 3195 1 0 1 
-7.16983 -0.483001 0.339449 0 0 0 0.136554 13 3196 1 0 1 
5.06832 17.7647 0.328308 0 0 0 0.135407 13 3197 1 0 1 
43.0302 18.8583 0.282839 0 0 0 0.148928 13 3198 1 0 1 
20.8717 -7.39522 0.332268 0 0 0 0.1365 13 3199 1 0 1 
4.25929 -0.129926 0.324386 0 0 0 0.138863 13 3200 1 0 1 
-16.6974 -5.01783 0.286219 0 0 0 0.148302 13 3201 1 0 1 
-4.32769 -6.71295 0.277325 0 0 0 0.150137 13 3202 1 0 1 
18.7852 -1.71289 0.287088 0 0 0 0.147268 13 3203 1 0 1 
0.34715 10.1561 0.380894 0 0 0 0.127326 13 3204 1 0 1 
7.60374 20.8423 0.356994 0 0 0 0.133299 13 3205 1 0 1 
-5.81371 -10.9851 0.378575 0 0 0 0.131174 13 3206 1 0 1 
-2.70623 8.8544 0.297893 0 0 0 0.144618 13 3207 1 0 1 
-1.81289 19.0246 0.287229 0 0 0 0.146898 13 3208 1 0 1 
13.0054 37.0213 0.306317 0 0 0 0.143308 13 3209 1 0 1 
4.98501 -4.98696 0.34493 0 0 0 0.134175 13 3210 1 0 1 
-0.667494 -37.1629 0.31335 0 0 0 0.142703 13 3211 1 0 1 
-6.97661 -1.45039 0.336388 0 0 0 0.138575 13 3212 1 0 1 
-4.66377 -3.78839 0.332411 0 0 0 0.137483 13 3213 1 0 1 
4.14538 -8.69693 0.316993 0 0 0 0.140637 13 3214 1 0 1 
-11.4343 8.62974 0.374881 0 0 0 0.130987 13 3215 1 0 1 
-22.8476 19.3712 0.328369 0 0 0 0.137327 13 3216 1 0 1 
-17.7571 3.03069 0.299306 0 0 0 0.144291 13 3217 1 0 1 
-10.7649 -7.88813 0.293989 0 0 0 0.145048 13 3218 1 0 1 
4.81829 -13.4811 0.305447 0 0 0 0.144057 13 3219 1 0 1 
-29.3374 0.238201 0.323609 0 0 0 0.140897 13 3220 1 0 1 
15.6435 24.3518 0.335 0 0 0 0.133004 13 3221 1 0 1 
-1.00755 2.88978 0.285521 0 0 0 0.147464 13 3222 1 0 1 
-22.2983 4.52957 0.326625 0 0 0 0.139582 13 3223 1 0 1 
-30.3925 12.1709 0.30423 0 0 0 0.14349 13 3224 1 0 1 
17.154 16.558 0.350743 0 0 0 0.136878 13 3225 1 0 1 
-11.268 12.0699 0.375384 0 0 0 0.130283 13 3226 1 0 1 
8.81752 -6.52773 0.327075 0 0 0 0.139266 13 3227 1 0 1 
-9.65622 5.77067 0.342951 0 0 0 0.13729 13 3228 1 0 1 
31.7368 -3.14683 0.350738 0 0 0 0.134113 13 3229 1 0 1 
-13.0371 9.01283 0.318349 0 0 0 0.141588 13 3230 1 0 1 
-1.1748 21.0663 0.312074 0 0 0 0.143199 13 3231 1 0 1 
-33.44 1.25636 0.350212 0 0 0 0.133255 13 3232 1 0 1 
13.0498 -11.5904 0.361053 0 0 0 0.133168 13 3233 1 0 1 
0.24088 6.54961 0.360919 0 0 0 0.133331 13 3234 1 0 1 
4.47272 -3.18991 0.337079 0 0 0 0.135822 13 3235 1 0 1 
-11.5271 -10.3757 0.344147 0 0 0 0.135308 13 3236 1 0 1 
3.89561 -19.4994 0.309168 0 0 0 0.142501 13 3237 1 0 1 
-13.5614 5.94782 0.375116 0 0 0 0.132423 13 3238 1 0 1 
3.9306 10.8756 0.287362 0 0 0 0.146922 13 3239 1 0 1 
-23.4439 -16.7897 0.330485 0 0 0 0.138697 13 3240 1 0 1 
-2.55188 -4.32289 0.3379 0 0 0 0.136421 13 3241 1 0 1 
-15.7283 3.70875 0.296198 0 0 0 0.144516 13 3242 1 0 1 
-14.2851 3.95665 0.27499 0 0 0 0.150482 13 3243 1 0 1 
-8.03735 6.34431 0.309324 0 0 0 0.141869 13 3244 1 0 1 
7.78627 -18.7959 0.309688 0 0 0 0.141432 13 3245 1 0 1 
-2.83865 9.10422 0.326109 0 0 0 0.141016 13 3246 1 0 1 
13.1712 9.15209 0.320111 0 0 0 0.14243 13 3247 1 0 1 
-8.61954 -42.5512 0.311995 0 0 0 0.142376 13 3248 1 0 1 
12.0307 -1.68932 0.320017 0 0 0 0.140638 13 3249 1 0 1 
9.17136 7.83832 0.350406 0 0 0 0.135064 13 3250 1 0 1 
-37.8248 -3.78483 0.315963 0 0 0 0.140764 13 3251 1 0 1 
3.46671 2.47512 0.324405 0 0 0 0.139048 13 3252 1 0 1 
19.507 -0.860676 0.343836 0 0 0 0.136346 13 3253 1 0 1 
9.12282 11.715 0.354427 0 0 0 0.132725 13 3254 1 0 1 
21.8449 29.5888 0.328611 0 0 0 0.139121 13 3255 1 0 1 
-15.739 11.8049 0.296745 0 0 0 0.143529 13 3256 1 0 1 
13.1474 -17.691 0.297634 0 0 0 0.145425 13 3257 1 0 1 
2.53347 19.1362 0.336381 0 0 0 0.13775 13 3258 1 0 1 
-1.6377 -18.1482 0.304368 0 0 0 0.143333 13 3259 1 0 1 
-5.5912 19.6309 0.298812 0 0 0 0.145836 13 3260 1 0 1 
0.0581171 24.5606 0.332446 0 0 0 0.13839 13 3261 1 0 1 
-16.5456 12.59 0.284499 0 0 0 0.14922 13 3262 1 0 1 
-10.5562 7.08476 0.292834 0 0 0 0.146974 13 3263 1 0 1 
-5.28109 -21.3394 0.307996 0 0 0 0.142351 13 3264 1 0 1 
-12.833 -0.245788 0.338814 0 0 0 0.136461 13 3265 1 0 1 
10.9145 19.6643 0.316537 0 0 0 0.141278 13 3266 1 0 1 
-0.53011 -10.8301 0.353768 0 0 0 0.135682 13 3267 1 0 1 
24.2985 -2.25699 0.33929 0 0 0 0.132119 13 3268 1 0 1 
-2.74904 20.9518 0.349128 0 0 0 0.135793 13 3269 1 0 1 
5.10076 33.7756 0.344027 0 0 0 0.135497 13 3270 1 0 1 
13.9173 -12.1794 0.345773 0 0 0 0.134785 13 3271 1 0 1 
0.828824 -19.1562 0.303095 0 0 0 0.144952 13 3272 1 0 1 
-5.23277 -11.3601 0.314617 0 0 0 0.142134 13 3273 1 0 1 
7.71045 9.0538 0.324524 0 0 0 0.139337 13 3274 1 0 1 
27.5116 -24.5288 0.355948 0 0 0 0.133084 13 3275 1 0 1 
-11.2934 -4.78209 0.372361 0 0 0 0.131782 13 3276 1 0 1 
-8.914 -8.33176 0.304991 0 0 0 0.142798 13 3277 1 0 1 
21.3626 -9.80068 0.31733 0 0 0 0.140845 13 3278 1 0 1 
33.431 -1.93653 0.333907 0 0 0 0.138266 13 3279 1 0 1 
-18.5553 -6.04145 0.329954 0 0 0 0.137976 13 3280 1 0 1 
-17.2847 -31.6986 0.332121 0 0 0 0.137184 13 3281 1 0 1 
1.37914 -19.1581 0.305898 0 0 0 0.141948 13 3282 1 0 1 
-21.9749 6.987 0.35228 0 0 0 0.134187 13 3283 1 0 1 
15.4019 -11.4009 0.339612 0 0 0 0.136556 13 3284 1 0 1 
-21.8959 -7.16271 0.230099 0 0 0 0.141434 13 3285 1 0 1 
-12.6066 6.55418 0.290817 0 0 0 0.146051 13 3286 1 0 1 
6.40535 -6.07555 0.309096 0 0 0 0.142674 13 3287 1 0 1 
-28.2687 -6.47494 0.267443 0 0 0 0.152179 13 3288 1 0 1 
10.5987 18.1253 0.311651 0 0 0 0.142865 13 3289 1 0 1 
-11.6816 4.43624 0.310349 0 0 0 0.142221 13 3290 1 0 1 
20.4344 -0.441651 0.322633 0 0 0 0.134944 13 3291 1 0 1 
13.6236 26.0368 0.359734 0 0 0 0.132916 13 3292 1 0 1 
33.7895 -1.39033 0.312622 0 0 0 0.140839 13 3293 1 0 1 
0.125967 4.43208 0.27152 0 0 0 0.148861 13 3294 1 0 1 
-1.53419 -0.615182 0.346112 0 0 0 0.136162 13 3295 1 0 1 
-36.6984 -15.8136 0.333044 0 0 0 0.136661 13 3296 1 0 1 
-7.92253 17.1329 0.304807 0 0 0 0.143457 13 3297 1 0 1 
-5.11248 18.4478 0.303941 0 0 0 0.143458 13 3298 1 0 1 
10.3011 -5.53193 0.338668 0 0 0 0.136989 13 3299 1 0 1 
-16.0034 -4.40809 0.305321 0 0 0 0.143128 13 3300 1 0 1 
-1.04098 -7.00305 0.307245 0 0 0 0.139975 13 3301 1 0 1 
18.0745 6.81689 0.319892 0 0 0 0.139661 13 3302 1 0 1 
6.42062 -10.0586 0.38123 0 0 0 0.130277 13 3303 1 0 1 
19.447 6.99495 0.330439 0 0 0 0.139395 13 3304 1 0 1 
-9.25969 6.72386 0.313789 0 0 0 0.140457 13 3305 1 0 1 
-1.11989 21.9912 0.329164 0 0 0 0.138429 13 3306 1 0 1 
18.042 -17.2457 0.35015 0 0 0 0.134231 13 3307 1 0 1 
12.4454 -2.73994 0.33575 0 0 0 0.137888 13 3308 1 0 1 
0.538218 -10.647 0.354476 0 0 0 0.133467 13 3309 1 0 1 
-10.4983 -4.26639 0.296105 0 0 0 0.14244 13 3310 1 0 1 
-38.2779 11.1779 0.379959 0 0 0 0.130448 13 3311 1 0 1 
-14.1141 8.21902 0.341129 0 0 0 0.137834 13 3312 1 0 1 
-27.8181 -0.072437 0.38537 0 0 0 0.129792 13 3313 1 0 1 
14.1668 9.58547 0.354269 0 0 0 0.134698 13 3314 1 0 1 
17.1657 22.728 0.287741 0 0 0 0.147103 13 3315 1 0 1 
4.52194 -12.4092 0.35469 0 0 0 0.135077 13 3316 1 0 1 
-8.02872 8.40639 0.305848 0 0 0 0.143706 13 3317 1 0 1 
0.787793 1.59062 0.282222 0 0 0 0.149335 13 3318 1 0 1 
19.3861 -15.8289 0.301796 0 0 0 0.144267 13 3319 1 0 1 
-4.88572 18.5831 0.306536 0 0 0 0.142404 13 3320 1 0 1 
6.74426 -3.48651 0.324402 0 0 0 0.13948 13 3321 1 0 1 
0.753588 25.6007 0.344278 0 0 0 0.133321 13 3322 1 0 1 
15.394 11.685 0.331276 0 0 0 0.139091 13 3323 1 0 1 
-3.87574 21.6512 0.275781 0 0 0 0.150237 13 3324 1 0 1 
-19.483 13.5551 0.328072 0 0 0 0.138022 13 3325 1 0 1 
6.81964 24.7876 0.344955 0 0 0 0.136394 13 3326 1 0 1 
-7.5707 -12.2895 0.333349 0 0 0 0.137639 13 3327 1 0 1 
-2.73125 -20.3976 0.3316 0 0 0 0.136779 13 3328 1 0 1 
-19.1808 -33.6886 0.337376 0 0 0 0.137627 13 3329 1 0 1 
13.8379 -21.5963 0.311375 0 0 0 0.141893 13 3330 1 0 1 
-3.88466 11.7211 0.320027 0 0 0 0.141339 13 3331 1 0 1 
-1.23759 -17.4065 0.340458 0 0 0 0.135586 13 3332 1 0 1 
2.95437 -6.41012 0.359015 0 0 0 0.133044 13 3333 1 0 1 
-6.74938 20.2456 0.314128 0 0 0 0.142283 13 3334 1 0 1 
8.12308 -12.8678 0.274721 0 0 0 0.150881 13 3335 1 0 1 
1.572 11.6764 0.306859 0 0 0 0.143261 13 3336 1 0 1 
-13.746 -23.4215 0.314494 0 0 0 0.138897 13 3337 1 0 1 
44.2821 36.3767 0.31642 0 0 0 0.142169 13 3338 1 0 1 
-8.20299 19.3927 0.357231 0 0 0 0.133887 13 3339 1 0 1 
-0.012241 30.8655 0.317349 0 0 0 0.140741 13 3340 1 0 1 
3.89261 -29.853 0.332716 0 0 0 0.134852 13 3341 1 0 1 
-7.31398 -9.19125 0.352117 0 0 0 0.135743 13 3342 1 0 1 
-13.7832 -1.29611 0.340232 0 0 0 0.136455 13 3343 1 0 1 
9.17562 -0.95398 0.327769 0 0 0 0.138991 13 3344 1 0 1 
0.274513 16.249 0.347876 0 0 0 0.134931 13 3345 1 0 1 
5.24053 -18.7182 0.289399 0 0 0 0.146959 13 3346 1 0 1 
1.73312 -1.684 0.343483 0 0 0 0.136232 13 3347 1 0 1 
-27.5809 -5.44679 0.312191 0 0 0 0.142521 13 3348 1 0 1 
-24.4165 -9.98329 0.298167 0 0 0 0.145364 13 3349 1 0 1 
22.932 -27.3537 0.315273 0 0 0 0.138436 13 3350 1 0 1 
0.807679 -0.579737 0.334154 0 0 0 0.135918 13 3351 1 0 1 
0.17017 23.9843 0.349234 0 0 0 0.134639 13 3352 1 0 1 
-2.86439 -26.6094 0.327257 0 0 0 0.140297 13 3353 1 0 1 
-2.76256 12.7496 0.298808 0 0 0 0.144982 13 3354 1 0 1 
19.2717 -2.7727 0.285946 0 0 0 0.147647 13 3355 1 0 1 
14.7317 17.0773 0.282363 0 0 0 0.144968 13 3356 1 0 1 
20.8961 -8.38273 0.332413 0 0 0 0.137869 13 3357 1 0 1 
-0.421978 13.3806 0.238554 0 0 0 0.14371 13 3358 1 0 1 
17.5229 -7.074 0.371396 0 0 0 0.132693 13 3359 1 0 1 
13.1968 -20.5338 0.314394 0 0 0 0.141603 13 3360 1 0 1 
34.9708 16.9826 0.308733 0 0 0 0.141738 13 3361 1 0 1 
4.72039 -7.0132 0.320464 0 0 0 0.139062 13 3362 1 0 1 
-12.1702 35.549 0.331209 0 0 0 0.139021 13 3363 1 0 1 
-13.0453 -32.1759 0.320527 0 0 0 0.14181 13 3364 1 0 1 
-1.19961 1.25456 0.325711 0 0 0 0.1387 13 3365 1 0 1 
-8.08114 -1.6128 0.316947 0 0 0 0.139466 13 3366 1 0 1 
32.3011 4.01287 0.318055 0 0 0 0.142272 13 3367 1 0 1 
-18.1658 -2.67703 0.294081 0 0 0 0.146123 13 3368 1 0 1 
-11.6493 8.64709 0.308217 0 0 0 0.144877 13 3369 1 0 1 
-26.1647 13.6609 0.3155 0 0 0 0.142322 13 3370 1 0 1 
5.10241 -2.22951 0.348836 0 0 0 0.133949 13 3371 1 0 1 
-13.6812 -1.05796 0.281607 0 0 0 0.147164 13 3372 1 0 1 
-2.65962 8.78803 0.321233 0 0 0 0.139274 13 3373 1 0 1 
43.1898 27.6751 0.378085 0 0 0 0.129114 13 3374 1 0 1 
4.70348 -20.5821 0.340004 0 0 0 0.134062 13 3375 1 0 1 
23.4219 31.1593 0.293672 0 0 0 0.144844 13 3376 1 0 1 
-16.942 7.85997 0.308828 0 0 0 0.141885 13 3377 1 0 1 
4.89239 9.71201 0.330782 0 0 0 0.137737 13 3378 1 0 1 
-16.3188 -17.259 0.302787 0 0 0 0.144874 13 3379 1 0 1 
14.4785 4.997 0.348959 0 0 0 0.135329 13 3380 1 0 1 
8.60855 -5.80814 0.294781 0 0 0 0.144708 13 3381 1 0 1 
-13.4803 8.32769 0.353388 0 0 0 0.136614 13 3382 1 0 1 
14.1962 -12.9111 0.347951 0 0 0 0.13606 13 3383 1 0 1 
-2.57732 2.15914 0.332221 0 0 0 0.139633 13 3384 1 0 1 
-1.04274 9.36306 0.268385 0 0 0 0.152142 13 3385 1 0 1 
-21.4379 -6.89724 0.351882 0 0 0 0.134755 13 3386 1 0 1 
12.4724 28.9019 0.332445 0 0 0 0.1385 13 3387 1 0 1 
-1.88468 4.7823 0.306464 0 0 0 0.144272 13 3388 1 0 1 
-17.4242 -1.6035 0.314496 0 0 0 0.140595 13 3389 1 0 1 
-8.79378 -8.11281 0.348811 0 0 0 0.133244 13 3390 1 0 1 
-3.65264 5.37254 0.30831 0 0 0 0.142507 13 3391 1 0 1 
0.350336 16.1355 0.325783 0 0 0 0.140017 13 3392 1 0 1 
4.04401 -25.1181 0.317278 0 0 0 0.14089 13 3393 1 0 1 
-26.9973 -12.8378 0.325365 0 0 0 0.140054 13 3394 1 0 1 
4.70945 8.98572 0.318722 0 0 0 0.139889 13 3395 1 0 1 
10.7072 -3.87938 0.306658 0 0 0 0.142512 13 3396 1 0 1 
-13.9428 -7.70023 0.319875 0 0 0 0.141094 13 3397 1 0 1 
-24.0595 -21.1737 0.346378 0 0 0 0.134802 13 3398 1 0 1 
-0.0895124 12.7026 0.343248 0 0 0 0.13573 13 3399 1 0 1 
6.1151 12.9016 0.343074 0 0 0 0.136189 13 3400 1 0 1 
17.5182 -2.09588 0.312659 0 0 0 0.140198 13 3401 1 0 1 
-15.7858 -9.13508 0.29972 0 0 0 0.142758 13 3402 1 0 1 
-3.71578 -15.4432 0.338293 0 0 0 0.13583 13 3403 1 0 1 
8.57066 14.0695 0.349847 0 0 0 0.134346 13 3404 1 0 1 
-12.3954 -36.6926 0.30855 0 0 0 0.142674 13 3405 1 0 1 
-12.3838 -15.2706 0.343495 0 0 0 0.136347 13 3406 1 0 1 
9.56893 2.03737 0.331406 0 0 0 0.136778 13 3407 1 0 1 
-4.19415 16.0134 0.33801 0 0 0 0.137661 13 3408 1 0 1 
-17.9409 -8.9913 0.308917 0 0 0 0.144068 13 3409 1 0 1 
9.98625 -33.8865 0.31924 0 0 0 0.140591 13 3410 1 0 1 
-3.24831 0.69331 0.361694 0 0 0 0.133166 13 3411 1 0 1 
0.110097 8.70369 0.300761 0 0 0 0.143524 13 3412 1 0 1 
23.6445 20.478 0.354614 0 0 0 0.132745 13 3413 1 0 1 
9.45006 -13.2294 0.3002 0 0 0 0.145409 13 3414 1 0 1 
-8.44472 -3.41891 0.321294 0 0 0 0.140589 13 3415 1 0 1 
-26.1558 19.5631 0.329093 0 0 0 0.137897 13 3416 1 0 1 
-8.58753 -35.5373 0.322571 0 0 0 0.140298 13 3417 1 0 1 
6.04888 -14.854 0.344744 0 0 0 0.134167 13 3418 1 0 1 
7.08227 0.725765 0.336226 0 0 0 0.13698 13 3419 1 0 1 
5.71356 17.3747 0.295479 0 0 0 0.145161 13 3420 1 0 1 
-0.510176 -3.82447 0.392894 0 0 0 0.129743 13 3421 1 0 1 
-1.82466 -4.86401 0.284908 0 0 0 0.148229 13 3422 1 0 1 
18.7116 -8.2216 0.292313 0 0 0 0.144979 13 3423 1 0 1 
3.46946 11.4592 0.27616 0 0 0 0.150658 13 3424 1 0 1 
6.77602 5.04093 0.322304 0 0 0 0.139685 13 3425 1 0 1 
-4.96691 6.55476 0.340993 0 0 0 0.138468 13 3426 1 0 1 
1.78031 2.26798 0.318265 0 0 0 0.141351 13 3427 1 0 1 
-10.098 29.3097 0.325308 0 0 0 0.138711 13 3428 1 0 1 
8.16869 -27.8587 0.352518 0 0 0 0.133771 13 3429 1 0 1 
-6.28704 8.75943 0.352976 0 0 0 0.135542 13 3430 1 0 1 
-0.282055 19.8987 0.336387 0 0 0 0.138755 13 3431 1 0 1 
18.384 4.74023 0.327732 0 0 0 0.139245 13 3432 1 0 1 
-0.670196 14.7225 0.3208 0 0 0 0.139755 13 3433 1 0 1 
-12.251 7.35968 0.32439 0 0 0 0.140395 13 3434 1 0 1 
0.718574 10.067 0.312248 0 0 0 0.141158 13 3435 1 0 1 
-24.089 45.7783 0.336176 0 0 0 0.136155 13 3436 1 0 1 
19.8536 3.24529 0.338148 0 0 0 0.135465 13 3437 1 0 1 
-17.7339 -6.09835 0.297691 0 0 0 0.142997 13 3438 1 0 1 
-10.1639 -2.04224 0.230789 0 0 0 0.135265 13 3439 1 0 1 
8.23018 -2.11036 0.353751 0 0 0 0.13441 13 3440 1 0 1 
-3.16571 -8.06158 0.348052 0 0 0 0.136293 13 3441 1 0 1 
-4.51531 -2.07403 0.307825 0 0 0 0.141998 13 3442 1 0 1 
-18.4422 -3.03107 0.307745 0 0 0 0.143205 13 3443 1 0 1 
24.8416 -11.6976 0.309068 0 0 0 0.141023 13 3444 1 0 1 
-5.57709 12.5098 0.34714 0 0 0 0.135788 13 3445 1 0 1 
10.3144 -12.2658 0.350031 0 0 0 0.13642 13 3446 1 0 1 
23.1067 8.57361 0.304365 0 0 0 0.1455 13 3447 1 0 1 
-6.0325 6.65236 0.340955 0 0 0 0.135974 13 3448 1 0 1 
-5.3334 1.73377 0.328288 0 0 0 0.139187 13 3449 1 0 1 
-32.6601 -18.2902 0.262614 0 0 0 0.154102 13 3450 1 0 1 
32.8688 -3.65553 0.347257 0 0 0 0.13473 13 3451 1 0 1 
30.5541 -7.31788 0.305568 0 0 0 0.143415 13 3452 1 0 1 
11.5842 -10.441 0.27972 0 0 0 0.146843 13 3453 1 0 1 
-13.6453 -8.24587 0.369181 0 0 0 0.133171 13 3454 1 0 1 
-5.18233 -18.3145 0.370335 0 0 0 0.131318 13 3455 1 0 1 
24.0955 5.06426 0.289134 0 0 0 0.147877 13 3456 1 0 1 
-25.8748 -6.53633 0.311889 0 0 0 0.140537 13 3457 1 0 1 
21.828 18.6854 0.361656 0 0 0 0.132773 13 3458 1 0 1 
25.3178 1.8013 0.293473 0 0 0 0.14684 13 3459 1 0 1 
12.2936 -10.8132 0.32705 0 0 0 0.137838 13 3460 1 0 1 
4.74667 8.31195 0.307944 0 0 0 0.142735 13 3461 1 0 1 
-6.24239 24.1494 0.326447 0 0 0 0.139424 13 3462 1 0 1 
21.876 0.101004 0.3448 0 0 0 0.136002 13 3463 1 0 1 
12.0179 -11.491 0.33486 0 0 0 0.137957 13 3464 1 0 1 
-8.27333 -11.4603 0.329641 0 0 0 0.137754 13 3465 1 0 1 
-12.5636 -3.61736 0.288924 0 0 0 0.147313 13 3466 1 0 1 
16.1939 -20.4865 0.342462 0 0 0 0.136499 13 3467 1 0 1 
-4.40205 0.586113 0.28806 0 0 0 0.146793 13 3468 1 0 1 
5.19778 5.96424 0.29856 0 0 0 0.144853 13 3469 1 0 1 
0.415289 -4.45498 0.317539 0 0 0 0.140924 13 3470 1 0 1 
-8.02384 3.48164 0.319757 0 0 0 0.141234 13 3471 1 0 1 
7.62229 13.4284 0.348729 0 0 0 0.13498 13 3472 1 0 1 
4.27771 -10.4044 0.334486 0 0 0 0.137115 13 3473 1 0 1 
1.01553 9.25093 0.320635 0 0 0 0.139399 13 3474 1 0 1 
0.693515 -11.0867 0.304337 0 0 0 0.142625 13 3475 1 0 1 
5.07501 13.1775 0.292694 0 0 0 0.144332 13 3476 1 0 1 
-11.4744 -35.7869 0.299213 0 0 0 0.144823 13 3477 1 0 1 
22.9437 0.557959 0.30261 0 0 0 0.14408 13 3478 1 0 1 
-12.5042 7.07241 0.311547 0 0 0 0.142307 13 3479 1 0 1 
24.6031 -34.2931 0.281989 0 0 0 0.1461 13 3480 1 0 1 
-2.75314 -4.11249 0.2958 0 0 0 0.145717 13 3481 1 0 1 
18.6669 3.47992 0.37019 0 0 0 0.131237 13 3482 1 0 1 
-32.7485 -1.18156 0.346235 0 0 0 0.134064 13 3483 1 0 1 
-7.08211 -13.5034 0.313423 0 0 0 0.142541 13 3484 1 0 1 
12.1292 -1.43692 0.33896 0 0 0 0.137698 13 3485 1 0 1 
17.3392 1.11251 0.335407 0 0 0 0.139044 13 3486 1 0 1 
-11.0405 -7.80498 0.330216 0 0 0 0.138044 13 3487 1 0 1 
-10.3209 16.2414 0.333211 0 0 0 0.137815 13 3488 1 0 1 
-29.0563 -10.9171 0.254827 0 0 0 0.154601 13 3489 1 0 1 
3.66588 -19.8357 0.307557 0 0 0 0.141875 13 3490 1 0 1 
-5.66059 -5.15906 0.338497 0 0 0 0.136715 13 3491 1 0 1 
4.59913 4.50962 0.302268 0 0 0 0.143255 13 3492 1 0 1 
-24.4729 -9.62399 0.337441 0 0 0 0.138368 13 3493 1 0 1 
-1.85284 7.68221 0.314501 0 0 0 0.140912 13 3494 1 0 1 
-19.0784 -34.5384 0.288571 0 0 0 0.147419 13 3495 1 0 1 
27.8498 27.1135 0.257808 0 0 0 0.154666 13 3496 1 0 1 
1.80409 9.77515 0.317816 0 0 0 0.1415 13 3497 1 0 1 
-5.63048 0.159303 0.330416 0 0 0 0.13932 13 3498 1 0 1 
5.98753 -7.30056 0.341748 0 0 0 0.139605 13 3499 1 0 1 
-2.95367 -2.43918 0.344943 0 0 0 0.136156 13 3500 1 0 1 
-7.20775 -2.43892 0.327117 0 0 0 0.139198 13 3501 1 0 1 
8.05459 22.6955 0.336124 0 0 0 0.135327 13 3502 1 0 1 
3.10429 15.6539 0.321869 0 0 0 0.14032 13 3503 1 0 1 
-23.8498 -24.1709 0.364164 0 0 0 0.133823 13 3504 1 0 1 
5.67269 -23.8363 0.319258 0 0 0 0.140084 13 3505 1 0 1 
11.1059 17.2222 0.279112 0 0 0 0.148756 13 3506 1 0 1 
23.9521 4.6235 0.347544 0 0 0 0.134558 13 3507 1 0 1 
-1.56749 11.292 0.306832 0 0 0 0.142953 13 3508 1 0 1 
-1.52508 4.27676 0.328805 0 0 0 0.140146 13 3509 1 0 1 
10.1815 -10.2981 0.311293 0 0 0 0.143579 13 3510 1 0 1 
-3.9946 -7.80019 0.332667 0 0 0 0.138464 13 3511 1 0 1 
4.07329 -0.824107 0.320023 0 0 0 0.141138 13 3512 1 0 1 
16.8244 -5.01882 0.310522 0 0 0 0.142715 13 3513 1 0 1 
-27.4229 -35.9884 0.30899 0 0 0 0.143486 13 3514 1 0 1 
8.48027 28.4211 0.339405 0 0 0 0.136472 13 3515 1 0 1 
29.3563 16.7546 0.309045 0 0 0 0.142292 13 3516 1 0 1 
4.59494 -14.8386 0.33398 0 0 0 0.137415 13 3517 1 0 1 
15.0267 -20.3825 0.363822 0 0 0 0.132175 13 3518 1 0 1 
-6.00486 -15.456 0.283966 0 0 0 0.148544 13 3519 1 0 1 
5.64909 -13.8799 0.30133 0 0 0 0.143976 13 3520 1 0 1 
10.3965 -3.0603 0.309733 0 0 0 0.142533 13 3521 1 0 1 
-10.6997 -35.6168 0.351016 0 0 0 0.13445 13 3522 1 0 1 
-1.43224 -10.3174 0.335846 0 0 0 0.138334 13 3523 1 0 1 
8.85277 -10.3257 0.298139 0 0 0 0.143692 13 3524 1 0 1 
10.7221 21.8097 0.302233 0 0 0 0.144685 13 3525 1 0 1 
-1.22062 25.4205 0.326091 0 0 0 0.137271 13 3526 1 0 1 
43.7486 8.83816 0.350416 0 0 0 0.134596 13 3527 1 0 1 
-15.3406 -4.46076 0.259693 0 0 0 0.152732 13 3528 1 0 1 
7.82038 9.28813 0.351619 0 0 0 0.133915 13 3529 1 0 1 
17.7208 -7.06992 0.331919 0 0 0 0.135494 13 3530 1 0 1 
12.653 -19.4982 0.342022 0 0 0 0.13555 13 3531 1 0 1 
13.8601 -16.7148 0.334591 0 0 0 0.136733 13 3532 1 0 1 
-10.1334 -10.6723 0.279994 0 0 0 0.149864 13 3533 1 0 1 
18.0692 4.75757 0.34202 0 0 0 0.13516 13 3534 1 0 1 
-10.0639 3.18228 0.343677 0 0 0 0.135832 13 3535 1 0 1 
-2.01545 10.4538 0.304324 0 0 0 0.142963 13 3536 1 0 1 
-7.88584 -9.33149 0.331349 0 0 0 0.137629 13 3537 1 0 1 
22.7753 -14.3626 0.338074 0 0 0 0.137833 13 3538 1 0 1 
-10.455 1.16967 0.323909 0 0 0 0.140374 13 3539 1 0 1 
-16.7792 24.5273 0.330221 0 0 0 0.139969 13 3540 1 0 1 
14.4404 8.92673 0.333313 0 0 0 0.137603 13 3541 1 0 1 
3.30869 53.6782 0.338499 0 0 0 0.136337 13 3542 1 0 1 
-0.134899 5.90229 0.336481 0 0 0 0.137992 13 3543 1 0 1 
0.849706 8.28567 0.335162 0 0 0 0.137155 13 3544 1 0 1 
10.455 7.04549 0.318029 0 0 0 0.139513 13 3545 1 0 1 
18.3886 1.30569 0.347371 0 0 0 0.133697 13 3546 1 0 1 
8.27858 -4.61485 0.368499 0 0 0 0.131373 13 3547 1 0 1 
-35.2019 -10.1612 0.320176 0 0 0 0.141301 13 3548 1 0 1 
-6.14269 -24.3258 0.289191 0 0 0 0.146291 13 3549 1 0 1 
15.6516 -7.49006 0.342615 0 0 0 0.135719 13 3550 1 0 1 
-5.79494 19.6939 0.278942 0 0 0 0.149881 13 3551 1 0 1 
10.6469 11.0747 0.357942 0 0 0 0.133208 13 3552 1 0 1 
-28.6033 -6.26912 0.338664 0 0 0 0.137682 13 3553 1 0 1 
6.96252 -18.3172 0.362764 0 0 0 0.132541 13 3554 1 0 1 
2.32185 15.2518 0.354169 0 0 0 0.134842 13 3555 1 0 1 
-13.8014 -3.75023 0.326368 0 0 0 0.138288 13 3556 1 0 1 
-3.06602 2.10439 0.329036 0 0 0 0.139813 13 3557 1 0 1 
13.9467 -11.6962 0.326384 0 0 0 0.13802 13 3558 1 0 1 
-14.171 26.0161 0.331526 0 0 0 0.137964 13 3559 1 0 1 
-6.09861 -7.17834 0.306728 0 0 0 0.142873 13 3560 1 0 1 
18.8399 -0.71657 0.324316 0 0 0 0.14015 13 3561 1 0 1 
6.97785 -11.9065 0.32348 0 0 0 0.139457 13 3562 1 0 1 
1.95818 -1.26955 0.314117 0 0 0 0.142658 13 3563 1 0 1 
-7.11818 -13.3193 0.316291 0 0 0 0.140363 13 3564 1 0 1 
0.976953 -14.8692 0.32817 0 0 0 0.139964 13 3565 1 0 1 
5.74831 -0.875645 0.338282 0 0 0 0.136438 13 3566 1 0 1 
-8.15554 -4.94904 0.350299 0 0 0 0.136725 13 3567 1 0 1 
13.696 5.28137 0.383939 0 0 0 0.130467 13 3568 1 0 1 
20.6889 -12.3589 0.297738 0 0 0 0.145473 13 3569 1 0 1 
8.10657 -4.3602 0.388482 0 0 0 0.128822 13 3570 1 0 1 
-19.8155 -12.4025 0.288335 0 0 0 0.14546 13 3571 1 0 1 
-4.83805 -11.1879 0.29928 0 0 0 0.144128 13 3572 1 0 1 
12.1931 -0.0752822 0.282112 0 0 0 0.147314 13 3573 1 0 1 
1.9609 1.08316 0.334623 0 0 0 0.137125 13 3574 1 0 1 
6.88502 17.3075 0.300645 0 0 0 0.144741 13 3575 1 0 1 
-2.18385 -6.07713 0.352894 0 0 0 0.132839 13 3576 1 0 1 
-34.5868 11.5343 0.306075 0 0 0 0.141722 13 3577 1 0 1 
-2.58865 24.4593 0.306795 0 0 0 0.143297 13 3578 1 0 1 
11.7156 -23.4834 0.360178 0 0 0 0.13399 13 3579 1 0 1 
-4.78348 20.1517 0.309273 0 0 0 0.142197 13 3580 1 0 1 
6.68619 -0.791161 0.349579 0 0 0 0.134965 13 3581 1 0 1 
-28.5133 14.7336 0.325624 0 0 0 0.140494 13 3582 1 0 1 
-12.3084 -21.4874 0.32351 0 0 0 0.139844 13 3583 1 0 1 
13.3919 -18.5131 0.376939 0 0 0 0.130563 13 3584 1 0 1 
6.68685 -9.76604 0.3441 0 0 0 0.134949 13 3585 1 0 1 
36.7914 -5.6666 0.324586 0 0 0 0.140033 13 3586 1 0 1 
-0.758355 -7.93125 0.35552 0 0 0 0.13365 13 3587 1 0 1 
7.54331 -16.6078 0.343222 0 0 0 0.135552 13 3588 1 0 1 
3.08562 -8.19414 0.357426 0 0 0 0.131982 13 3589 1 0 1 
6.31075 18.2489 0.334104 0 0 0 0.137983 13 3590 1 0 1 
12.7034 -2.46579 0.354304 0 0 0 0.133689 13 3591 1 0 1 
-4.03716 -36.9236 0.346818 0 0 0 0.134097 13 3592 1 0 1 
5.80432 -5.61841 0.34764 0 0 0 0.134892 13 3593 1 0 1 
-19.3551 -9.32655 0.322363 0 0 0 0.140715 13 3594 1 0 1 
-0.196973 -21.1733 0.291738 0 0 0 0.146825 13 3595 1 0 1 
-12.6548 5.56265 0.314708 0 0 0 0.141013 13 3596 1 0 1 
-26.8139 1.34324 0.325829 0 0 0 0.13996 13 3597 1 0 1 
-0.390063 -8.94398 0.311959 0 0 0 0.142004 13 3598 1 0 1 
23.0581 8.21519 0.347464 0 0 0 0.135671 13 3599 1 0 1 
2.55278 -14.0489 0.349325 0 0 0 0.135788 13 3600 1 0 1 
-17.7577 -4.90794 0.290804 0 0 0 0.146873 13 3601 1 0 1 
15.1764 1.08085 0.314501 0 0 0 0.14119 13 3602 1 0 1 
-22.3997 11.2586 0.346341 0 0 0 0.135094 13 3603 1 0 1 
-20.4036 46.7776 0.328973 0 0 0 0.137873 13 3604 1 0 1 
4.46448 7.87463 0.334808 0 0 0 0.137993 13 3605 1 0 1 
3.23186 -5.84315 0.30838 0 0 0 0.143569 13 3606 1 0 1 
22.65 1.81224 0.295652 0 0 0 0.143918 13 3607 1 0 1 
1.71492 10.8027 0.322642 0 0 0 0.140146 13 3608 1 0 1 
27.6241 -5.34028 0.352104 0 0 0 0.132216 13 3609 1 0 1 
8.29474 18.4374 0.31249 0 0 0 0.141289 13 3610 1 0 1 
-10.5127 22.5344 0.384437 0 0 0 0.131439 13 3611 1 0 1 
-13.1388 -1.35125 0.28447 0 0 0 0.147052 13 3612 1 0 1 
26.4372 -17.0485 0.331189 0 0 0 0.13879 13 3613 1 0 1 
9.4767 -12.8076 0.349598 0 0 0 0.135734 13 3614 1 0 1 
5.95136 -12.7548 0.412134 0 0 0 0.128326 13 3615 1 0 1 
-16.8657 21.8334 0.323792 0 0 0 0.141358 13 3616 1 0 1 
20.4333 -1.6265 0.322182 0 0 0 0.139071 13 3617 1 0 1 
2.89838 -11.291 0.350362 0 0 0 0.134158 13 3618 1 0 1 
-14.3447 -9.63625 0.303681 0 0 0 0.144187 13 3619 1 0 1 
4.64137 11.6125 0.315226 0 0 0 0.14127 13 3620 1 0 1 
18.8583 -17.9315 0.337201 0 0 0 0.138159 13 3621 1 0 1 
22.5715 5.80228 0.341922 0 0 0 0.136277 13 3622 1 0 1 
-18.1337 9.11891 0.323547 0 0 0 0.138435 13 3623 1 0 1 
26.5626 4.46341 0.326069 0 0 0 0.138579 13 3624 1 0 1 
18.9981 -11.0231 0.304542 0 0 0 0.143657 13 3625 1 0 1 
2.23704 -6.44351 0.285807 0 0 0 0.147687 13 3626 1 0 1 
9.93977 -25.3576 0.366718 0 0 0 0.131453 13 3627 1 0 1 
8.75391 21.7415 0.25644 0 0 0 0.15483 13 3628 1 0 1 
17.8007 -2.56651 0.360049 0 0 0 0.132802 13 3629 1 0 1 
0.97506 10.379 0.320408 0 0 0 0.139452 13 3630 1 0 1 
-11.8465 3.90939 0.342811 0 0 0 0.136389 13 3631 1 0 1 
-4.01597 0.720219 0.293236 0 0 0 0.142806 13 3632 1 0 1 
21.9436 14.2578 0.355808 0 0 0 0.135353 13 3633 1 0 1 
-22.5551 16.5451 0.33085 0 0 0 0.138433 13 3634 1 0 1 
7.27886 10.5805 0.324607 0 0 0 0.139576 13 3635 1 0 1 
-17.8547 -20.4741 0.295957 0 0 0 0.145455 13 3636 1 0 1 
11.0635 -7.61918 0.285045 0 0 0 0.148158 13 3637 1 0 1 
-17.3334 -2.65878 0.34704 0 0 0 0.135635 13 3638 1 0 1 
-11.9879 -17.7774 0.319171 0 0 0 0.14017 13 3639 1 0 1 
21.9998 -4.64605 0.382566 0 0 0 0.130161 13 3640 1 0 1 
-30.9467 -10.6769 0.342822 0 0 0 0.135668 13 3641 1 0 1 
-3.21399 -20.4268 0.355301 0 0 0 0.134517 13 3642 1 0 1 
6.09813 29.4674 0.273468 0 0 0 0.150527 13 3643 1 0 1 
10.6633 4.15408 0.300762 0 0 0 0.144379 13 3644 1 0 1 
-10.9046 -9.86602 0.349183 0 0 0 0.136905 13 3645 1 0 1 
7.41491 12.9883 0.319351 0 0 0 0.140857 13 3646 1 0 1 
-6.6606 9.68621 0.32105 0 0 0 0.139848 13 3647 1 0 1 
-2.47469 0.333544 0.341334 0 0 0 0.133559 13 3648 1 0 1 
6.12567 -6.63058 0.347131 0 0 0 0.135777 13 3649 1 0 1 
15.5981 -8.98358 0.325409 0 0 0 0.139609 13 3650 1 0 1 
14.5014 -3.43354 0.347638 0 0 0 0.134168 13 3651 1 0 1 
-3.04313 12.9991 0.30295 0 0 0 0.143212 13 3652 1 0 1 
3.6098 -6.41266 0.32302 0 0 0 0.140422 13 3653 1 0 1 
-29.8434 -15.4306 0.318896 0 0 0 0.141675 13 3654 1 0 1 
-12.749 14.6835 0.292318 0 0 0 0.146678 13 3655 1 0 1 
14.3563 11.0745 0.358738 0 0 0 0.133307 13 3656 1 0 1 
9.61794 -6.42205 0.372781 0 0 0 0.131993 13 3657 1 0 1 
5.93866 0.150625 0.339481 0 0 0 0.138495 13 3658 1 0 1 
19.7495 0.650634 0.286927 0 0 0 0.146613 13 3659 1 0 1 
-4.37365 14.5151 0.333377 0 0 0 0.13678 13 3660 1 0 1 
-9.08867 14.4459 0.357616 0 0 0 0.132294 13 3661 1 0 1 
0.721089 -19.3209 0.327089 0 0 0 0.138852 13 3662 1 0 1 
19.2724 -3.48709 0.319469 0 0 0 0.141129 13 3663 1 0 1 
13.7362 17.9316 0.285718 0 0 0 0.147925 13 3664 1 0 1 
-12.9061 1.32095 0.303422 0 0 0 0.14228 13 3665 1 0 1 
-9.73946 5.25456 0.344549 0 0 0 0.137273 13 3666 1 0 1 
4.27393 -1.70963 0.265676 0 0 0 0.150855 13 3667 1 0 1 
-12.9757 -13.7586 0.320295 0 0 0 0.140444 13 3668 1 0 1 
6.30606 23.2339 0.372945 0 0 0 0.131925 13 3669 1 0 1 
-11.9315 -12.4425 0.372432 0 0 0 0.129437 13 3670 1 0 1 
-2.96824 -12.092 0.309796 0 0 0 0.140995 13 3671 1 0 1 
-0.808195 -1.02247 0.301488 0 0 0 0.145042 13 3672 1 0 1 
-15.6659 17.0788 0.322123 0 0 0 0.139299 13 3673 1 0 1 
9.70959 -1.48809 0.328618 0 0 0 0.139142 13 3674 1 0 1 
3.97408 -11.0469 0.308482 0 0 0 0.143115 13 3675 1 0 1 
-15.1151 21.8721 0.336685 0 0 0 0.138617 13 3676 1 0 1 
6.33342 -25.5558 0.322432 0 0 0 0.139797 13 3677 1 0 1 
7.56325 -10.5993 0.342299 0 0 0 0.135479 13 3678 1 0 1 
-18.4317 -10.4643 0.364674 0 0 0 0.134184 13 3679 1 0 1 
-17.4288 -8.29652 0.329918 0 0 0 0.138866 13 3680 1 0 1 
-3.58706 -4.11007 0.328504 0 0 0 0.139665 13 3681 1 0 1 
9.51325 -9.85123 0.300311 0 0 0 0.144705 13 3682 1 0 1 
-22.7911 -16.3541 0.362131 0 0 0 0.131563 13 3683 1 0 1 
3.40057 25.2456 0.338077 0 0 0 0.137011 13 3684 1 0 1 
-13.8254 16.9444 0.31783 0 0 0 0.140202 13 3685 1 0 1 
-9.11627 -3.4655 0.354875 0 0 0 0.132756 13 3686 1 0 1 
4.4506 -11.0735 0.328621 0 0 0 0.141032 13 3687 1 0 1 
3.74775 11.5174 0.308942 0 0 0 0.142775 13 3688 1 0 1 
-4.66921 11.4582 0.355927 0 0 0 0.133459 13 3689 1 0 1 
-15.6507 1.59422 0.360282 0 0 0 0.134602 13 3690 1 0 1 
-9.73814 37.1083 0.34134 0 0 0 0.134646 13 3691 1 0 1 
-15.7857 -11.0738 0.321405 0 0 0 0.139517 13 3692 1 0 1 
13.8069 -1.51938 0.335237 0 0 0 0.137258 13 3693 1 0 1 
1.75612 22.8559 0.293527 0 0 0 0.145631 13 3694 1 0 1 
3.16108 -36.5268 0.302073 0 0 0 0.139314 13 3695 1 0 1 
-7.58989 3.18094 0.334989 0 0 0 0.136234 13 3696 1 0 1 
-6.28262 30.9414 0.289453 0 0 0 0.144213 13 3697 1 0 1 
15.65 -1.59839 0.296501 0 0 0 0.146484 13 3698 1 0 1 
30.6298 7.97904 0.346337 0 0 0 0.137117 13 3699 1 0 1 
9.48334 2.46388 0.323475 0 0 0 0.139005 13 3700 1 0 1 
7.57225 -7.8666 0.302154 0 0 0 0.14515 13 3701 1 0 1 
-26.7856 13.5673 0.325499 0 0 0 0.140758 13 3702 1 0 1 
2.49427 4.8707 0.348137 0 0 0 0.134679 13 3703 1 0 1 
-12.4184 -20.2295 0.316306 0 0 0 0.141316 13 3704 1 0 1 
-16.722 0.86035 0.303461 0 0 0 0.144863 13 3705 1 0 1 
12.543 -2.5832 0.340941 0 0 0 0.138083 13 3706 1 0 1 
7.7362 13.615 0.335642 0 0 0 0.137364 13 3707 1 0 1 
-3.74792 0.707102 0.311308 0 0 0 0.14155 13 3708 1 0 1 
-2.61861 22.2136 0.338512 0 0 0 0.134956 13 3709 1 0 1 
6.33173 9.26544 0.343111 0 0 0 0.134059 13 3710 1 0 1 
20.8524 5.84362 0.287249 0 0 0 0.14724 13 3711 1 0 1 
-10.941 13.1599 0.340042 0 0 0 0.136528 13 3712 1 0 1 
16.582 0.579039 0.37775 0 0 0 0.132209 13 3713 1 0 1 
-21.1339 -8.27231 0.322372 0 0 0 0.141127 13 3714 1 0 1 
-15.7288 -13.1186 0.331522 0 0 0 0.137638 13 3715 1 0 1 
14.5119 -4.7957 0.368648 0 0 0 0.132577 13 3716 1 0 1 
-3.90423 23.3888 0.309537 0 0 0 0.142261 13 3717 1 0 1 
-8.41746 -8.13452 0.336111 0 0 0 0.135412 13 3718 1 0 1 
-3.26932 -13.6813 0.310743 0 0 0 0.14277 13 3719 1 0 1 
-16.304 11.6375 0.326155 0 0 0 0.140018 13 3720 1 0 1 
-32.5093 -1.15515 0.284496 0 0 0 0.148297 13 3721 1 0 1 
-13.1325 -12.3565 0.296065 0 0 0 0.143047 13 3722 1 0 1 
-1.38129 3.56854 0.320745 0 0 0 0.140879 13 3723 1 0 1 
-19.5961 16.5524 0.327393 0 0 0 0.14131 13 3724 1 0 1 
5.33493 11.647 0.314559 0 0 0 0.142337 13 3725 1 0 1 
35.1222 15.123 0.336706 0 0 0 0.138103 13 3726 1 0 1 
-3.0935 9.21415 0.306762 0 0 0 0.14312 13 3727 1 0 1 
6.0269 -4.39541 0.323397 0 0 0 0.141069 13 3728 1 0 1 
-23.7 -9.21478 0.278353 0 0 0 0.14884 13 3729 1 0 1 
9.44286 6.35354 0.308097 0 0 0 0.140691 13 3730 1 0 1 
14.3526 -12.9622 0.342701 0 0 0 0.135492 13 3731 1 0 1 
-3.22642 -1.27584 0.286896 0 0 0 0.147365 13 3732 1 0 1 
-0.669455 -22.9323 0.344891 0 0 0 0.136586 13 3733 1 0 1 
-2.84878 -4.59577 0.312719 0 0 0 0.143676 13 3734 1 0 1 
0.696011 -6.01123 0.35597 0 0 0 0.133567 13 3735 1 0 1 
-14.9859 -5.92983 0.326779 0 0 0 0.139888 13 3736 1 0 1 
-11.5908 -8.78052 0.350142 0 0 0 0.135596 13 3737 1 0 1 
18.4669 20.4766 0.320658 0 0 0 0.140332 13 3738 1 0 1 
-11.8402 27.0293 0.33824 0 0 0 0.136348 13 3739 1 0 1 
-23.7956 0.0315091 0.330122 0 0 0 0.13845 13 3740 1 0 1 
15.9015 13.7941 0.356153 0 0 0 0.1328 13 3741 1 0 1 
6.06625 -7.55923 0.326354 0 0 0 0.137827 13 3742 1 0 1 
3.25759 -0.769027 0.31786 0 0 0 0.139347 13 3743 1 0 1 
-11.5211 -7.80586 0.363691 0 0 0 0.13301 13 3744 1 0 1 
22.2972 18.4046 0.330891 0 0 0 0.136694 13 3745 1 0 1 
5.60354 -8.13767 0.296699 0 0 0 0.143075 13 3746 1 0 1 
-13.2166 -2.11155 0.289704 0 0 0 0.142218 13 3747 1 0 1 
15.8645 5.36508 0.328351 0 0 0 0.139337 13 3748 1 0 1 
-1.19367 28.5763 0.294984 0 0 0 0.145405 13 3749 1 0 1 
-3.07523 -15.7357 0.312341 0 0 0 0.141392 13 3750 1 0 1 
-2.97638 21.9944 0.325485 0 0 0 0.138949 13 3751 1 0 1 
-17.3509 -10.9607 0.342722 0 0 0 0.137167 13 3752 1 0 1 
-18.9327 -10.7706 0.266049 0 0 0 0.147058 13 3753 1 0 1 
-26.0591 7.13764 0.342555 0 0 0 0.136699 13 3754 1 0 1 
-18.1229 -5.00117 0.299007 0 0 0 0.143839 13 3755 1 0 1 
18.7458 37.8797 0.310407 0 0 0 0.14288 13 3756 1 0 1 
-14.2581 6.45565 0.33714 0 0 0 0.1353 13 3757 1 0 1 
-5.89682 7.05675 0.284139 0 0 0 0.147641 13 3758 1 0 1 
6.12722 25.9253 0.295237 0 0 0 0.146027 13 3759 1 0 1 
15.5135 2.34387 0.323175 0 0 0 0.139835 13 3760 1 0 1 
9.54007 5.38161 0.335319 0 0 0 0.139782 13 3761 1 0 1 
-35.2528 7.71739 0.306329 0 0 0 0.142562 13 3762 1 0 1 
-7.74655 -21.8047 0.333016 0 0 0 0.137528 13 3763 1 0 1 
-3.84537 11.6008 0.31631 0 0 0 0.14113 13 3764 1 0 1 
1.90975 15.665 0.32425 0 0 0 0.142302 13 3765 1 0 1 
9.23789 -0.160717 0.302573 0 0 0 0.144161 13 3766 1 0 1 
6.33035 26.9481 0.335797 0 0 0 0.138683 13 3767 1 0 1 
-5.84561 -30.2111 0.327863 0 0 0 0.137751 13 3768 1 0 1 
-3.49172 20.7869 0.324378 0 0 0 0.140545 13 3769 1 0 1 
17.5925 10.675 0.311697 0 0 0 0.14181 13 3770 1 0 1 
-6.00181 4.43168 0.313634 0 0 0 0.133657 13 3771 1 0 1 
-1.94464 -6.216 0.301827 0 0 0 0.144612 13 3772 1 0 1 
1.89087 4.68962 0.307852 0 0 0 0.144541 13 3773 1 0 1 
6.61294 7.51992 0.287452 0 0 0 0.147736 13 3774 1 0 1 
23.0588 -3.56581 0.368025 0 0 0 0.132557 13 3775 1 0 1 
28.0131 -18.1237 0.279104 0 0 0 0.148414 13 3776 1 0 1 
-14.5292 -1.24315 0.328726 0 0 0 0.139116 13 3777 1 0 1 
7.64843 -5.2902 0.3748 0 0 0 0.130176 13 3778 1 0 1 
18.4695 -11.9671 0.316733 0 0 0 0.141956 13 3779 1 0 1 
2.58711 -10.1579 0.337087 0 0 0 0.137425 13 3780 1 0 1 
-6.08694 -15.7491 0.293384 0 0 0 0.145861 13 3781 1 0 1 
20.7524 16.2653 0.332665 0 0 0 0.139691 13 3782 1 0 1 
-9.05036 -14.9151 0.313064 0 0 0 0.141823 13 3783 1 0 1 
-1.4422 13.5851 0.317418 0 0 0 0.142044 13 3784 1 0 1 
-39.0208 11.5842 0.316159 0 0 0 0.13922 13 3785 1 0 1 
-19.0315 -26.6868 0.277661 0 0 0 0.149375 13 3786 1 0 1 
19.1086 13.0118 0.321712 0 0 0 0.140563 13 3787 1 0 1 
2.84236 17.8352 0.335371 0 0 0 0.138188 13 3788 1 0 1 
11.8805 23.9431 0.312394 0 0 0 0.138633 13 3789 1 0 1 
-2.23338 -15.7999 0.332428 0 0 0 0.138863 13 3790 1 0 1 
5.89354 -1.30828 0.261076 0 0 0 0.154863 13 3791 1 0 1 
-17.3557 -18.8751 0.292522 0 0 0 0.145786 13 3792 1 0 1 
5.85485 -10.9417 0.291323 0 0 0 0.144666 13 3793 1 0 1 
12.5494 38.6432 0.311979 0 0 0 0.144511 13 3794 1 0 1 
-8.65038 -1.07817 0.340945 0 0 0 0.137574 13 3795 1 0 1 
-5.69348 -19.0042 0.319928 0 0 0 0.140928 13 3796 1 0 1 
-3.56554 16.8796 0.288457 0 0 0 0.138413 13 3797 1 0 1 
17.5032 -28.0283 0.344739 0 0 0 0.135131 13 3798 1 0 1 
-13.7616 16.7811 0.333768 0 0 0 0.137801 13 3799 1 0 1 
-25.9752 17.838 0.318695 0 0 0 0.141881 13 3800 1 0 1 
15.6859 -15.7817 0.324898 0 0 0 0.139337 13 3801 1 0 1 
12.8697 -25.5158 0.293464 0 0 0 0.139829 13 3802 1 0 1 
-1.9511 15.7805 0.347825 0 0 0 0.134294 13 3803 1 0 1 
-2.69363 9.36911 0.287923 0 0 0 0.147462 13 3804 1 0 1 
-4.07336 -5.20942 0.307178 0 0 0 0.143997 13 3805 1 0 1 
2.57374 -7.25197 0.28093 0 0 0 0.148873 13 3806 1 0 1 
1.4159 14.5504 0.336114 0 0 0 0.136741 13 3807 1 0 1 
4.99946 13.1801 0.34175 0 0 0 0.13646 13 3808 1 0 1 
12.4285 -41.5844 0.3103 0 0 0 0.142577 13 3809 1 0 1 
-10.3041 11.2736 0.355141 0 0 0 0.134498 13 3810 1 0 1 
0.342314 24.8858 0.347289 0 0 0 0.133443 13 3811 1 0 1 
25.7106 -8.89033 0.306415 0 0 0 0.142575 13 3812 1 0 1 
11.7569 4.05684 0.289947 0 0 0 0.146816 13 3813 1 0 1 
-0.566963 9.46348 0.342846 0 0 0 0.136281 13 3814 1 0 1 
1.62036 13.0701 0.330665 0 0 0 0.140265 13 3815 1 0 1 
21.8436 -5.65536 0.320172 0 0 0 0.142289 13 3816 1 0 1 
-25.7918 27.7149 0.307197 0 0 0 0.141022 13 3817 1 0 1 
-4.21587 28.7079 0.324533 0 0 0 0.138078 13 3818 1 0 1 
-6.23608 -3.44319 0.293273 0 0 0 0.146244 13 3819 1 0 1 
-21.6292 -26.375 0.315814 0 0 0 0.141269 13 3820 1 0 1 
7.18785 -27.6511 0.301796 0 0 0 0.144142 13 3821 1 0 1 
-23.9655 -7.95372 0.338423 0 0 0 0.136529 13 3822 1 0 1 
-12.9497 -8.22253 0.297647 0 0 0 0.144484 13 3823 1 0 1 
-4.81349 3.99322 0.348741 0 0 0 0.134231 13 3824 1 0 1 
14.9087 -22.2687 0.350553 0 0 0 0.133797 13 3825 1 0 1 
-12.5355 -2.96148 0.351336 0 0 0 0.134838 13 3826 1 0 1 
-7.06643 -8.73374 0.325063 0 0 0 0.139881 13 3827 1 0 1 
-11.3759 14.3154 0.298231 0 0 0 0.144721 13 3828 1 0 1 
6.30429 -4.06508 0.363494 0 0 0 0.13337 13 3829 1 0 1 
-22.3112 14.7308 0.32872 0 0 0 0.138085 13 3830 1 0 1 
-14.559 -13.5835 0.299432 0 0 0 0.142665 13 3831 1 0 1 
-3.23518 -34.5658 0.301957 0 0 0 0.143819 13 3832 1 0 1 
-22.847 0.363284 0.330798 0 0 0 0.137366 13 3833 1 0 1 
-17.4884 -6.55596 0.325168 0 0 0 0.139519 13 3834 1 0 1 
22.7644 -4.14506 0.329016 0 0 0 0.138583 13 3835 1 0 1 
5.60493 -12.0029 0.304301 0 0 0 0.142917 13 3836 1 0 1 
4.95868 11.3674 0.32245 0 0 0 0.138936 13 3837 1 0 1 
27.1533 24.2263 0.370118 0 0 0 0.131565 13 3838 1 0 1 
-6.85472 8.69922 0.312966 0 0 0 0.141722 13 3839 1 0 1 
-5.76012 -14.7749 0.299045 0 0 0 0.139923 13 3840 1 0 1 
7.26974 19.7361 0.287614 0 0 0 0.148308 13 3841 1 0 1 
-18.4123 -1.27554 0.377173 0 0 0 0.131823 13 3842 1 0 1 
-10.4426 3.16824 0.316206 0 0 0 0.141067 13 3843 1 0 1 
-0.056729 13.3813 0.324836 0 0 0 0.138627 13 3844 1 0 1 
-20.5908 -10.8469 0.330863 0 0 0 0.138641 13 3845 1 0 1 
25.6525 1.22876 0.317168 0 0 0 0.141539 13 3846 1 0 1 
-13.2934 -17.5809 0.345357 0 0 0 0.133484 13 3847 1 0 1 
-5.84267 3.21143 0.342121 0 0 0 0.137351 13 3848 1 0 1 
-17.8572 -13.9886 0.329567 0 0 0 0.137877 13 3849 1 0 1 
-0.00306968 -24.3049 0.345186 0 0 0 0.13583 13 3850 1 0 1 
-0.497433 12.0302 0.285243 0 0 0 0.147118 13 3851 1 0 1 
17.2766 -12.6091 0.335181 0 0 0 0.136331 13 3852 1 0 1 
-12.1534 -9.97294 0.355284 0 0 0 0.134696 13 3853 1 0 1 
-4.80304 3.94986 0.32275 0 0 0 0.140186 13 3854 1 0 1 
1.48871 9.7327 0.323172 0 0 0 0.140412 13 3855 1 0 1 
-12.1497 27.4223 0.324259 0 0 0 0.139227 13 3856 1 0 1 
1.78917 -4.9193 0.352711 0 0 0 0.132883 13 3857 1 0 1 
-2.3159 0.662221 0.282606 0 0 0 0.148482 13 3858 1 0 1 
24.4507 2.68023 0.310286 0 0 0 0.141963 13 3859 1 0 1 
16.9734 -8.09221 0.271793 0 0 0 0.151094 13 3860 1 0 1 
12.3454 10.1964 0.297696 0 0 0 0.144848 13 3861 1 0 1 
12.3257 -0.171262 0.373334 0 0 0 0.131489 13 3862 1 0 1 
10.0604 -24.8938 0.350221 0 0 0 0.134796 13 3863 1 0 1 
-23.1465 -6.61588 0.280379 0 0 0 0.147201 13 3864 1 0 1 
14.6909 9.07086 0.341383 0 0 0 0.137886 13 3865 1 0 1 
7.4094 -14.7817 0.333612 0 0 0 0.137349 13 3866 1 0 1 
37.197 0.994139 0.312644 0 0 0 0.143258 13 3867 1 0 1 
4.78359 39.7623 0.348175 0 0 0 0.135586 13 3868 1 0 1 
7.52402 -11.4059 0.347864 0 0 0 0.135693 13 3869 1 0 1 
-13.964 8.94722 0.33092 0 0 0 0.139209 13 3870 1 0 1 
-6.14513 0.706194 0.34766 0 0 0 0.134229 13 3871 1 0 1 
-0.895031 -0.861082 0.344906 0 0 0 0.134267 13 3872 1 0 1 
9.30538 6.07035 0.350374 0 0 0 0.134026 13 3873 1 0 1 
28.5476 -22.1528 0.313441 0 0 0 0.141683 13 3874 1 0 1 
-12.1468 4.9301 0.347718 0 0 0 0.134075 13 3875 1 0 1 
25.9073 31.6888 0.352739 0 0 0 0.133886 13 3876 1 0 1 
18.9155 6.63481 0.37685 0 0 0 0.130894 13 3877 1 0 1 
-4.51764 13.2864 0.325266 0 0 0 0.139723 13 3878 1 0 1 
-20.4583 42.703 0.329536 0 0 0 0.138579 13 3879 1 0 1 
-10.5565 -13.145 0.310427 0 0 0 0.141114 13 3880 1 0 1 
-6.32667 3.89973 0.319984 0 0 0 0.140793 13 3881 1 0 1 
1.71708 6.50405 0.323023 0 0 0 0.13979 13 3882 1 0 1 
17.5169 -0.572168 0.334559 0 0 0 0.136867 13 3883 1 0 1 
-25.8047 11.5489 0.338484 0 0 0 0.138534 13 3884 1 0 1 
-12.315 -4.95058 0.324723 0 0 0 0.138796 13 3885 1 0 1 
0.714172 -19.8384 0.325972 0 0 0 0.139287 13 3886 1 0 1 
-21.0573 -9.45171 0.323971 0 0 0 0.141485 13 3887 1 0 1 
10.2509 5.86948 0.304763 0 0 0 0.142915 13 3888 1 0 1 
-0.197234 0.0844148 0.342243 0 0 0 0.135574 13 3889 1 0 1 
2.27457 14.2605 0.310422 0 0 0 0.141024 13 3890 1 0 1 
-41.1063 -16.2912 0.33429 0 0 0 0.140032 13 3891 1 0 1 
9.64411 4.27846 0.327022 0 0 0 0.139885 13 3892 1 0 1 
20.9204 -4.71299 0.348704 0 0 0 0.134921 13 3893 1 0 1 
26.5339 5.37862 0.326232 0 0 0 0.139995 13 3894 1 0 1 
23.0461 17.8829 0.318228 0 0 0 0.140114 13 3895 1 0 1 
21.9607 7.68125 0.301582 0 0 0 0.142048 13 3896 1 0 1 
17.6576 -11.0521 0.271862 0 0 0 0.150146 13 3897 1 0 1 
3.83876 14.5001 0.328011 0 0 0 0.13954 13 3898 1 0 1 
29.9493 20.4282 0.283783 0 0 0 0.147675 13 3899 1 0 1 
19.4291 4.78195 0.34058 0 0 0 0.136834 13 3900 1 0 1 
3.75375 -11.673 0.374851 0 0 0 0.131801 13 3901 1 0 1 
-16.6152 -7.9976 0.304324 0 0 0 0.141379 13 3902 1 0 1 
-4.12619 -5.54106 0.334914 0 0 0 0.138747 13 3903 1 0 1 
23.6303 -3.49483 0.320443 0 0 0 0.138932 13 3904 1 0 1 
-15.8149 6.54047 0.347747 0 0 0 0.13559 13 3905 1 0 1 
-4.85022 -3.67419 0.346586 0 0 0 0.134787 13 3906 1 0 1 
1.44817 -32.3032 0.332908 0 0 0 0.137562 13 3907 1 0 1 
12.901 -18.9244 0.337241 0 0 0 0.137657 13 3908 1 0 1 
-49.0023 -18.2464 0.327886 0 0 0 0.139383 13 3909 1 0 1 
5.53886 6.02628 0.317722 0 0 0 0.140846 13 3910 1 0 1 
3.73613 11.7293 0.310905 0 0 0 0.142659 13 3911 1 0 1 
12.7817 -18.1039 0.327679 0 0 0 0.13607 13 3912 1 0 1 
-9.00216 -2.12801 0.319867 0 0 0 0.13957 13 3913 1 0 1 
16.5799 -14.7848 0.33273 0 0 0 0.133033 13 3914 1 0 1 
17.8006 3.79943 0.26223 0 0 0 0.154125 13 3915 1 0 1 
-7.03281 2.47076 0.311173 0 0 0 0.142148 13 3916 1 0 1 
-11.0614 -10.9626 0.281423 0 0 0 0.14768 13 3917 1 0 1 
-11.3885 12.4576 0.319008 0 0 0 0.143342 13 3918 1 0 1 
-11.2081 19.0931 0.328162 0 0 0 0.138907 13 3919 1 0 1 
-12.6655 5.66966 0.375013 0 0 0 0.131134 13 3920 1 0 1 
-10.7622 16.8962 0.326617 0 0 0 0.137918 13 3921 1 0 1 
-8.10007 -38.0148 0.315345 0 0 0 0.14082 13 3922 1 0 1 
4.8058 1.88559 0.27675 0 0 0 0.148968 13 3923 1 0 1 
-12.591 14.5669 0.329638 0 0 0 0.138403 13 3924 1 0 1 
-2.49251 -9.00964 0.291153 0 0 0 0.145256 13 3925 1 0 1 
3.13537 7.40374 0.266517 0 0 0 0.152953 13 3926 1 0 1 
-4.53513 6.03023 0.321226 0 0 0 0.140059 13 3927 1 0 1 
-14.1274 15.6886 0.27834 0 0 0 0.150115 13 3928 1 0 1 
-4.51836 -28.2331 0.357319 0 0 0 0.132171 13 3929 1 0 1 
-11.537 3.23553 0.297991 0 0 0 0.145785 13 3930 1 0 1 
11.834 15.4573 0.34083 0 0 0 0.136636 13 3931 1 0 1 
-18.4725 15.9531 0.306102 0 0 0 0.142996 13 3932 1 0 1 
-5.36192 -15.7632 0.324654 0 0 0 0.140487 13 3933 1 0 1 
8.83609 -12.2632 0.299961 0 0 0 0.144465 13 3934 1 0 1 
-7.92237 -21.0021 0.30449 0 0 0 0.143761 13 3935 1 0 1 
-18.1122 -28.3527 0.325504 0 0 0 0.14001 13 3936 1 0 1 
7.57125 15.3164 0.347979 0 0 0 0.134643 13 3937 1 0 1 
-2.86738 20.4392 0.339566 0 0 0 0.137987 13 3938 1 0 1 
-14.2623 4.39837 0.320321 0 0 0 0.139512 13 3939 1 0 1 
28.6676 18.7525 0.275642 0 0 0 0.148709 13 3940 1 0 1 
22.97 13.8229 0.312337 0 0 0 0.141438 13 3941 1 0 1 
-3.6053 -17.415 0.319768 0 0 0 0.140099 13 3942 1 0 1 
-12.3581 2.43265 0.361433 0 0 0 0.134135 13 3943 1 0 1 
37.376 0.0650751 0.357819 0 0 0 0.134172 13 3944 1 0 1 
22.5444 -10.9642 0.338205 0 0 0 0.137386 13 3945 1 0 1 
3.41807 -22.8996 0.344317 0 0 0 0.136002 13 3946 1 0 1 
3.97383 -0.764117 0.314161 0 0 0 0.140307 13 3947 1 0 1 
-13.8548 -3.68618 0.296055 0 0 0 0.146772 13 3948 1 0 1 
-14.7406 -15.1479 0.307847 0 0 0 0.142843 13 3949 1 0 1 
-8.92764 -4.07772 0.361039 0 0 0 0.131977 13 3950 1 0 1 
12.1452 19.4024 0.336044 0 0 0 0.135443 13 3951 1 0 1 
12.1167 5.40632 0.313428 0 0 0 0.140876 13 3952 1 0 1 
16.5916 -14.3584 0.396493 0 0 0 0.129527 13 3953 1 0 1 
12.6793 -19.45 0.375337 0 0 0 0.131271 13 3954 1 0 1 
-21.9622 -26.7611 0.319913 0 0 0 0.137833 13 3955 1 0 1 
18.7824 -8.69122 0.280184 0 0 0 0.149083 13 3956 1 0 1 
6.8983 -1.94395 0.34689 0 0 0 0.134995 13 3957 1 0 1 
-13.1343 36.5432 0.308077 0 0 0 0.142967 13 3958 1 0 1 
20.3661 -30.9958 0.329033 0 0 0 0.139014 13 3959 1 0 1 
-0.687668 -22.8703 0.365696 0 0 0 0.132671 13 3960 1 0 1 
6.38374 -4.24629 0.361836 0 0 0 0.132484 13 3961 1 0 1 
-24.3951 -16.2816 0.370727 0 0 0 0.131085 13 3962 1 0 1 
-9.73577 -13.3397 0.322025 0 0 0 0.140551 13 3963 1 0 1 
2.79019 3.29335 0.332331 0 0 0 0.138641 13 3964 1 0 1 
-18.2896 10.2937 0.321035 0 0 0 0.139642 13 3965 1 0 1 
-16.3301 4.88227 0.327134 0 0 0 0.1392 13 3966 1 0 1 
20.3768 5.36686 0.281436 0 0 0 0.141718 13 3967 1 0 1 
-6.27038 1.13918 0.271629 0 0 0 0.15165 13 3968 1 0 1 
-9.2892 18.2855 0.331695 0 0 0 0.13765 13 3969 1 0 1 
18.1306 29.0889 0.306671 0 0 0 0.143824 13 3970 1 0 1 
-13.3233 -6.35061 0.354573 0 0 0 0.133627 13 3971 1 0 1 
5.11988 12.0719 0.31922 0 0 0 0.140994 13 3972 1 0 1 
6.82968 -5.69947 0.330622 0 0 0 0.138093 13 3973 1 0 1 
-13.1261 -10.9088 0.319285 0 0 0 0.140698 13 3974 1 0 1 
17.5244 4.501 0.268244 0 0 0 0.150342 13 3975 1 0 1 
-0.566873 4.54834 0.292434 0 0 0 0.146476 13 3976 1 0 1 
6.75152 14.7668 0.306437 0 0 0 0.143243 13 3977 1 0 1 
-10.5208 10.9587 0.319256 0 0 0 0.140008 13 3978 1 0 1 
-3.16983 3.9397 0.279174 0 0 0 0.147697 13 3979 1 0 1 
-10.5567 10.7349 0.297293 0 0 0 0.145309 13 3980 1 0 1 
-8.27632 13.9102 0.305428 0 0 0 0.144252 13 3981 1 0 1 
-15.1669 -0.579298 0.336 0 0 0 0.139235 13 3982 1 0 1 
4.06205 -1.97098 0.291392 0 0 0 0.145894 13 3983 1 0 1 
-5.96856 15.1652 0.329172 0 0 0 0.137568 13 3984 1 0 1 
1.26164 29.1464 0.302867 0 0 0 0.145339 13 3985 1 0 1 
12.0047 7.65276 0.325959 0 0 0 0.140294 13 3986 1 0 1 
1.97487 20.5371 0.32151 0 0 0 0.140628 13 3987 1 0 1 
14.1045 13.0967 0.277279 0 0 0 0.149256 13 3988 1 0 1 
31.8315 2.00073 0.317398 0 0 0 0.14167 13 3989 1 0 1 
10.3895 6.93536 0.326963 0 0 0 0.139392 13 3990 1 0 1 
19.1598 -4.78709 0.335853 0 0 0 0.136543 13 3991 1 0 1 
1.42385 9.17386 0.369673 0 0 0 0.133178 13 3992 1 0 1 
16.7248 16.6318 0.320532 0 0 0 0.141165 13 3993 1 0 1 
21.3664 21.8948 0.357078 0 0 0 0.133801 13 3994 1 0 1 
-13.6834 13.9686 0.265269 0 0 0 0.153121 13 3995 1 0 1 
1.57692 -0.984658 0.321414 0 0 0 0.139238 13 3996 1 0 1 
30.6938 14.7505 0.33615 0 0 0 0.136952 13 3997 1 0 1 
3.33061 1.22225 0.322937 0 0 0 0.140505 13 3998 1 0 1 
-19.961 -3.38589 0.345551 0 0 0 0.135592 13 3999 1 0 1 
-14.7957 -8.40806 0.40724 0 0 0 0.128092 13 4000 1 0 1 
3.97811 -1.88111 0.316211 0 0 0 0.140832 13 4001 1 0 1 
20.6862 -4.01692 0.302508 0 0 0 0.144372 13 4002 1 0 1 
-12.5053 11.8636 0.339053 0 0 0 0.135911 13 4003 1 0 1 
-3.11577 21.9901 0.323197 0 0 0 0.140414 13 4004 1 0 1 
-1.28351 -8.71861 0.322893 0 0 0 0.140139 13 4005 1 0 1 
-1.57726 0.709465 0.354797 0 0 0 0.134508 13 4006 1 0 1 
-9.86118 17.1424 0.290137 0 0 0 0.145717 13 4007 1 0 1 
5.41934 8.87715 0.316689 0 0 0 0.139389 13 4008 1 0 1 
-6.05284 8.54392 0.340987 0 0 0 0.136914 13 4009 1 0 1 
-16.2209 -5.04129 0.2823 0 0 0 0.148824 13 4010 1 0 1 
8.09493 -6.2165 0.332895 0 0 0 0.137329 13 4011 1 0 1 
-21.1348 0.771255 0.308663 0 0 0 0.139376 13 4012 1 0 1 
9.15117 -18.2728 0.297656 0 0 0 0.145685 13 4013 1 0 1 
-10.2626 20.4056 0.315704 0 0 0 0.139648 13 4014 1 0 1 
-7.5328 -41.7722 0.325518 0 0 0 0.138915 13 4015 1 0 1 
21.5667 2.57059 0.323143 0 0 0 0.139852 13 4016 1 0 1 
23.6629 -2.90297 0.337021 0 0 0 0.139568 13 4017 1 0 1 
-25.0148 29.2606 0.277531 0 0 0 0.149614 13 4018 1 0 1 
9.71668 0.607735 0.27673 0 0 0 0.147943 13 4019 1 0 1 
13.4805 2.50761 0.345859 0 0 0 0.135529 13 4020 1 0 1 
-17.1658 0.308536 0.385301 0 0 0 0.129034 13 4021 1 0 1 
-20.6711 -13.8134 0.314165 0 0 0 0.142498 13 4022 1 0 1 
2.86029 -11.3697 0.352934 0 0 0 0.136169 13 4023 1 0 1 
-2.55355 -14.0196 0.306586 0 0 0 0.141958 13 4024 1 0 1 
0.00609265 15.6183 0.335371 0 0 0 0.138425 13 4025 1 0 1 
4.53884 4.58731 0.300361 0 0 0 0.144425 13 4026 1 0 1 
-5.50407 -31.4402 0.30474 0 0 0 0.144145 13 4027 1 0 1 
5.25293 0.586453 0.339548 0 0 0 0.135871 13 4028 1 0 1 
-9.2314 17.4703 0.342168 0 0 0 0.13599 13 4029 1 0 1 
-16.6717 15.2674 0.306437 0 0 0 0.142696 13 4030 1 0 1 
-3.64061 -6.96286 0.333284 0 0 0 0.138095 13 4031 1 0 1 
-9.24165 3.38365 0.343454 0 0 0 0.135628 13 4032 1 0 1 
-22.3022 -5.87906 0.280134 0 0 0 0.1489 13 4033 1 0 1 
-18.4578 -0.438127 0.348028 0 0 0 0.134467 13 4034 1 0 1 
12.24 4.79462 0.31053 0 0 0 0.143964 13 4035 1 0 1 
14.7854 -6.04951 0.37607 0 0 0 0.130288 13 4036 1 0 1 
6.51798 10.2695 0.332115 0 0 0 0.138294 13 4037 1 0 1 
-25.1274 -26.0814 0.339745 0 0 0 0.13669 13 4038 1 0 1 
-3.00158 -15.3825 0.34528 0 0 0 0.13436 13 4039 1 0 1 
-7.77821 -16.2182 0.33007 0 0 0 0.137165 13 4040 1 0 1 
-8.12426 -5.92254 0.336985 0 0 0 0.136499 13 4041 1 0 1 
-4.20713 -29.107 0.278355 0 0 0 0.148285 13 4042 1 0 1 
14.2463 1.1037 0.366272 0 0 0 0.131713 13 4043 1 0 1 
-12.2076 12.8153 0.331 0 0 0 0.13916 13 4044 1 0 1 
-12.2766 -5.61112 0.307069 0 0 0 0.143027 13 4045 1 0 1 
-33.232 8.06029 0.393155 0 0 0 0.129315 13 4046 1 0 1 
14.6437 1.11253 0.297771 0 0 0 0.144866 13 4047 1 0 1 
6.88243 -11.217 0.291233 0 0 0 0.146418 13 4048 1 0 1 
9.70194 -10.5216 0.277245 0 0 0 0.149931 13 4049 1 0 1 
27.3984 4.75843 0.295586 0 0 0 0.143915 13 4050 1 0 1 
5.54851 0.592875 0.294471 0 0 0 0.14477 13 4051 1 0 1 
-5.79643 25.8804 0.332029 0 0 0 0.138802 13 4052 1 0 1 
16.8193 14.2266 0.38817 0 0 0 0.131136 13 4053 1 0 1 
21.8929 3.58792 0.293309 0 0 0 0.144023 13 4054 1 0 1 
-13.5216 14.0193 0.326449 0 0 0 0.138696 13 4055 1 0 1 
-6.15825 22.798 0.317544 0 0 0 0.139066 13 4056 1 0 1 
-22.9257 15.9674 0.315452 0 0 0 0.140413 13 4057 1 0 1 
34.2934 3.62296 0.34588 0 0 0 0.136072 13 4058 1 0 1 
0.179149 5.32374 0.339619 0 0 0 0.138772 13 4059 1 0 1 
4.10121 12.4791 0.33569 0 0 0 0.137639 13 4060 1 0 1 
-12.5749 22.9341 0.369513 0 0 0 0.132262 13 4061 1 0 1 
7.61314 -22.3448 0.322755 0 0 0 0.141451 13 4062 1 0 1 
4.50991 -9.04915 0.354926 0 0 0 0.131889 13 4063 1 0 1 
-6.04805 26.2765 0.307926 0 0 0 0.143186 13 4064 1 0 1 
7.57885 6.87237 0.29511 0 0 0 0.146142 13 4065 1 0 1 
14.1324 -0.282284 0.356634 0 0 0 0.13415 13 4066 1 0 1 
0.227049 7.01787 0.316231 0 0 0 0.141086 13 4067 1 0 1 
1.34481 2.50106 0.316968 0 0 0 0.140618 13 4068 1 0 1 
18.6664 -22.6232 0.303366 0 0 0 0.141994 13 4069 1 0 1 
-0.875231 -10.4602 0.335423 0 0 0 0.136576 13 4070 1 0 1 
6.47424 -9.01306 0.310744 0 0 0 0.142548 13 4071 1 0 1 
8.83683 12.6058 0.310018 0 0 0 0.1439 13 4072 1 0 1 
22.4673 4.80267 0.329055 0 0 0 0.139399 13 4073 1 0 1 
7.8777 -0.060843 0.298025 0 0 0 0.14191 13 4074 1 0 1 
34.3688 -21.947 0.320921 0 0 0 0.142568 13 4075 1 0 1 
-3.28452 -1.26264 0.326723 0 0 0 0.13924 13 4076 1 0 1 
15.4034 -23.9572 0.35931 0 0 0 0.134209 13 4077 1 0 1 
12.3343 -9.3765 0.291489 0 0 0 0.145884 13 4078 1 0 1 
-9.56608 -30.5722 0.339425 0 0 0 0.137656 13 4079 1 0 1 
3.95988 5.07123 0.33367 0 0 0 0.138801 13 4080 1 0 1 
0.565271 -18.7344 0.245464 0 0 0 0.144083 13 4081 1 0 1 
-19.4467 -24.6359 0.345948 0 0 0 0.136745 13 4082 1 0 1 
-13.5777 -5.36734 0.333738 0 0 0 0.138312 13 4083 1 0 1 
11.6478 10.238 0.267083 0 0 0 0.151585 13 4084 1 0 1 
-3.56862 18.3562 0.293021 0 0 0 0.145325 13 4085 1 0 1 
-21.3657 7.00335 0.381359 0 0 0 0.131058 13 4086 1 0 1 
-8.50033 28.916 0.336924 0 0 0 0.137724 13 4087 1 0 1 
-1.60164 -31.9534 0.355263 0 0 0 0.136084 13 4088 1 0 1 
7.027 -16.9362 0.323811 0 0 0 0.139742 13 4089 1 0 1 
-13.6641 -12.3956 0.320727 0 0 0 0.139393 13 4090 1 0 1 
-12.8367 -8.63537 0.377708 0 0 0 0.130298 13 4091 1 0 1 
6.86738 -15.5211 0.333533 0 0 0 0.136903 13 4092 1 0 1 
-10.0422 3.16571 0.351836 0 0 0 0.132518 13 4093 1 0 1 
6.12315 -3.7926 0.317834 0 0 0 0.140732 13 4094 1 0 1 
-1.64284 0.745347 0.324335 0 0 0 0.140954 13 4095 1 0 1 
2.08157 -0.168966 0.339029 0 0 0 0.137761 13 4096 1 0 1 
0.0454887 2.96241 0.311056 0 0 0 0.141977 13 4097 1 0 1 
-24.4433 13.8486 0.346778 0 0 0 0.13399 13 4098 1 0 1 
-17.4113 -13.1988 0.319269 0 0 0 0.14188 13 4099 1 0 1 
10.1943 -11.6289 0.323161 0 0 0 0.141084 13 4100 1 0 1 
7.57801 -10.5879 0.323164 0 0 0 0.140395 13 4101 1 0 1 
18.1 8.85744 0.285239 0 0 0 0.146718 13 4102 1 0 1 
-0.572167 16.2552 0.34954 0 0 0 0.132986 13 4103 1 0 1 
1.03953 11.1624 0.280973 0 0 0 0.149618 13 4104 1 0 1 
-14.0465 -0.558278 0.327274 0 0 0 0.139509 13 4105 1 0 1 
23.6466 -22.8705 0.369752 0 0 0 0.13204 13 4106 1 0 1 
-9.87463 8.57275 0.317739 0 0 0 0.141444 13 4107 1 0 1 
14.8214 0.28227 0.327309 0 0 0 0.139319 13 4108 1 0 1 
-8.32449 -8.9756 0.334231 0 0 0 0.13766 13 4109 1 0 1 
-16.8815 -9.99269 0.347404 0 0 0 0.135866 13 4110 1 0 1 
-2.61432 7.81403 0.319846 0 0 0 0.140851 13 4111 1 0 1 
1.58827 -10.121 0.302437 0 0 0 0.143358 13 4112 1 0 1 
18.4335 11.804 0.309323 0 0 0 0.143648 13 4113 1 0 1 
6.64917 9.9779 0.335765 0 0 0 0.1348 13 4114 1 0 1 
13.4511 -8.67591 0.35945 0 0 0 0.133173 13 4115 1 0 1 
-2.60224 11.0398 0.308222 0 0 0 0.144001 13 4116 1 0 1 
19.1208 12.2765 0.347226 0 0 0 0.134873 13 4117 1 0 1 
-2.09258 -14.8822 0.421604 0 0 0 0.124993 13 4118 1 0 1 
7.51939 -13.7847 0.312021 0 0 0 0.14015 13 4119 1 0 1 
-5.2377 1.92351 0.356456 0 0 0 0.134034 13 4120 1 0 1 
-9.0303 0.530937 0.365742 0 0 0 0.132109 13 4121 1 0 1 
20.4112 -6.74141 0.259131 0 0 0 0.154401 13 4122 1 0 1 
1.43653 -5.77088 0.291134 0 0 0 0.146323 13 4123 1 0 1 
2.44542 10.5317 0.359525 0 0 0 0.131457 13 4124 1 0 1 
16.3535 6.89673 0.300356 0 0 0 0.144913 13 4125 1 0 1 
-8.88685 5.22224 0.323359 0 0 0 0.140898 13 4126 1 0 1 
4.65797 -6.55693 0.299808 0 0 0 0.143765 13 4127 1 0 1 
14.5244 11.7192 0.334543 0 0 0 0.138329 13 4128 1 0 1 
19.1597 3.96571 0.326163 0 0 0 0.137111 13 4129 1 0 1 
-10.6181 11.2581 0.296188 0 0 0 0.144961 13 4130 1 0 1 
2.74227 -5.4341 0.298532 0 0 0 0.14342 13 4131 1 0 1 
24.1693 -2.29505 0.284905 0 0 0 0.146389 13 4132 1 0 1 
8.09642 -23.4679 0.325274 0 0 0 0.138678 13 4133 1 0 1 
-0.572104 4.58218 0.311183 0 0 0 0.142148 13 4134 1 0 1 
4.55942 13.0136 0.3201 0 0 0 0.140106 13 4135 1 0 1 
-45.5376 18.9165 0.33433 0 0 0 0.137377 13 4136 1 0 1 
7.94748 10.3639 0.361583 0 0 0 0.134263 13 4137 1 0 1 
-5.45884 15.1748 0.306683 0 0 0 0.142151 13 4138 1 0 1 
6.20842 12.5232 0.340018 0 0 0 0.134742 13 4139 1 0 1 
10.8299 41.1318 0.361508 0 0 0 0.132331 13 4140 1 0 1 
-4.56981 5.12915 0.357805 0 0 0 0.133363 13 4141 1 0 1 
-20.7935 8.709 0.314909 0 0 0 0.141074 13 4142 1 0 1 
13.6317 7.35492 0.314268 0 0 0 0.140907 13 4143 1 0 1 
-4.70956 -25.2149 0.311296 0 0 0 0.142693 13 4144 1 0 1 
-23.6814 -2.27545 0.319344 0 0 0 0.141916 13 4145 1 0 1 
-20.5227 7.03184 0.313528 0 0 0 0.14164 13 4146 1 0 1 
28.2359 8.70639 0.330883 0 0 0 0.13857 13 4147 1 0 1 
12.1559 5.92145 0.278437 0 0 0 0.148301 13 4148 1 0 1 
6.85923 13.84 0.288103 0 0 0 0.147665 13 4149 1 0 1 
-9.67271 -2.70925 0.352979 0 0 0 0.134095 13 4150 1 0 1 
-32.187 10.9297 0.340663 0 0 0 0.135571 13 4151 1 0 1 
16.8867 -35.2922 0.339708 0 0 0 0.135344 13 4152 1 0 1 
3.35637 -12.9274 0.328693 0 0 0 0.140018 13 4153 1 0 1 
-3.3954 21.9581 0.366794 0 0 0 0.131916 13 4154 1 0 1 
-25.6811 -0.0805308 0.356528 0 0 0 0.131876 13 4155 1 0 1 
-3.50371 -19.5109 0.332444 0 0 0 0.136638 13 4156 1 0 1 
13.1237 -12.0419 0.29846 0 0 0 0.144219 13 4157 1 0 1 
-8.3442 -34.1168 0.310863 0 0 0 0.142275 13 4158 1 0 1 
0.14898 -15.1902 0.293442 0 0 0 0.145557 13 4159 1 0 1 
10.8092 -2.56381 0.344048 0 0 0 0.133956 13 4160 1 0 1 
-15.334 2.42132 0.319024 0 0 0 0.140324 13 4161 1 0 1 
-9.9293 26.8071 0.288012 0 0 0 0.147135 13 4162 1 0 1 
21.2491 22.3792 0.300681 0 0 0 0.143581 13 4163 1 0 1 
4.92248 1.06238 0.3062 0 0 0 0.145011 13 4164 1 0 1 
-11.5444 20.343 0.337286 0 0 0 0.135214 13 4165 1 0 1 
15.8079 6.51537 0.321268 0 0 0 0.141603 13 4166 1 0 1 
6.04579 5.02268 0.297068 0 0 0 0.145221 13 4167 1 0 1 
5.60736 -17.1812 0.329181 0 0 0 0.138324 13 4168 1 0 1 
-11.0392 22.405 0.334888 0 0 0 0.136635 13 4169 1 0 1 
3.81391 10.2722 0.330762 0 0 0 0.138721 13 4170 1 0 1 
-9.17158 -15.9475 0.310949 0 0 0 0.141305 13 4171 1 0 1 
-19.2094 -1.42288 0.302376 0 0 0 0.144381 13 4172 1 0 1 
-25.9326 4.62889 0.328835 0 0 0 0.138235 13 4173 1 0 1 
16.9051 -8.10842 0.355472 0 0 0 0.133515 13 4174 1 0 1 
-1.45993 8.17793 0.296245 0 0 0 0.145647 13 4175 1 0 1 
1.14849 -17.611 0.294548 0 0 0 0.145742 13 4176 1 0 1 
-13.9923 -31.3673 0.327601 0 0 0 0.136637 13 4177 1 0 1 
-20.8158 -10.1792 0.380653 0 0 0 0.129456 13 4178 1 0 1 
26.2584 0.321267 0.303355 0 0 0 0.144569 13 4179 1 0 1 
-4.13907 -1.87587 0.31583 0 0 0 0.140444 13 4180 1 0 1 
8.65664 -11.9723 0.349107 0 0 0 0.135014 13 4181 1 0 1 
-0.287918 -10.2744 0.321197 0 0 0 0.14028 13 4182 1 0 1 
-5.88476 17.4953 0.310934 0 0 0 0.142155 13 4183 1 0 1 
-11.3174 -0.933461 0.33584 0 0 0 0.138275 13 4184 1 0 1 
30.4003 -10.5622 0.298812 0 0 0 0.146417 13 4185 1 0 1 
17.7552 -10.2107 0.295694 0 0 0 0.143785 13 4186 1 0 1 
0.722238 -0.239203 0.31701 0 0 0 0.140223 13 4187 1 0 1 
-10.9677 22.6666 0.345715 0 0 0 0.136626 13 4188 1 0 1 
4.69768 27.28 0.340166 0 0 0 0.136108 13 4189 1 0 1 
12.9473 8.77325 0.369875 0 0 0 0.131975 13 4190 1 0 1 
2.26578 -2.27449 0.349539 0 0 0 0.135344 13 4191 1 0 1 
13.0282 31.7606 0.354888 0 0 0 0.132679 13 4192 1 0 1 
-2.6495 2.29256 0.312302 0 0 0 0.142166 13 4193 1 0 1 
-7.22923 -23.7151 0.332394 0 0 0 0.137403 13 4194 1 0 1 
1.19131 -1.66157 0.318689 0 0 0 0.140652 13 4195 1 0 1 
-16.1085 -15.5278 0.347422 0 0 0 0.135606 13 4196 1 0 1 
0.124492 -16.6217 0.31629 0 0 0 0.142296 13 4197 1 0 1 
-13.0246 12.2277 0.319969 0 0 0 0.141075 13 4198 1 0 1 
6.44941 19.6994 0.293642 0 0 0 0.146722 13 4199 1 0 1 
13.4726 8.76466 0.329518 0 0 0 0.139478 13 4200 1 0 1 
15.4212 17.7262 0.307303 0 0 0 0.142235 13 4201 1 0 1 
-3.66073 -10.8978 0.331044 0 0 0 0.139471 13 4202 1 0 1 
-4.03248 -9.56288 0.330604 0 0 0 0.138277 13 4203 1 0 1 
5.13032 -32.1448 0.33128 0 0 0 0.137763 13 4204 1 0 1 
-16.9428 -22.2624 0.328417 0 0 0 0.138418 13 4205 1 0 1 
1.19021 9.27717 0.329177 0 0 0 0.137222 13 4206 1 0 1 
7.5997 -1.76218 0.296961 0 0 0 0.144213 13 4207 1 0 1 
0.750858 -25.9885 0.278234 0 0 0 0.14963 13 4208 1 0 1 
-12.3467 10.1215 0.355477 0 0 0 0.133351 13 4209 1 0 1 
-21.9646 13.8418 0.374027 0 0 0 0.129178 13 4210 1 0 1 
-13.0202 1.66599 0.332074 0 0 0 0.13877 13 4211 1 0 1 
-14.1125 9.81325 0.312942 0 0 0 0.142847 13 4212 1 0 1 
8.12106 -1.41742 0.323917 0 0 0 0.139395 13 4213 1 0 1 
-21.3695 -2.64478 0.346164 0 0 0 0.133997 13 4214 1 0 1 
-19.7366 -10.119 0.333656 0 0 0 0.139727 13 4215 1 0 1 
32.0069 -2.73866 0.307798 0 0 0 0.143299 13 4216 1 0 1 
-5.78712 -20.3282 0.352461 0 0 0 0.136906 13 4217 1 0 1 
-5.91382 -2.40767 0.311508 0 0 0 0.142358 13 4218 1 0 1 
3.36184 3.20418 0.324945 0 0 0 0.139577 13 4219 1 0 1 
-0.832222 -9.09496 0.315438 0 0 0 0.141883 13 4220 1 0 1 
8.10422 -12.2171 0.329793 0 0 0 0.140168 13 4221 1 0 1 
-8.68483 -5.14744 0.326789 0 0 0 0.138941 13 4222 1 0 1 
-11.5785 -19.8584 0.332614 0 0 0 0.135991 13 4223 1 0 1 
15.1725 -0.848747 0.327309 0 0 0 0.139 13 4224 1 0 1 
-19.6517 11.0605 0.333074 0 0 0 0.138178 13 4225 1 0 1 
-24.8729 23.7377 0.32562 0 0 0 0.140762 13 4226 1 0 1 
-14.8869 -18.8861 0.328352 0 0 0 0.13956 13 4227 1 0 1 
9.38663 7.13845 0.314601 0 0 0 0.14109 13 4228 1 0 1 
-0.874932 18.9089 0.319043 0 0 0 0.140721 13 4229 1 0 1 
-12.7929 -13.5569 0.272399 0 0 0 0.151119 13 4230 1 0 1 
-10.7806 -26.676 0.351736 0 0 0 0.133786 13 4231 1 0 1 
-3.8872 5.51137 0.320333 0 0 0 0.141581 13 4232 1 0 1 
10.1725 -8.70548 0.349343 0 0 0 0.13562 13 4233 1 0 1 
-40.5109 -18.3541 0.35067 0 0 0 0.13664 13 4234 1 0 1 
15.0704 9.65014 0.295234 0 0 0 0.145435 13 4235 1 0 1 
-8.51923 3.61976 0.30984 0 0 0 0.141305 13 4236 1 0 1 
-18.9031 -5.65991 0.349197 0 0 0 0.136112 13 4237 1 0 1 
-19.4192 -12.4165 0.34006 0 0 0 0.135949 13 4238 1 0 1 
7.3376 -2.93688 0.321788 0 0 0 0.141265 13 4239 1 0 1 
1.61015 7.26403 0.336306 0 0 0 0.136514 13 4240 1 0 1 
5.31637 19.621 0.319175 0 0 0 0.138245 13 4241 1 0 1 
-14.5891 14.925 0.325402 0 0 0 0.13852 13 4242 1 0 1 
10.1001 3.34445 0.287688 0 0 0 0.14764 13 4243 1 0 1 
-13.3797 0.113348 0.313779 0 0 0 0.143073 13 4244 1 0 1 
-27.4513 -6.29114 0.359885 0 0 0 0.133421 13 4245 1 0 1 
10.8063 11.3908 0.335845 0 0 0 0.138159 13 4246 1 0 1 
-28.5628 -10.1332 0.291538 0 0 0 0.147024 13 4247 1 0 1 
1.71269 14.4043 0.340551 0 0 0 0.136439 13 4248 1 0 1 
11.9257 14.6685 0.308002 0 0 0 0.143276 13 4249 1 0 1 
-0.0515894 -5.47241 0.355126 0 0 0 0.133642 13 4250 1 0 1 
-2.12618 -9.70109 0.328551 0 0 0 0.136281 13 4251 1 0 1 
-10.0553 -14.2428 0.303473 0 0 0 0.141361 13 4252 1 0 1 
-44.5034 -1.92583 0.317622 0 0 0 0.141662 13 4253 1 0 1 
-8.00363 -24.7328 0.311426 0 0 0 0.141379 13 4254 1 0 1 
-9.72811 7.79725 0.28562 0 0 0 0.148891 13 4255 1 0 1 
-7.13822 -3.10251 0.286355 0 0 0 0.146431 13 4256 1 0 1 
26.1252 -1.74612 0.34417 0 0 0 0.134496 13 4257 1 0 1 
-5.47553 -8.99955 0.32272 0 0 0 0.13983 13 4258 1 0 1 
-8.35533 11.6639 0.313711 0 0 0 0.141231 13 4259 1 0 1 
4.03426 2.6417 0.317293 0 0 0 0.141827 13 4260 1 0 1 
19.9689 -2.04245 0.236674 0 0 0 0.141148 13 4261 1 0 1 
-3.39911 -0.884842 0.376206 0 0 0 0.130661 13 4262 1 0 1 
-27.9676 -10.5392 0.320767 0 0 0 0.141656 13 4263 1 0 1 
-7.06697 -15.0958 0.344747 0 0 0 0.135259 13 4264 1 0 1 
24.6146 20.007 0.326782 0 0 0 0.139588 13 4265 1 0 1 
-12.6704 9.02807 0.343152 0 0 0 0.135837 13 4266 1 0 1 
-5.40842 1.19679 0.343585 0 0 0 0.135133 13 4267 1 0 1 
6.0658 -9.55812 0.358075 0 0 0 0.132008 13 4268 1 0 1 
-12.2274 1.68668 0.30532 0 0 0 0.142166 13 4269 1 0 1 
-1.86709 1.11911 0.309146 0 0 0 0.14178 13 4270 1 0 1 
13.0844 22.4545 0.314326 0 0 0 0.140436 13 4271 1 0 1 
17.3191 26.6992 0.283368 0 0 0 0.148565 13 4272 1 0 1 
-9.73305 15.2315 0.360116 0 0 0 0.134153 13 4273 1 0 1 
-0.630203 -14.0094 0.32961 0 0 0 0.138923 13 4274 1 0 1 
11.2797 12.12 0.291148 0 0 0 0.144489 13 4275 1 0 1 
-27.1741 -23.7204 0.313496 0 0 0 0.14196 13 4276 1 0 1 
7.52199 -10.1121 0.301596 0 0 0 0.144299 13 4277 1 0 1 
5.46076 12.4366 0.336627 0 0 0 0.138501 13 4278 1 0 1 
10.3518 9.71048 0.357216 0 0 0 0.134303 13 4279 1 0 1 
6.49212 1.01568 0.303432 0 0 0 0.1441 13 4280 1 0 1 
25.9702 -3.07412 0.295198 0 0 0 0.146891 13 4281 1 0 1 
-43.7095 -0.336112 0.3317 0 0 0 0.137774 13 4282 1 0 1 
-10.2214 -14.4386 0.311262 0 0 0 0.143067 13 4283 1 0 1 
-12.6988 7.79832 0.307326 0 0 0 0.143577 13 4284 1 0 1 
25.6485 -1.78759 0.293124 0 0 0 0.143291 13 4285 1 0 1 
9.77327 29.9501 0.314527 0 0 0 0.141291 13 4286 1 0 1 
9.54805 7.29234 0.348147 0 0 0 0.13272 13 4287 1 0 1 
14.8053 -3.04786 0.40604 0 0 0 0.12744 13 4288 1 0 1 
-8.81844 -8.55605 0.321815 0 0 0 0.141588 13 4289 1 0 1 
-34.6441 21.0882 0.310419 0 0 0 0.141393 13 4290 1 0 1 
-26.3581 14.8103 0.346103 0 0 0 0.135588 13 4291 1 0 1 
13.1327 -5.89406 0.305457 0 0 0 0.144282 13 4292 1 0 1 
-17.0756 -4.63559 0.329495 0 0 0 0.135098 13 4293 1 0 1 
15.9155 20.8625 0.326597 0 0 0 0.137993 13 4294 1 0 1 
-5.26289 5.16172 0.338959 0 0 0 0.13777 13 4295 1 0 1 
-13.7652 1.22645 0.341661 0 0 0 0.136882 13 4296 1 0 1 
-24.1689 20.1586 0.305365 0 0 0 0.14344 13 4297 1 0 1 
-35.7903 -7.54618 0.319882 0 0 0 0.140004 13 4298 1 0 1 
8.37572 -9.50359 0.353648 0 0 0 0.134176 13 4299 1 0 1 
-4.3286 -0.954456 0.304536 0 0 0 0.144311 13 4300 1 0 1 
22.0788 13.1493 0.286528 0 0 0 0.148114 13 4301 1 0 1 
15.096 -7.53423 0.333009 0 0 0 0.137964 13 4302 1 0 1 
4.68048 -2.50456 0.325176 0 0 0 0.137063 13 4303 1 0 1 
2.54566 16.6144 0.327283 0 0 0 0.138908 13 4304 1 0 1 
16.3461 -1.02213 0.298269 0 0 0 0.144803 13 4305 1 0 1 
55.3029 0.411731 0.329914 0 0 0 0.138937 13 4306 1 0 1 
3.55223 12.6565 0.322867 0 0 0 0.137838 13 4307 1 0 1 
12.7959 3.27791 0.30106 0 0 0 0.144692 13 4308 1 0 1 
-22.9785 -14.8311 0.342476 0 0 0 0.136685 13 4309 1 0 1 
25.0283 -10.1178 0.329883 0 0 0 0.138625 13 4310 1 0 1 
0.490261 -20.1859 0.327842 0 0 0 0.138892 13 4311 1 0 1 
-18.7559 -2.16234 0.317416 0 0 0 0.141402 13 4312 1 0 1 
6.41857 6.39298 0.339244 0 0 0 0.136603 13 4313 1 0 1 
4.43779 -12.3025 0.32973 0 0 0 0.138971 13 4314 1 0 1 
-6.30387 17.5732 0.31834 0 0 0 0.141082 13 4315 1 0 1 
35.7529 -8.94866 0.333534 0 0 0 0.137237 13 4316 1 0 1 
-15.1282 68.7208 0.309697 0 0 0 0.142652 13 4317 1 0 1 
13.3657 -5.92879 0.321932 0 0 0 0.139813 13 4318 1 0 1 
-9.30441 10.2455 0.309062 0 0 0 0.142751 13 4319 1 0 1 
2.90219 6.34813 0.331524 0 0 0 0.137487 13 4320 1 0 1 
13.7256 -19.7423 0.280044 0 0 0 0.14657 13 4321 1 0 1 
20.6616 -26.6791 0.337204 0 0 0 0.139005 13 4322 1 0 1 
2.7721 -12.6202 0.395198 0 0 0 0.128696 13 4323 1 0 1 
-33.9156 -2.76221 0.327115 0 0 0 0.139175 13 4324 1 0 1 
16.2057 12.3339 0.336931 0 0 0 0.137999 13 4325 1 0 1 
-20.9162 -8.21283 0.351761 0 0 0 0.136078 13 4326 1 0 1 
-16.6978 11.7846 0.317847 0 0 0 0.141408 13 4327 1 0 1 
7.2786 11.7568 0.304354 0 0 0 0.143757 13 4328 1 0 1 
7.77582 4.50213 0.364982 0 0 0 0.131412 13 4329 1 0 1 
21.1343 2.74081 0.326357 0 0 0 0.138805 13 4330 1 0 1 
-19.6243 -11.4518 0.36717 0 0 0 0.132368 13 4331 1 0 1 
7.48401 -32.6492 0.346042 0 0 0 0.134488 13 4332 1 0 1 
16.0532 5.21667 0.368522 0 0 0 0.132347 13 4333 1 0 1 
19.608 -2.96244 0.339797 0 0 0 0.1384 13 4334 1 0 1 
3.44295 20.4435 0.322587 0 0 0 0.141981 13 4335 1 0 1 
35.9318 16.5625 0.332008 0 0 0 0.138317 13 4336 1 0 1 
-0.200984 12.2552 0.32267 0 0 0 0.14004 13 4337 1 0 1 
2.76946 0.337695 0.347459 0 0 0 0.134832 13 4338 1 0 1 
7.05157 18.2571 0.334343 0 0 0 0.138849 13 4339 1 0 1 
-1.97426 -2.20665 0.339835 0 0 0 0.136612 13 4340 1 0 1 
7.05019 -6.65734 0.322445 0 0 0 0.140904 13 4341 1 0 1 
8.07109 -0.642146 0.28323 0 0 0 0.14692 13 4342 1 0 1 
-13.1661 -33.206 0.356347 0 0 0 0.135068 13 4343 1 0 1 
9.39292 -16.9493 0.342121 0 0 0 0.137634 13 4344 1 0 1 
-3.08565 -7.03396 0.29105 0 0 0 0.146711 13 4345 1 0 1 
-13.0271 14.4206 0.309767 0 0 0 0.139469 13 4346 1 0 1 
15.3475 8.63972 0.320388 0 0 0 0.140324 13 4347 1 0 1 
17.1833 -9.64049 0.343883 0 0 0 0.1361 13 4348 1 0 1 
-2.26165 25.6103 0.349075 0 0 0 0.135116 13 4349 1 0 1 
8.25485 -8.66555 0.343663 0 0 0 0.135382 13 4350 1 0 1 
-37.5128 -4.6277 0.33125 0 0 0 0.140439 13 4351 1 0 1 
-1.20106 10.3439 0.311522 0 0 0 0.14186 13 4352 1 0 1 
4.01415 25.9392 0.328165 0 0 0 0.137529 13 4353 1 0 1 
-37.6835 -11.3136 0.322371 0 0 0 0.141507 13 4354 1 0 1 
9.92154 -2.11459 0.347503 0 0 0 0.136383 13 4355 1 0 1 
-0.512697 -22.7682 0.34575 0 0 0 0.135059 13 4356 1 0 1 
6.55488 16.9824 0.335542 0 0 0 0.137555 13 4357 1 0 1 
22.0989 21.0077 0.341948 0 0 0 0.137134 13 4358 1 0 1 
-14.6771 5.02784 0.367213 0 0 0 0.130529 13 4359 1 0 1 
-4.28861 19.2003 0.339952 0 0 0 0.136081 13 4360 1 0 1 
15.0636 -4.6887 0.331678 0 0 0 0.138162 13 4361 1 0 1 
14.8895 10.9491 0.343438 0 0 0 0.136891 13 4362 1 0 1 
5.51401 -24.3174 0.322592 0 0 0 0.139382 13 4363 1 0 1 
-3.3829 22.3898 0.28153 0 0 0 0.148242 13 4364 1 0 1 
-15.6394 4.29338 0.316656 0 0 0 0.141585 13 4365 1 0 1 
11.3455 -32.6402 0.315843 0 0 0 0.141549 13 4366 1 0 1 
14.58 1.00298 0.342599 0 0 0 0.136381 13 4367 1 0 1 
-25.1363 0.854071 0.358388 0 0 0 0.133455 13 4368 1 0 1 
-11.1316 -10.0209 0.321746 0 0 0 0.139438 13 4369 1 0 1 
22.4906 -27.2514 0.337648 0 0 0 0.136364 13 4370 1 0 1 
27.5875 -17.1332 0.293691 0 0 0 0.146056 13 4371 1 0 1 
21.9657 -9.83587 0.2995 0 0 0 0.144668 13 4372 1 0 1 
-7.8568 -1.74774 0.387006 0 0 0 0.129365 13 4373 1 0 1 
-4.76336 20.3564 0.334844 0 0 0 0.137129 13 4374 1 0 1 
11.1054 -4.14076 0.318418 0 0 0 0.138888 13 4375 1 0 1 
-12.5008 -17.5633 0.361927 0 0 0 0.132819 13 4376 1 0 1 
23.6246 33.3927 0.322338 0 0 0 0.141767 13 4377 1 0 1 
17.4282 4.97604 0.3041 0 0 0 0.143031 13 4378 1 0 1 
8.0003 -12.7615 0.318757 0 0 0 0.139362 13 4379 1 0 1 
4.17805 6.86012 0.324562 0 0 0 0.138274 13 4380 1 0 1 
-8.20276 8.67663 0.29637 0 0 0 0.145792 13 4381 1 0 1 
23.1191 14.8547 0.301135 0 0 0 0.145345 13 4382 1 0 1 
-12.2071 35.9788 0.31199 0 0 0 0.141273 13 4383 1 0 1 
-40.2502 5.49444 0.293361 0 0 0 0.14488 13 4384 1 0 1 
-18.3421 18.6364 0.39353 0 0 0 0.129967 13 4385 1 0 1 
-3.58938 1.79486 0.27237 0 0 0 0.150763 13 4386 1 0 1 
-11.3694 -7.28353 0.299462 0 0 0 0.145262 13 4387 1 0 1 
-16.9933 3.08893 0.319739 0 0 0 0.141132 13 4388 1 0 1 
-3.35284 -4.68162 0.322612 0 0 0 0.139859 13 4389 1 0 1 
18.6569 -10.816 0.322729 0 0 0 0.141811 13 4390 1 0 1 
-26.145 -4.07774 0.313411 0 0 0 0.140595 13 4391 1 0 1 
-4.64425 41.4152 0.314885 0 0 0 0.140331 13 4392 1 0 1 
-20.8 -15.1258 0.324665 0 0 0 0.140675 13 4393 1 0 1 
-7.99124 13.2527 0.363427 0 0 0 0.132821 13 4394 1 0 1 
-8.33477 29.4169 0.397969 0 0 0 0.129224 13 4395 1 0 1 
35.2215 9.69888 0.324436 0 0 0 0.139001 13 4396 1 0 1 
18.6132 2.78391 0.316498 0 0 0 0.141772 13 4397 1 0 1 
-2.79824 8.28104 0.31296 0 0 0 0.139386 13 4398 1 0 1 
-0.299021 -7.55231 0.30853 0 0 0 0.136227 13 4399 1 0 1 
23.4086 8.01742 0.328484 0 0 0 0.1374 13 4400 1 0 1 
11.3667 -25.4139 0.36936 0 0 0 0.131974 13 4401 1 0 1 
-11.7171 12.1144 0.307434 0 0 0 0.143437 13 4402 1 0 1 
-10.6463 24.9953 0.332724 0 0 0 0.13897 13 4403 1 0 1 
24.7015 -35.212 0.343189 0 0 0 0.136875 13 4404 1 0 1 
8.51013 -4.64383 0.355344 0 0 0 0.133884 13 4405 1 0 1 
-4.10203 -3.15663 0.330988 0 0 0 0.139991 13 4406 1 0 1 
-40.7116 -11.0414 0.358727 0 0 0 0.134229 13 4407 1 0 1 
-28.9322 12.4741 0.311531 0 0 0 0.139733 13 4408 1 0 1 
15.133 -15.4473 0.30743 0 0 0 0.143189 13 4409 1 0 1 
-21.8567 -18.9632 0.321648 0 0 0 0.139234 13 4410 1 0 1 
27.3884 -14.5463 0.3111 0 0 0 0.142787 13 4411 1 0 1 
-6.43982 -27.7824 0.343833 0 0 0 0.137107 13 4412 1 0 1 
1.68278 -13.8067 0.328893 0 0 0 0.139253 13 4413 1 0 1 
-20.3958 2.35721 0.304589 0 0 0 0.144926 13 4414 1 0 1 
-8.40094 17.4283 0.319796 0 0 0 0.139931 13 4415 1 0 1 
19.1735 9.80296 0.307361 0 0 0 0.143719 13 4416 1 0 1 
10.6299 -12.9236 0.333643 0 0 0 0.137897 13 4417 1 0 1 
-7.02337 -1.67143 0.342352 0 0 0 0.136295 13 4418 1 0 1 
20.1531 16.99 0.311707 0 0 0 0.142303 13 4419 1 0 1 
14.1999 2.39374 0.348293 0 0 0 0.136342 13 4420 1 0 1 
8.55371 16.8789 0.284448 0 0 0 0.146753 13 4421 1 0 1 
11.7778 -13.854 0.303292 0 0 0 0.144849 13 4422 1 0 1 
-5.14975 6.81097 0.319203 0 0 0 0.140295 13 4423 1 0 1 
-3.99106 4.40872 0.319398 0 0 0 0.139844 13 4424 1 0 1 
0.350197 -4.34526 0.33024 0 0 0 0.139161 13 4425 1 0 1 
0.484104 30.3335 0.302703 0 0 0 0.143382 13 4426 1 0 1 
14.7062 22.1699 0.333433 0 0 0 0.138749 13 4427 1 0 1 
1.99829 -17.7619 0.340495 0 0 0 0.138209 13 4428 1 0 1 
-13.9044 12.5353 0.343045 0 0 0 0.136652 13 4429 1 0 1 
-30.9997 1.89577 0.272117 0 0 0 0.149757 13 4430 1 0 1 
29.4141 6.55193 0.296784 0 0 0 0.14386 13 4431 1 0 1 
-19.9687 -2.56702 0.308409 0 0 0 0.140888 13 4432 1 0 1 
-21.1325 -26.3841 0.293727 0 0 0 0.145672 13 4433 1 0 1 
-15.242 3.95529 0.313424 0 0 0 0.140258 13 4434 1 0 1 
12.0105 -0.651188 0.316678 0 0 0 0.142073 13 4435 1 0 1 
34.0792 7.08729 0.290171 0 0 0 0.147437 13 4436 1 0 1 
-1.64004 -2.14316 0.329664 0 0 0 0.139313 13 4437 1 0 1 
23.4481 3.72483 0.34628 0 0 0 0.135188 13 4438 1 0 1 
15.5237 4.34399 0.361708 0 0 0 0.131781 13 4439 1 0 1 
-36.7974 -2.55862 0.338119 0 0 0 0.138966 13 4440 1 0 1 
2.94916 13.1068 0.332225 0 0 0 0.137799 13 4441 1 0 1 
-2.11569 -5.89241 0.301118 0 0 0 0.143776 13 4442 1 0 1 
10.2706 1.66882 0.306444 0 0 0 0.145251 13 4443 1 0 1 
-12.7814 -8.5492 0.339522 0 0 0 0.13686 13 4444 1 0 1 
-2.06781 -13.4724 0.316555 0 0 0 0.141195 13 4445 1 0 1 
-6.8994 9.19225 0.322513 0 0 0 0.140972 13 4446 1 0 1 
9.95836 1.75055 0.336445 0 0 0 0.136353 13 4447 1 0 1 
-17.3183 -14.1936 0.324288 0 0 0 0.140243 13 4448 1 0 1 
4.21195 5.66295 0.333247 0 0 0 0.136278 13 4449 1 0 1 
0.602435 -15.9141 0.330171 0 0 0 0.138817 13 4450 1 0 1 
5.23664 18.0502 0.335267 0 0 0 0.136014 13 4451 1 0 1 
-19.9179 3.41875 0.302571 0 0 0 0.143968 13 4452 1 0 1 
17.0666 19.5437 0.33788 0 0 0 0.137779 13 4453 1 0 1 
-10.5572 11.2939 0.346616 0 0 0 0.135659 13 4454 1 0 1 
-30.5912 5.56152 0.349769 0 0 0 0.135599 13 4455 1 0 1 
-25.8439 16.4559 0.364181 0 0 0 0.131542 13 4456 1 0 1 
13.9177 -41.3231 0.319494 0 0 0 0.141252 13 4457 1 0 1 
-2.6121 9.78676 0.322727 0 0 0 0.140726 13 4458 1 0 1 
-22.8537 27.7069 0.343402 0 0 0 0.136998 13 4459 1 0 1 
15.8912 9.02955 0.349429 0 0 0 0.135444 13 4460 1 0 1 
10.0196 4.48504 0.325656 0 0 0 0.14099 13 4461 1 0 1 
-21.3755 5.82161 0.290372 0 0 0 0.145651 13 4462 1 0 1 
-39.2528 -9.29267 0.339615 0 0 0 0.135943 13 4463 1 0 1 
-8.41187 -13.8813 0.317594 0 0 0 0.139603 13 4464 1 0 1 
-3.06859 1.69349 0.35985 0 0 0 0.132714 13 4465 1 0 1 
-0.0955936 16.4192 0.330111 0 0 0 0.137878 13 4466 1 0 1 
-13.0962 -3.18116 0.334392 0 0 0 0.138819 13 4467 1 0 1 
21.0038 -31.6508 0.331867 0 0 0 0.139377 13 4468 1 0 1 
-3.94866 8.45977 0.297308 0 0 0 0.142645 13 4469 1 0 1 
11.2044 12.8865 0.370374 0 0 0 0.132171 13 4470 1 0 1 
13.5948 13.5079 0.308346 0 0 0 0.14197 13 4471 1 0 1 
30.1846 -6.37155 0.259508 0 0 0 0.155408 13 4472 1 0 1 
4.30829 0.502784 0.362265 0 0 0 0.132016 13 4473 1 0 1 
0.122667 -6.73815 0.324172 0 0 0 0.140378 13 4474 1 0 1 
7.86264 1.14888 0.313733 0 0 0 0.141762 13 4475 1 0 1 
-2.0215 19.1372 0.330494 0 0 0 0.138246 13 4476 1 0 1 
10.2196 -1.37014 0.30585 0 0 0 0.143841 13 4477 1 0 1 
-17.882 21.4337 0.323065 0 0 0 0.138522 13 4478 1 0 1 
-24.2229 38.4003 0.311361 0 0 0 0.141216 13 4479 1 0 1 
-2.91362 -11.1903 0.30146 0 0 0 0.143692 13 4480 1 0 1 
2.65795 -8.87905 0.332487 0 0 0 0.136551 13 4481 1 0 1 
6.74761 30.7846 0.36207 0 0 0 0.132991 13 4482 1 0 1 
-3.76689 -13.4191 0.297502 0 0 0 0.144923 13 4483 1 0 1 
12.5256 -19.7817 0.332943 0 0 0 0.136021 13 4484 1 0 1 
-29.3957 -11.0668 0.310364 0 0 0 0.142558 13 4485 1 0 1 
14.4171 6.1719 0.30899 0 0 0 0.142432 13 4486 1 0 1 
-14.8276 8.88496 0.329621 0 0 0 0.139467 13 4487 1 0 1 
-12.9798 45.0039 0.342326 0 0 0 0.136289 13 4488 1 0 1 
-8.82841 -0.632621 0.280631 0 0 0 0.150006 13 4489 1 0 1 
-12.7144 -5.84557 0.305183 0 0 0 0.14274 13 4490 1 0 1 
-17.3706 11.7751 0.346124 0 0 0 0.134918 13 4491 1 0 1 
-11.4544 7.38849 0.283764 0 0 0 0.1487 13 4492 1 0 1 
-19.1779 -57.2424 0.354228 0 0 0 0.134865 13 4493 1 0 1 
-34.7288 -0.00378163 0.323158 0 0 0 0.140231 13 4494 1 0 1 
24.755 11.5632 0.312978 0 0 0 0.142357 13 4495 1 0 1 
-8.69382 1.38811 0.339931 0 0 0 0.135377 13 4496 1 0 1 
-12.0147 -16.7707 0.283899 0 0 0 0.147884 13 4497 1 0 1 
15.6875 -13.4643 0.306369 0 0 0 0.144114 13 4498 1 0 1 
7.60173 -15.0461 0.34035 0 0 0 0.134709 13 4499 1 0 1 
-14.9697 3.34512 0.320843 0 0 0 0.139984 13 4500 1 0 1 
11.1617 -0.0128635 0.324054 0 0 0 0.139991 13 4501 1 0 1 
16.745 -10.5669 0.254504 0 0 0 0.15514 13 4502 1 0 1 
20.4028 -0.347537 0.327637 0 0 0 0.139282 13 4503 1 0 1 
-11.6275 19.1818 0.276589 0 0 0 0.149845 13 4504 1 0 1 
2.78273 6.86811 0.322635 0 0 0 0.140079 13 4505 1 0 1 
34.962 -18.3792 0.313987 0 0 0 0.141651 13 4506 1 0 1 
-0.680699 -5.13741 0.350308 0 0 0 0.135917 13 4507 1 0 1 
-25.8907 -16.2207 0.30766 0 0 0 0.14395 13 4508 1 0 1 
25.5402 -16.8961 0.32141 0 0 0 0.140547 13 4509 1 0 1 
11.8843 -38.2734 0.311032 0 0 0 0.14258 13 4510 1 0 1 
-4.99939 9.84439 0.412836 0 0 0 0.12712 13 4511 1 0 1 
-14.8291 -15.5875 0.288536 0 0 0 0.14664 13 4512 1 0 1 
-24.8881 -5.27777 0.281218 0 0 0 0.146355 13 4513 1 0 1 
17.2273 -6.4679 0.338962 0 0 0 0.137564 13 4514 1 0 1 
-12.9649 10.0781 0.304517 0 0 0 0.139431 13 4515 1 0 1 
4.62463 -8.42218 0.340341 0 0 0 0.134332 13 4516 1 0 1 
-16.155 -10.8489 0.32694 0 0 0 0.139453 13 4517 1 0 1 
-0.386003 8.08619 0.276706 0 0 0 0.139709 13 4518 1 0 1 
-9.08066 -4.82583 0.297752 0 0 0 0.144343 13 4519 1 0 1 
-10.8136 -19.9448 0.354505 0 0 0 0.133168 13 4520 1 0 1 
11.4488 -9.48783 0.316125 0 0 0 0.14291 13 4521 1 0 1 
5.98025 2.18874 0.311514 0 0 0 0.142269 13 4522 1 0 1 
-17.0611 3.20273 0.342428 0 0 0 0.136276 13 4523 1 0 1 
0.826863 13.6731 0.340456 0 0 0 0.136326 13 4524 1 0 1 
8.16499 2.38579 0.307277 0 0 0 0.142366 13 4525 1 0 1 
16.2531 -19.0632 0.317253 0 0 0 0.142316 13 4526 1 0 1 
-13.7006 -4.68172 0.348185 0 0 0 0.134544 13 4527 1 0 1 
9.59985 -32.3284 0.35445 0 0 0 0.134726 13 4528 1 0 1 
16.5931 -16.8514 0.353617 0 0 0 0.135123 13 4529 1 0 1 
-4.27456 22.7234 0.313257 0 0 0 0.14276 13 4530 1 0 1 
23.2291 27.8135 0.361818 0 0 0 0.133599 13 4531 1 0 1 
-10.2872 -6.0603 0.328789 0 0 0 0.137595 13 4532 1 0 1 
29.5531 -23.1963 0.332956 0 0 0 0.138433 13 4533 1 0 1 
-0.87078 20.4864 0.335717 0 0 0 0.136863 13 4534 1 0 1 
-15.3893 -21.2087 0.288893 0 0 0 0.147435 13 4535 1 0 1 
6.30189 8.28633 0.29309 0 0 0 0.145139 13 4536 1 0 1 
-4.36041 12.8482 0.319256 0 0 0 0.140474 13 4537 1 0 1 
-15.5205 8.42734 0.338133 0 0 0 0.136543 13 4538 1 0 1 
-20.6364 9.96328 0.330005 0 0 0 0.139435 13 4539 1 0 1 
-1.05391 -16.4719 0.319268 0 0 0 0.14034 13 4540 1 0 1 
0.353043 4.98776 0.301875 0 0 0 0.143982 13 4541 1 0 1 
10.1445 -6.01568 0.320215 0 0 0 0.13984 13 4542 1 0 1 
20.0223 8.59019 0.327542 0 0 0 0.140279 13 4543 1 0 1 
-1.87448 -16.8065 0.289641 0 0 0 0.147154 13 4544 1 0 1 
6.12549 -12.1963 0.294913 0 0 0 0.144872 13 4545 1 0 1 
-9.47838 -7.34087 0.356937 0 0 0 0.134694 13 4546 1 0 1 
8.82558 6.96356 0.31639 0 0 0 0.141393 13 4547 1 0 1 
-21.5408 -18.3299 0.325708 0 0 0 0.139368 13 4548 1 0 1 
8.7744 -5.52155 0.332508 0 0 0 0.138549 13 4549 1 0 1 
-20.0057 -12.1904 0.334141 0 0 0 0.136476 13 4550 1 0 1 
5.59458 -29.4438 0.33478 0 0 0 0.135816 13 4551 1 0 1 
16.0885 -2.29672 0.315043 0 0 0 0.140903 13 4552 1 0 1 
-20.5635 20.1861 0.296418 0 0 0 0.145101 13 4553 1 0 1 
-19.3555 -14.3573 0.313692 0 0 0 0.141899 13 4554 1 0 1 
20.9927 35.6972 0.345346 0 0 0 0.135428 13 4555 1 0 1 
5.14131 -14.6382 0.309908 0 0 0 0.142775 13 4556 1 0 1 
1.43201 3.79555 0.335982 0 0 0 0.138473 13 4557 1 0 1 
-10.052 -32.0993 0.34091 0 0 0 0.135162 13 4558 1 0 1 
13.6626 16.8187 0.302429 0 0 0 0.144894 13 4559 1 0 1 
9.86848 -12.8069 0.350858 0 0 0 0.134591 13 4560 1 0 1 
3.34936 24.3193 0.293452 0 0 0 0.146738 13 4561 1 0 1 
32.5362 -1.18492 0.317219 0 0 0 0.139706 13 4562 1 0 1 
-7.32414 3.21572 0.342555 0 0 0 0.135089 13 4563 1 0 1 
8.75911 -3.63437 0.31457 0 0 0 0.141713 13 4564 1 0 1 
5.07755 8.41213 0.325362 0 0 0 0.138725 13 4565 1 0 1 
-3.78173 -6.14323 0.341016 0 0 0 0.135035 13 4566 1 0 1 
0.319601 28.0867 0.323218 0 0 0 0.139967 13 4567 1 0 1 
-13.0717 -2.05746 0.314584 0 0 0 0.141532 13 4568 1 0 1 
-0.394207 28.2699 0.364992 0 0 0 0.132256 13 4569 1 0 1 
40.0392 -2.53716 0.344435 0 0 0 0.135419 13 4570 1 0 1 
1.25733 3.48843 0.328001 0 0 0 0.138376 13 4571 1 0 1 
-8.60815 -13.9502 0.314194 0 0 0 0.142206 13 4572 1 0 1 
5.36911 43.9843 0.314323 0 0 0 0.142378 13 4573 1 0 1 
12.2436 8.92798 0.320068 0 0 0 0.140915 13 4574 1 0 1 
-0.598241 5.18224 0.309779 0 0 0 0.141473 13 4575 1 0 1 
1.30206 3.32589 0.348772 0 0 0 0.135691 13 4576 1 0 1 
14.2482 -7.42925 0.295305 0 0 0 0.144302 13 4577 1 0 1 
9.03823 -23.2194 0.320965 0 0 0 0.139873 13 4578 1 0 1 
-8.23072 15.9623 0.31582 0 0 0 0.141821 13 4579 1 0 1 
-24.8806 -0.758224 0.349376 0 0 0 0.137425 13 4580 1 0 1 
-1.49788 -14.2481 0.330095 0 0 0 0.139244 13 4581 1 0 1 
-8.8572 5.23619 0.360066 0 0 0 0.133471 13 4582 1 0 1 
-13.4463 -11.4191 0.347462 0 0 0 0.134023 13 4583 1 0 1 
-3.54669 -2.07736 0.365499 0 0 0 0.13202 13 4584 1 0 1 
-10.2514 -11.3132 0.348694 0 0 0 0.134138 13 4585 1 0 1 
-2.29759 -9.90903 0.334576 0 0 0 0.136353 13 4586 1 0 1 
0.153528 -14.3676 0.282529 0 0 0 0.148791 13 4587 1 0 1 
-32.8978 -6.79972 0.354738 0 0 0 0.134805 13 4588 1 0 1 
28.4105 21.6093 0.328182 0 0 0 0.138043 13 4589 1 0 1 
-4.39374 3.73916 0.357451 0 0 0 0.132488 13 4590 1 0 1 
-14.5876 -4.01155 0.310469 0 0 0 0.136373 13 4591 1 0 1 
-0.942391 -1.5268 0.333868 0 0 0 0.138044 13 4592 1 0 1 
-3.53194 14.2637 0.336336 0 0 0 0.139217 13 4593 1 0 1 
-20.1145 -11.7452 0.344431 0 0 0 0.135746 13 4594 1 0 1 
-22.0059 1.04285 0.331432 0 0 0 0.136879 13 4595 1 0 1 
-7.98398 -5.75976 0.318112 0 0 0 0.14306 13 4596 1 0 1 
-2.53957 -4.6709 0.352651 0 0 0 0.134247 13 4597 1 0 1 
15.7559 2.927 0.308853 0 0 0 0.144119 13 4598 1 0 1 
20.5778 1.01407 0.273096 0 0 0 0.149475 13 4599 1 0 1 
12.8644 2.45479 0.339116 0 0 0 0.137081 13 4600 1 0 1 
31.1239 -6.61657 0.303248 0 0 0 0.143106 13 4601 1 0 1 
5.41791 -10.7729 0.3416 0 0 0 0.136022 13 4602 1 0 1 
-26.4437 20.4657 0.308852 0 0 0 0.142096 13 4603 1 0 1 
-7.96176 3.42945 0.295058 0 0 0 0.145987 13 4604 1 0 1 
25.3062 -1.49901 0.256275 0 0 0 0.15483 13 4605 1 0 1 
4.28563 -10.4337 0.358691 0 0 0 0.133263 13 4606 1 0 1 
17.0529 9.58783 0.312715 0 0 0 0.141811 13 4607 1 0 1 
4.74641 -15.715 0.34006 0 0 0 0.135234 13 4608 1 0 1 
-13.8031 17.5086 0.319277 0 0 0 0.139582 13 4609 1 0 1 
10.7284 27.7685 0.354358 0 0 0 0.133236 13 4610 1 0 1 
-1.34196 -12.0238 0.330264 0 0 0 0.139727 13 4611 1 0 1 
-20.1165 0.702825 0.335384 0 0 0 0.138106 13 4612 1 0 1 
-5.18423 -1.80395 0.336955 0 0 0 0.138789 13 4613 1 0 1 
-7.17522 26.8315 0.296449 0 0 0 0.143167 13 4614 1 0 1 
4.0417 1.66137 0.268641 0 0 0 0.15348 13 4615 1 0 1 
-7.07213 -11.3808 0.302135 0 0 0 0.142927 13 4616 1 0 1 
9.82308 1.47496 0.402192 0 0 0 0.128191 13 4617 1 0 1 
-26.3863 5.51625 0.32483 0 0 0 0.138362 13 4618 1 0 1 
20.9704 -14.8977 0.348921 0 0 0 0.135992 13 4619 1 0 1 
7.65587 -6.22793 0.329209 0 0 0 0.139262 13 4620 1 0 1 
1.2496 25.1426 0.353383 0 0 0 0.133813 13 4621 1 0 1 
25.4457 5.40288 0.3201 0 0 0 0.141179 13 4622 1 0 1 
7.32425 7.16715 0.292365 0 0 0 0.146516 13 4623 1 0 1 
9.88421 -4.12431 0.287376 0 0 0 0.144932 13 4624 1 0 1 
2.17857 30.6068 0.358059 0 0 0 0.134097 13 4625 1 0 1 
-30.1739 -8.24653 0.311097 0 0 0 0.141233 13 4626 1 0 1 
-7.11682 11.4207 0.359163 0 0 0 0.133789 13 4627 1 0 1 
-10.4953 -1.82666 0.334572 0 0 0 0.138778 13 4628 1 0 1 
-6.44193 32.5968 0.348116 0 0 0 0.136614 13 4629 1 0 1 
11.7901 -27.2844 0.317868 0 0 0 0.141479 13 4630 1 0 1 
-12.1226 13.0114 0.305487 0 0 0 0.137677 13 4631 1 0 1 
-10.3098 21.0839 0.27128 0 0 0 0.150171 13 4632 1 0 1 
-18.7778 18.6004 0.296607 0 0 0 0.145249 13 4633 1 0 1 
5.33911 -23.5589 0.334753 0 0 0 0.138046 13 4634 1 0 1 
7.4343 -0.484102 0.335865 0 0 0 0.138338 13 4635 1 0 1 
-24.2351 12.1981 0.340778 0 0 0 0.134525 13 4636 1 0 1 
-11.3848 -11.4465 0.329915 0 0 0 0.139558 13 4637 1 0 1 
-14.643 19.0808 0.342587 0 0 0 0.136482 13 4638 1 0 1 
5.43348 -13.531 0.294768 0 0 0 0.145109 13 4639 1 0 1 
3.65373 6.77348 0.338959 0 0 0 0.138333 13 4640 1 0 1 
11.6905 -22.0816 0.322281 0 0 0 0.140789 13 4641 1 0 1 
-2.62957 0.85737 0.33893 0 0 0 0.135439 13 4642 1 0 1 
-16.2198 2.35037 0.344482 0 0 0 0.136724 13 4643 1 0 1 
4.37859 8.43745 0.317061 0 0 0 0.141408 13 4644 1 0 1 
16.6744 -1.82231 0.329536 0 0 0 0.137342 13 4645 1 0 1 
0.278667 -11.492 0.351075 0 0 0 0.134684 13 4646 1 0 1 
13.0058 12.5217 0.335987 0 0 0 0.137604 13 4647 1 0 1 
16.1707 -6.58599 0.302295 0 0 0 0.144186 13 4648 1 0 1 
-7.10387 -9.21067 0.324447 0 0 0 0.139481 13 4649 1 0 1 
-8.64013 13.3467 0.330926 0 0 0 0.139038 13 4650 1 0 1 
-19.8771 -0.280461 0.305118 0 0 0 0.143254 13 4651 1 0 1 
5.03125 41.8812 0.36149 0 0 0 0.132272 13 4652 1 0 1 
-25.9349 -14.6836 0.326704 0 0 0 0.139626 13 4653 1 0 1 
-8.85701 -0.0566564 0.269474 0 0 0 0.15166 13 4654 1 0 1 
-27.3391 6.73469 0.343458 0 0 0 0.136495 13 4655 1 0 1 
14.5856 3.8575 0.30187 0 0 0 0.143951 13 4656 1 0 1 
10.471 -8.64769 0.336289 0 0 0 0.137657 13 4657 1 0 1 
9.46823 28.077 0.387013 0 0 0 0.131621 13 4658 1 0 1 
22.3354 1.22517 0.323263 0 0 0 0.140356 13 4659 1 0 1 
-20.2364 -8.36546 0.359702 0 0 0 0.131922 13 4660 1 0 1 
-5.92582 -25.2437 0.325303 0 0 0 0.139271 13 4661 1 0 1 
-12.0537 -9.9229 0.34074 0 0 0 0.136438 13 4662 1 0 1 
-7.56758 -4.05477 0.325312 0 0 0 0.138803 13 4663 1 0 1 
20.4341 -8.12982 0.330848 0 0 0 0.139662 13 4664 1 0 1 
17.4816 4.81929 0.310063 0 0 0 0.141004 13 4665 1 0 1 
1.38189 10.9467 0.316903 0 0 0 0.141148 13 4666 1 0 1 
-24.5482 -8.05281 0.335064 0 0 0 0.139337 13 4667 1 0 1 
6.36712 -17.0269 0.297777 0 0 0 0.146014 13 4668 1 0 1 
14.9632 -5.38532 0.350322 0 0 0 0.13452 13 4669 1 0 1 
-13.2772 -37.9759 0.375093 0 0 0 0.130122 13 4670 1 0 1 
-35.8549 24.4835 0.333994 0 0 0 0.139844 13 4671 1 0 1 
-14.197 4.28312 0.339315 0 0 0 0.136458 13 4672 1 0 1 
-21.8736 27.345 0.322658 0 0 0 0.13973 13 4673 1 0 1 
17.8455 -9.97891 0.344283 0 0 0 0.135072 13 4674 1 0 1 
-14.6173 -13.4547 0.313742 0 0 0 0.142493 13 4675 1 0 1 
8.7368 5.98895 0.316891 0 0 0 0.139296 13 4676 1 0 1 
5.05976 -18.3012 0.26907 0 0 0 0.151526 13 4677 1 0 1 
-13.7692 7.91565 0.317643 0 0 0 0.139843 13 4678 1 0 1 
-1.22013 2.06005 0.314006 0 0 0 0.139559 13 4679 1 0 1 
3.10366 -7.6198 0.304123 0 0 0 0.143716 13 4680 1 0 1 
8.96242 -15.4995 0.335333 0 0 0 0.136473 13 4681 1 0 1 
4.14166 8.69614 0.309227 0 0 0 0.1436 13 4682 1 0 1 
-0.0158535 -15.3692 0.323868 0 0 0 0.140374 13 4683 1 0 1 
-22.4575 13.7392 0.339741 0 0 0 0.136107 13 4684 1 0 1 
6.2486 23.4059 0.316045 0 0 0 0.142706 13 4685 1 0 1 
-13.5918 -1.93149 0.338304 0 0 0 0.137822 13 4686 1 0 1 
-1.26698 5.46065 0.314299 0 0 0 0.142757 13 4687 1 0 1 
12.0919 -24.9605 0.312687 0 0 0 0.141551 13 4688 1 0 1 
-3.80324 0.670597 0.28644 0 0 0 0.144191 13 4689 1 0 1 
13.405 -24.6645 0.361129 0 0 0 0.13464 13 4690 1 0 1 
8.86933 -0.576329 0.34192 0 0 0 0.136202 13 4691 1 0 1 
21.1205 -4.1458 0.321887 0 0 0 0.140729 13 4692 1 0 1 
-18.752 0.176592 0.31381 0 0 0 0.141929 13 4693 1 0 1 
6.55273 2.36705 0.281939 0 0 0 0.148156 13 4694 1 0 1 
-3.57787 15.8175 0.306114 0 0 0 0.141652 13 4695 1 0 1 
3.08115 -3.61104 0.354809 0 0 0 0.132159 13 4696 1 0 1 
-21.6038 -19.3585 0.306485 0 0 0 0.144281 13 4697 1 0 1 
27.0408 21.3159 0.346045 0 0 0 0.135819 13 4698 1 0 1 
3.64471 -10.7431 0.328631 0 0 0 0.137641 13 4699 1 0 1 
-20.27 -8.69877 0.340296 0 0 0 0.137644 13 4700 1 0 1 
23.9209 16.3607 0.28525 0 0 0 0.147807 13 4701 1 0 1 
15.3079 0.997839 0.341187 0 0 0 0.134728 13 4702 1 0 1 
28.307 -2.79617 0.302864 0 0 0 0.144022 13 4703 1 0 1 
-6.13945 15.3277 0.333309 0 0 0 0.137876 13 4704 1 0 1 
-17.1387 -25.2652 0.347839 0 0 0 0.137457 13 4705 1 0 1 
15.1565 -15.107 0.355028 0 0 0 0.13309 13 4706 1 0 1 
1.86507 20.9891 0.341653 0 0 0 0.13509 13 4707 1 0 1 
9.22476 21.0021 0.300466 0 0 0 0.142744 13 4708 1 0 1 
27.4981 -2.33562 0.319488 0 0 0 0.140428 13 4709 1 0 1 
-1.50846 -28.4631 0.331485 0 0 0 0.137312 13 4710 1 0 1 
2.57924 -7.8542 0.362079 0 0 0 0.132124 13 4711 1 0 1 
9.11503 12.1273 0.352739 0 0 0 0.133614 13 4712 1 0 1 
11.7651 13.8249 0.28705 0 0 0 0.146 13 4713 1 0 1 
0.0640104 1.50213 0.324104 0 0 0 0.138962 13 4714 1 0 1 
5.82902 0.998673 0.290421 0 0 0 0.145997 13 4715 1 0 1 
-7.70297 -5.95887 0.368189 0 0 0 0.13233 13 4716 1 0 1 
9.68507 4.44846 0.291489 0 0 0 0.146322 13 4717 1 0 1 
6.26899 -9.75369 0.330975 0 0 0 0.139357 13 4718 1 0 1 
1.77298 21.6301 0.340002 0 0 0 0.137305 13 4719 1 0 1 
-7.69603 36.2994 0.328416 0 0 0 0.138949 13 4720 1 0 1 
23.2338 -0.778198 0.265501 0 0 0 0.151773 13 4721 1 0 1 
9.14117 -8.83077 0.370544 0 0 0 0.132314 13 4722 1 0 1 
5.80926 21.1815 0.334667 0 0 0 0.137423 13 4723 1 0 1 
-12.6329 -24.0659 0.342056 0 0 0 0.136408 13 4724 1 0 1 
11.2863 0.829721 0.307225 0 0 0 0.142396 13 4725 1 0 1 
-18.9875 0.537763 0.318813 0 0 0 0.136646 13 4726 1 0 1 
-37.1428 -15.2955 0.348382 0 0 0 0.135898 13 4727 1 0 1 
16.0493 10.8383 0.299668 0 0 0 0.14371 13 4728 1 0 1 
-11.2331 11.3274 0.276493 0 0 0 0.150299 13 4729 1 0 1 
9.99115 3.47741 0.33084 0 0 0 0.136022 13 4730 1 0 1 
5.91949 8.25102 0.317089 0 0 0 0.141973 13 4731 1 0 1 
23.6686 -7.5145 0.352705 0 0 0 0.134844 13 4732 1 0 1 
2.90366 -10.7976 0.303538 0 0 0 0.143832 13 4733 1 0 1 
9.53349 -7.89325 0.301283 0 0 0 0.144273 13 4734 1 0 1 
-15.0574 -12.8978 0.345901 0 0 0 0.136227 13 4735 1 0 1 
2.69853 -28.2868 0.312245 0 0 0 0.138833 13 4736 1 0 1 
-18.96 26.7677 0.322087 0 0 0 0.141621 13 4737 1 0 1 
10.943 5.6877 0.341384 0 0 0 0.135646 13 4738 1 0 1 
50.4929 -9.42165 0.299421 0 0 0 0.14413 13 4739 1 0 1 
-3.66661 -9.76775 0.314426 0 0 0 0.139597 13 4740 1 0 1 
-0.105028 -7.44479 0.338761 0 0 0 0.136165 13 4741 1 0 1 
4.75553 -13.9006 0.338419 0 0 0 0.137934 13 4742 1 0 1 
-20.6552 -36.1584 0.306167 0 0 0 0.143755 13 4743 1 0 1 
23.2394 -7.69136 0.309786 0 0 0 0.142741 13 4744 1 0 1 
-13.0281 19.9752 0.331394 0 0 0 0.138172 13 4745 1 0 1 
-21.1534 -8.07039 0.343456 0 0 0 0.137647 13 4746 1 0 1 
-9.72429 -22.24 0.332856 0 0 0 0.136168 13 4747 1 0 1 
5.77976 -4.85644 0.284859 0 0 0 0.148417 13 4748 1 0 1 
2.56736 17.0955 0.345995 0 0 0 0.136438 13 4749 1 0 1 
-36.2399 -4.87694 0.302909 0 0 0 0.143706 13 4750 1 0 1 
-9.83139 -23.6806 0.32697 0 0 0 0.138288 13 4751 1 0 1 
-3.1611 25.2239 0.329987 0 0 0 0.13793 13 4752 1 0 1 
-10.0801 28.2638 0.321127 0 0 0 0.139011 13 4753 1 0 1 
-1.03516 -17.493 0.37397 0 0 0 0.131937 13 4754 1 0 1 
2.6927 36.1056 0.309886 0 0 0 0.141318 13 4755 1 0 1 
-9.54406 6.64717 0.333691 0 0 0 0.138571 13 4756 1 0 1 
-12.7524 19.8607 0.336174 0 0 0 0.136977 13 4757 1 0 1 
-17.8698 -18.5348 0.324167 0 0 0 0.137857 13 4758 1 0 1 
-2.73338 -6.84159 0.301607 0 0 0 0.14488 13 4759 1 0 1 
19.5405 -8.76463 0.32554 0 0 0 0.140112 13 4760 1 0 1 
-18.8946 -1.60782 0.322733 0 0 0 0.140733 13 4761 1 0 1 
19.2916 13.1093 0.315761 0 0 0 0.1419 13 4762 1 0 1 
-7.91871 -17.0032 0.32644 0 0 0 0.139727 13 4763 1 0 1 
-24.2356 -11.8096 0.30332 0 0 0 0.142354 13 4764 1 0 1 
11.2854 3.6536 0.336169 0 0 0 0.137354 13 4765 1 0 1 
-20.734 -17.04 0.32884 0 0 0 0.139739 13 4766 1 0 1 
-24.5504 4.92012 0.306646 0 0 0 0.142468 13 4767 1 0 1 
-13.0129 0.508799 0.342164 0 0 0 0.13616 13 4768 1 0 1 
-21.8641 56.3962 0.316959 0 0 0 0.14153 13 4769 1 0 1 
-7.98931 -13.5141 0.361828 0 0 0 0.133142 13 4770 1 0 1 
9.35054 14.4733 0.322026 0 0 0 0.134851 13 4771 1 0 1 
6.48009 -1.39358 0.3207 0 0 0 0.139608 13 4772 1 0 1 
3.64439 4.28553 0.330842 0 0 0 0.138207 13 4773 1 0 1 
2.05365 -31.8287 0.298495 0 0 0 0.143449 13 4774 1 0 1 
-2.21566 -0.581521 0.351299 0 0 0 0.133404 13 4775 1 0 1 
0.978047 14.5888 0.327895 0 0 0 0.138504 13 4776 1 0 1 
7.40369 3.82853 0.320323 0 0 0 0.139464 13 4777 1 0 1 
-3.10069 -22.7899 0.283936 0 0 0 0.145952 13 4778 1 0 1 
-2.21778 -1.42406 0.231843 0 0 0 0.138291 13 4779 1 0 1 
-10.9244 -9.81098 0.316579 0 0 0 0.140653 13 4780 1 0 1 
13.2936 -1.03606 0.368375 0 0 0 0.131958 13 4781 1 0 1 
-7.9836 -1.74688 0.354507 0 0 0 0.13392 13 4782 1 0 1 
15.0676 -14.2297 0.283622 0 0 0 0.146913 13 4783 1 0 1 
15.8503 -40.8704 0.331999 0 0 0 0.137194 13 4784 1 0 1 
1.24816 -36.8545 0.322168 0 0 0 0.140412 13 4785 1 0 1 
1.30749 5.8843 0.272504 0 0 0 0.144029 13 4786 1 0 1 
-35.9999 29.9969 0.330081 0 0 0 0.140296 13 4787 1 0 1 
14.6156 -34.0374 0.321738 0 0 0 0.141244 13 4788 1 0 1 
37.9161 -10.7549 0.3375 0 0 0 0.136373 13 4789 1 0 1 
-8.03758 24.9877 0.279632 0 0 0 0.14758 13 4790 1 0 1 
25.0703 23.7666 0.276071 0 0 0 0.148871 13 4791 1 0 1 
-8.67855 -25.6283 0.321378 0 0 0 0.139831 13 4792 1 0 1 
19.4193 7.53952 0.27846 0 0 0 0.149953 13 4793 1 0 1 
-20.3922 -6.98451 0.3236 0 0 0 0.139794 13 4794 1 0 1 
-19.0934 4.48247 0.373546 0 0 0 0.131927 13 4795 1 0 1 
18.0966 6.28107 0.298468 0 0 0 0.144648 13 4796 1 0 1 
-7.72833 14.7405 0.337203 0 0 0 0.135309 13 4797 1 0 1 
-27.4821 -2.9644 0.338372 0 0 0 0.138508 13 4798 1 0 1 
13.5634 12.75 0.32044 0 0 0 0.140882 13 4799 1 0 1 
-5.05843 -23.5399 0.376286 0 0 0 0.131841 13 4800 1 0 1 
3.38968 -7.22051 0.313531 0 0 0 0.141964 13 4801 1 0 1 
3.66982 -17.0972 0.343273 0 0 0 0.135364 13 4802 1 0 1 
-23.4255 -46.4634 0.272258 0 0 0 0.151272 13 4803 1 0 1 
-15.7388 -20.4581 0.318944 0 0 0 0.141645 13 4804 1 0 1 
19.6092 14.3142 0.314133 0 0 0 0.141421 13 4805 1 0 1 
-7.09164 1.06507 0.361175 0 0 0 0.132652 13 4806 1 0 1 
1.3074 -9.36429 0.382505 0 0 0 0.130263 13 4807 1 0 1 
-4.22106 7.57237 0.315808 0 0 0 0.141328 13 4808 1 0 1 
3.71132 -4.1139 0.333868 0 0 0 0.138918 13 4809 1 0 1 
-28.9312 -9.58139 0.330246 0 0 0 0.137958 13 4810 1 0 1 
-3.42596 -9.85418 0.347518 0 0 0 0.135174 13 4811 1 0 1 
2.08592 5.77754 0.32293 0 0 0 0.140892 13 4812 1 0 1 
-18.4423 24.1501 0.353334 0 0 0 0.133543 13 4813 1 0 1 
46.1018 0.711715 0.317038 0 0 0 0.140212 13 4814 1 0 1 
-3.66706 -10.1873 0.358449 0 0 0 0.130452 13 4815 1 0 1 
-14.7488 -5.54309 0.306804 0 0 0 0.142655 13 4816 1 0 1 
-12.9389 -19.2862 0.32856 0 0 0 0.137398 13 4817 1 0 1 
-30.142 24.4701 0.331483 0 0 0 0.137477 13 4818 1 0 1 
-10.5459 11.8464 0.32142 0 0 0 0.140044 13 4819 1 0 1 
-12.3076 -1.3176 0.306507 0 0 0 0.141118 13 4820 1 0 1 
8.9052 19.4561 0.321344 0 0 0 0.140266 13 4821 1 0 1 
-8.28253 1.45714 0.283873 0 0 0 0.147997 13 4822 1 0 1 
10.604 2.7639 0.289242 0 0 0 0.144533 13 4823 1 0 1 
-24.3041 -10.542 0.309775 0 0 0 0.143532 13 4824 1 0 1 
1.2906 40.0027 0.34068 0 0 0 0.134813 13 4825 1 0 1 
-8.1674 -13.1272 0.302716 0 0 0 0.143796 13 4826 1 0 1 
-1.81082 3.9325 0.307112 0 0 0 0.14467 13 4827 1 0 1 
-1.55527 -7.12969 0.375713 0 0 0 0.130141 13 4828 1 0 1 
-12.8881 -2.5269 0.338537 0 0 0 0.138033 13 4829 1 0 1 
5.41069 3.7712 0.313274 0 0 0 0.141153 13 4830 1 0 1 
21.3604 19.0065 0.312277 0 0 0 0.141525 13 4831 1 0 1 
3.49387 -10.5691 0.359495 0 0 0 0.132943 13 4832 1 0 1 
-2.63524 -11.8716 0.328153 0 0 0 0.138921 13 4833 1 0 1 
-7.17398 20.3149 0.269872 0 0 0 0.152201 13 4834 1 0 1 
1.58125 17.0748 0.322432 0 0 0 0.140339 13 4835 1 0 1 
-7.96566 20.229 0.302068 0 0 0 0.144475 13 4836 1 0 1 
-7.27812 -13.446 0.361344 0 0 0 0.131985 13 4837 1 0 1 
7.94934 3.73921 0.325303 0 0 0 0.13946 13 4838 1 0 1 
-3.14155 -29.5252 0.334209 0 0 0 0.138013 13 4839 1 0 1 
8.9106 17.6939 0.329722 0 0 0 0.136852 13 4840 1 0 1 
-3.26792 9.15089 0.306172 0 0 0 0.142824 13 4841 1 0 1 
-1.38368 -20.7193 0.324508 0 0 0 0.138428 13 4842 1 0 1 
3.71428 5.2203 0.293372 0 0 0 0.141694 13 4843 1 0 1 
-9.41354 -29.3057 0.336444 0 0 0 0.137454 13 4844 1 0 1 
10.2052 -1.12034 0.327326 0 0 0 0.138267 13 4845 1 0 1 
-1.22107 -14.9777 0.320747 0 0 0 0.139564 13 4846 1 0 1 
-2.01942 41.3967 0.342359 0 0 0 0.136087 13 4847 1 0 1 
-22.9707 -4.53705 0.313723 0 0 0 0.142379 13 4848 1 0 1 
-7.02424 -13.4463 0.331567 0 0 0 0.13825 13 4849 1 0 1 
-8.02099 -7.35786 0.32908 0 0 0 0.138289 13 4850 1 0 1 
6.47916 6.6947 0.34195 0 0 0 0.133055 13 4851 1 0 1 
-15.6341 -8.254 0.338267 0 0 0 0.136007 13 4852 1 0 1 
-7.88585 -23.2537 0.353536 0 0 0 0.13453 13 4853 1 0 1 
-9.9384 11.7035 0.341148 0 0 0 0.138284 13 4854 1 0 1 
11.0079 9.03433 0.339626 0 0 0 0.137581 13 4855 1 0 1 
6.29612 -21.0973 0.324781 0 0 0 0.139897 13 4856 1 0 1 
-15.8066 20.1033 0.312038 0 0 0 0.140754 13 4857 1 0 1 
-3.59573 -6.96535 0.370576 0 0 0 0.131167 13 4858 1 0 1 
-15.2965 20.2712 0.320558 0 0 0 0.141345 13 4859 1 0 1 
17.9336 -7.24733 0.32374 0 0 0 0.138907 13 4860 1 0 1 
-16.1201 19.6403 0.283538 0 0 0 0.149435 13 4861 1 0 1 
-29.6962 3.68533 0.303735 0 0 0 0.14442 13 4862 1 0 1 
0.564694 -35.8581 0.354999 0 0 0 0.133737 13 4863 1 0 1 
15.095 -8.25919 0.338116 0 0 0 0.136868 13 4864 1 0 1 
20.8476 -15.588 0.305141 0 0 0 0.144467 13 4865 1 0 1 
-24.8375 -14.3974 0.359589 0 0 0 0.134185 13 4866 1 0 1 
-10.5107 -20.5581 0.328279 0 0 0 0.139312 13 4867 1 0 1 
16.044 0.739305 0.324064 0 0 0 0.140402 13 4868 1 0 1 
6.4184 1.02832 0.300591 0 0 0 0.145085 13 4869 1 0 1 
-41.9531 8.99734 0.339134 0 0 0 0.136512 13 4870 1 0 1 
-3.83458 -23.4442 0.356305 0 0 0 0.134165 13 4871 1 0 1 
4.0802 -17.2197 0.341652 0 0 0 0.13608 13 4872 1 0 1 
-4.29802 18.6028 0.318918 0 0 0 0.140094 13 4873 1 0 1 
-7.84037 -5.38174 0.345736 0 0 0 0.136071 13 4874 1 0 1 
11.0469 19.0507 0.31813 0 0 0 0.140557 13 4875 1 0 1 
-9.5267 26.8787 0.292215 0 0 0 0.145689 13 4876 1 0 1 
-10.128 -4.94238 0.340575 0 0 0 0.136994 13 4877 1 0 1 
-12.103 -26.2832 0.349295 0 0 0 0.135516 13 4878 1 0 1 
6.07871 -28.5117 0.279596 0 0 0 0.147419 13 4879 1 0 1 
21.0311 2.38042 0.375066 0 0 0 0.131972 13 4880 1 0 1 
10.3519 -4.10904 0.276041 0 0 0 0.150242 13 4881 1 0 1 
-11.0011 -16.7873 0.333712 0 0 0 0.136572 13 4882 1 0 1 
-1.63244 -0.154339 0.365149 0 0 0 0.131863 13 4883 1 0 1 
-16.0032 15.6286 0.341714 0 0 0 0.13653 13 4884 1 0 1 
11.9078 26.8364 0.408261 0 0 0 0.130702 13 4885 1 0 1 
-12.1774 27.9617 0.32665 0 0 0 0.140966 13 4886 1 0 1 
24.2827 -3.97252 0.299802 0 0 0 0.144038 13 4887 1 0 1 
-3.83734 17.8825 0.294829 0 0 0 0.142406 13 4888 1 0 1 
11.2758 12.7509 0.33727 0 0 0 0.137985 13 4889 1 0 1 
11.1921 7.75771 0.330182 0 0 0 0.138587 13 4890 1 0 1 
15.3595 -0.624675 0.325822 0 0 0 0.138176 13 4891 1 0 1 
-18.9778 0.36405 0.299649 0 0 0 0.140765 13 4892 1 0 1 
-4.06252 -3.66656 0.309627 0 0 0 0.142796 13 4893 1 0 1 
-7.49675 -4.93142 0.324379 0 0 0 0.139139 13 4894 1 0 1 
14.5714 -3.29088 0.338543 0 0 0 0.137536 13 4895 1 0 1 
-27.0559 0.536723 0.337027 0 0 0 0.136079 13 4896 1 0 1 
7.49296 0.742401 0.30939 0 0 0 0.142909 13 4897 1 0 1 
9.47136 2.33772 0.337946 0 0 0 0.137329 13 4898 1 0 1 
16.0364 -10.1193 0.32826 0 0 0 0.137678 13 4899 1 0 1 
-4.52348 -2.76845 0.328233 0 0 0 0.137484 13 4900 1 0 1 
32.8623 2.49838 0.336498 0 0 0 0.138238 13 4901 1 0 1 
25.6388 -4.32758 0.293826 0 0 0 0.14566 13 4902 1 0 1 
1.3386 -8.41064 0.268833 0 0 0 0.148791 13 4903 1 0 1 
-7.49537 -15.5232 0.318315 0 0 0 0.139608 13 4904 1 0 1 
-13.3477 2.45836 0.322088 0 0 0 0.141071 13 4905 1 0 1 
-0.954528 -17.2493 0.339936 0 0 0 0.135692 13 4906 1 0 1 
0.840362 10.627 0.334446 0 0 0 0.136584 13 4907 1 0 1 
-5.16767 -28.0017 0.37441 0 0 0 0.130897 13 4908 1 0 1 
14.3656 6.43582 0.328908 0 0 0 0.139515 13 4909 1 0 1 
11.1085 0.781664 0.308978 0 0 0 0.142675 13 4910 1 0 1 
7.29601 -6.88725 0.285036 0 0 0 0.146822 13 4911 1 0 1 
42.5079 26.3299 0.351254 0 0 0 0.134171 13 4912 1 0 1 
-17.5372 -14.3075 0.324667 0 0 0 0.140162 13 4913 1 0 1 
-31.9875 15.1616 0.273019 0 0 0 0.150774 13 4914 1 0 1 
11.4943 5.61835 0.313236 0 0 0 0.142119 13 4915 1 0 1 
23.6947 22.3776 0.313285 0 0 0 0.142072 13 4916 1 0 1 
-13.4484 -27.4421 0.291406 0 0 0 0.13463 13 4917 1 0 1 
-14.1277 4.52622 0.336846 0 0 0 0.138264 13 4918 1 0 1 
-3.58598 18.1121 0.305687 0 0 0 0.141978 13 4919 1 0 1 
-38.0511 -25.3989 0.334493 0 0 0 0.136487 13 4920 1 0 1 
-18.1283 -2.71189 0.339603 0 0 0 0.136113 13 4921 1 0 1 
-5.40389 0.143171 0.330165 0 0 0 0.138927 13 4922 1 0 1 
54.7164 -3.05402 0.374468 0 0 0 0.13002 13 4923 1 0 1 
-9.43332 6.24547 0.350375 0 0 0 0.1356 13 4924 1 0 1 
-24.9338 8.6099 0.364149 0 0 0 0.132127 13 4925 1 0 1 
9.68984 -9.98182 0.300892 0 0 0 0.143447 13 4926 1 0 1 
0.115543 4.39724 0.328914 0 0 0 0.138696 13 4927 1 0 1 
20.4731 20.2236 0.338858 0 0 0 0.13733 13 4928 1 0 1 
9.38362 1.41844 0.296786 0 0 0 0.145836 13 4929 1 0 1 
-15.3893 18.927 0.366869 0 0 0 0.131236 13 4930 1 0 1 
29.9751 -11.8834 0.318246 0 0 0 0.141245 13 4931 1 0 1 
4.56261 -27.5416 0.385719 0 0 0 0.128829 13 4932 1 0 1 
-9.58949 11.1839 0.346506 0 0 0 0.136331 13 4933 1 0 1 
-23.1316 8.14218 0.305274 0 0 0 0.143063 13 4934 1 0 1 
10.8406 -26.0068 0.315237 0 0 0 0.140538 13 4935 1 0 1 
5.5435 -6.60633 0.281414 0 0 0 0.146151 13 4936 1 0 1 
-9.35508 11.0814 0.322711 0 0 0 0.137673 13 4937 1 0 1 
30.4874 12.6745 0.366788 0 0 0 0.132598 13 4938 1 0 1 
3.63315 2.95229 0.339016 0 0 0 0.13496 13 4939 1 0 1 
2.96792 -5.66424 0.34052 0 0 0 0.135263 13 4940 1 0 1 
12.5927 36.8998 0.338346 0 0 0 0.137283 13 4941 1 0 1 
-4.4647 -30.532 0.311755 0 0 0 0.140371 13 4942 1 0 1 
11.9104 15.4946 0.31897 0 0 0 0.14065 13 4943 1 0 1 
-1.79261 15.5636 0.32095 0 0 0 0.13994 13 4944 1 0 1 
-11.9075 15.6968 0.329718 0 0 0 0.137476 13 4945 1 0 1 
6.72245 4.29426 0.329966 0 0 0 0.13718 13 4946 1 0 1 
1.94047 1.89337 0.329079 0 0 0 0.139429 13 4947 1 0 1 
9.10643 -3.15286 0.314612 0 0 0 0.141864 13 4948 1 0 1 
-19.4125 11.6053 0.294092 0 0 0 0.146064 13 4949 1 0 1 
8.87287 4.27651 0.339589 0 0 0 0.136554 13 4950 1 0 1 
7.77772 0.528545 0.301368 0 0 0 0.13938 13 4951 1 0 1 
2.17409 3.84417 0.330923 0 0 0 0.137609 13 4952 1 0 1 
13.5139 12.477 0.310518 0 0 0 0.143693 13 4953 1 0 1 
-3.85551 -20.4713 0.3421 0 0 0 0.134688 13 4954 1 0 1 
14.2851 -14.2277 0.300681 0 0 0 0.143393 13 4955 1 0 1 
12.6503 -2.46502 0.299479 0 0 0 0.146059 13 4956 1 0 1 
-0.743591 5.24976 0.300251 0 0 0 0.143265 13 4957 1 0 1 
22.2581 -2.05782 0.322412 0 0 0 0.140274 13 4958 1 0 1 
-0.642509 9.33981 0.328818 0 0 0 0.138802 13 4959 1 0 1 
1.29198 -11.0377 0.346383 0 0 0 0.137133 13 4960 1 0 1 
-7.95997 -29.9941 0.357112 0 0 0 0.133436 13 4961 1 0 1 
2.39101 -0.7544 0.32524 0 0 0 0.137117 13 4962 1 0 1 
-15.1931 8.19327 0.313928 0 0 0 0.140321 13 4963 1 0 1 
-0.973447 4.36482 0.299391 0 0 0 0.144604 13 4964 1 0 1 
4.89037 -31.2215 0.281028 0 0 0 0.149067 13 4965 1 0 1 
34.0478 -9.39859 0.382426 0 0 0 0.130256 13 4966 1 0 1 
-13.8581 16.4885 0.366476 0 0 0 0.12982 13 4967 1 0 1 
-6.41391 -8.864 0.260686 0 0 0 0.155567 13 4968 1 0 1 
-6.82868 -21.5934 0.316886 0 0 0 0.141076 13 4969 1 0 1 
-5.33779 8.78029 0.31909 0 0 0 0.141019 13 4970 1 0 1 
2.8527 12.2793 0.360254 0 0 0 0.132053 13 4971 1 0 1 
4.88068 -19.2469 0.324307 0 0 0 0.138187 13 4972 1 0 1 
-3.83686 9.66187 0.352932 0 0 0 0.133771 13 4973 1 0 1 
-21.0905 27.764 0.308374 0 0 0 0.143639 13 4974 1 0 1 
2.03047 6.82986 0.310012 0 0 0 0.142973 13 4975 1 0 1 
22.6079 15.1401 0.312131 0 0 0 0.141233 13 4976 1 0 1 
12.3892 0.78867 0.290968 0 0 0 0.146311 13 4977 1 0 1 
-13.4614 -8.57782 0.312088 0 0 0 0.141966 13 4978 1 0 1 
-24.0427 18.5851 0.316156 0 0 0 0.142139 13 4979 1 0 1 
26.7813 16.2635 0.350223 0 0 0 0.133605 13 4980 1 0 1 
21.5939 -6.37413 0.321134 0 0 0 0.139076 13 4981 1 0 1 
-17.2643 6.62546 0.313702 0 0 0 0.140348 13 4982 1 0 1 
-11.1388 -16.3549 0.298111 0 0 0 0.145879 13 4983 1 0 1 
-10.4451 -22.1553 0.346707 0 0 0 0.135434 13 4984 1 0 1 
-3.56948 9.23605 0.30598 0 0 0 0.142698 13 4985 1 0 1 
7.96146 -11.7999 0.350062 0 0 0 0.134598 13 4986 1 0 1 
4.295 2.71411 0.344911 0 0 0 0.135346 13 4987 1 0 1 
-16.2528 9.49584 0.306932 0 0 0 0.141988 13 4988 1 0 1 
-16.9718 -4.83684 0.331479 0 0 0 0.13678 13 4989 1 0 1 
-14.1731 18.7119 0.30343 0 0 0 0.143303 13 4990 1 0 1 
-3.51189 -5.42724 0.308817 0 0 0 0.142607 13 4991 1 0 1 
-27.3975 -6.73817 0.333953 0 0 0 0.137756 13 4992 1 0 1 
3.94074 -16.8925 0.304044 0 0 0 0.143017 13 4993 1 0 1 
-18.0507 20.1493 0.34966 0 0 0 0.135469 13 4994 1 0 1 
-10.8887 -6.86293 0.336948 0 0 0 0.137603 13 4995 1 0 1 
-0.862895 16.1951 0.302573 0 0 0 0.143291 13 4996 1 0 1 
-10.0652 1.4125 0.319132 0 0 0 0.141998 13 4997 1 0 1 
-2.77135 24.7986 0.353521 0 0 0 0.13517 13 4998 1 0 1 
4.24341 1.32876 0.289 0 0 0 0.146046 13 4999 1 0 1 
1.14982 13.5413 0.348287 0 0 0 0.135797 13 5000 1 0 1 
14.1732 23.6208 0.300138 0 0 0 0.145198 13 5001 1 0 1 
8.82469 -16.6731 0.295268 0 0 0 0.143018 13 5002 1 0 1 
-17.5026 -12.146 0.294855 0 0 0 0.144323 13 5003 1 0 1 
23.3455 0.105023 0.325608 0 0 0 0.136674 13 5004 1 0 1 
5.8677 5.98941 0.294873 0 0 0 0.145776 13 5005 1 0 1 
13.2643 8.12423 0.333507 0 0 0 0.136501 13 5006 1 0 1 
16.4825 -14.4731 0.290862 0 0 0 0.146848 13 5007 1 0 1 
-9.72704 2.26962 0.27849 0 0 0 0.145954 13 5008 1 0 1 
7.41381 -9.6017 0.341332 0 0 0 0.136982 13 5009 1 0 1 
23.6272 5.59847 0.291287 0 0 0 0.146103 13 5010 1 0 1 
14.9907 -7.84277 0.337506 0 0 0 0.138897 13 5011 1 0 1 
2.97526 -5.82998 0.267163 0 0 0 0.152447 13 5012 1 0 1 
3.02361 -4.95611 0.279131 0 0 0 0.148198 13 5013 1 0 1 
11.5147 -14.1788 0.336849 0 0 0 0.136883 13 5014 1 0 1 
-6.68974 13.8278 0.364165 0 0 0 0.131834 13 5015 1 0 1 
9.64664 21.8826 0.320899 0 0 0 0.139061 13 5016 1 0 1 
-0.730878 26.7807 0.279174 0 0 0 0.144369 13 5017 1 0 1 
11.116 -0.28786 0.334604 0 0 0 0.137183 13 5018 1 0 1 
8.33496 4.90426 0.319392 0 0 0 0.140705 13 5019 1 0 1 
-11.4042 15.5829 0.357707 0 0 0 0.13462 13 5020 1 0 1 
-24.9652 18.9511 0.306185 0 0 0 0.14133 13 5021 1 0 1 
-6.48434 7.09779 0.288097 0 0 0 0.147171 13 5022 1 0 1 
25.7795 -0.861153 0.3305 0 0 0 0.138538 13 5023 1 0 1 
-15.9437 5.87319 0.342048 0 0 0 0.136955 13 5024 1 0 1 
7.40332 22.9928 0.329338 0 0 0 0.138922 13 5025 1 0 1 
-10.4959 4.74734 0.331283 0 0 0 0.139103 13 5026 1 0 1 
-0.208746 11.254 0.366712 0 0 0 0.131518 13 5027 1 0 1 
-6.19469 -6.88439 0.316046 0 0 0 0.141162 13 5028 1 0 1 
32.9628 -8.38371 0.308829 0 0 0 0.143216 13 5029 1 0 1 
16.4295 14.1333 0.311701 0 0 0 0.141957 13 5030 1 0 1 
-0.86466 -12.3603 0.341226 0 0 0 0.134509 13 5031 1 0 1 
-19.1683 -24.7757 0.335851 0 0 0 0.137802 13 5032 1 0 1 
10.4706 4.33747 0.292251 0 0 0 0.146667 13 5033 1 0 1 
2.83945 2.13122 0.344687 0 0 0 0.137447 13 5034 1 0 1 
-17.5647 -0.983762 0.289868 0 0 0 0.146145 13 5035 1 0 1 
-23.403 14.4741 0.329294 0 0 0 0.140028 13 5036 1 0 1 
-3.11788 21.0824 0.311962 0 0 0 0.14271 13 5037 1 0 1 
-7.49799 0.0273455 0.311386 0 0 0 0.141536 13 5038 1 0 1 
3.24081 8.71253 0.312269 0 0 0 0.141203 13 5039 1 0 1 
-28.4004 5.13112 0.300681 0 0 0 0.145092 13 5040 1 0 1 
-15.7697 16.7403 0.344425 0 0 0 0.135372 13 5041 1 0 1 
3.2559 -8.2513 0.277429 0 0 0 0.150429 13 5042 1 0 1 
2.42279 26.9022 0.310897 0 0 0 0.14229 13 5043 1 0 1 
10.8879 7.47621 0.299432 0 0 0 0.145609 13 5044 1 0 1 
-0.626845 -11.8538 0.343325 0 0 0 0.136151 13 5045 1 0 1 
-3.73624 -10.8981 0.328941 0 0 0 0.13992 13 5046 1 0 1 
8.34122 -2.58517 0.329046 0 0 0 0.136511 13 5047 1 0 1 
-7.02602 27.8529 0.341762 0 0 0 0.135907 13 5048 1 0 1 
-9.85382 12.5015 0.308315 0 0 0 0.142618 13 5049 1 0 1 
-5.37024 19.2176 0.346354 0 0 0 0.134776 13 5050 1 0 1 
11.6372 19.6788 0.33358 0 0 0 0.136329 13 5051 1 0 1 
-25.0002 -15.5828 0.31701 0 0 0 0.142274 13 5052 1 0 1 
-11.8924 10.4856 0.309736 0 0 0 0.141486 13 5053 1 0 1 
-22.9788 8.62378 0.273103 0 0 0 0.1496 13 5054 1 0 1 
-23.855 27.5117 0.310178 0 0 0 0.142663 13 5055 1 0 1 
22.0576 28.7887 0.287189 0 0 0 0.145391 13 5056 1 0 1 
14.468 -34.3657 0.380053 0 0 0 0.131568 13 5057 1 0 1 
-11.2219 -18.6079 0.299466 0 0 0 0.143009 13 5058 1 0 1 
-49.2741 8.92237 0.335756 0 0 0 0.135561 13 5059 1 0 1 
-0.547714 -1.90632 0.323233 0 0 0 0.140336 13 5060 1 0 1 
-13.405 0.711364 0.316342 0 0 0 0.141402 13 5061 1 0 1 
-1.98202 27.7472 0.295619 0 0 0 0.14445 13 5062 1 0 1 
-25.2122 5.79852 0.356857 0 0 0 0.133182 13 5063 1 0 1 
12.0619 2.24622 0.303482 0 0 0 0.144083 13 5064 1 0 1 
-9.4641 21.1196 0.339183 0 0 0 0.136754 13 5065 1 0 1 
3.19523 -14.2699 0.278706 0 0 0 0.149498 13 5066 1 0 1 
6.59261 4.11212 0.308508 0 0 0 0.144141 13 5067 1 0 1 
17.1486 -7.02859 0.344038 0 0 0 0.135009 13 5068 1 0 1 
-8.20033 -2.62691 0.326149 0 0 0 0.139409 13 5069 1 0 1 
6.68297 12.4796 0.344164 0 0 0 0.138657 13 5070 1 0 1 
10.0308 -17.1967 0.292359 0 0 0 0.146233 13 5071 1 0 1 
-0.187793 6.86147 0.298344 0 0 0 0.145239 13 5072 1 0 1 
-5.80141 21.4334 0.310121 0 0 0 0.143199 13 5073 1 0 1 
-6.63002 -4.82558 0.369636 0 0 0 0.130438 13 5074 1 0 1 
-8.52057 -0.0345237 0.327357 0 0 0 0.138421 13 5075 1 0 1 
14.1055 -6.58103 0.351725 0 0 0 0.133686 13 5076 1 0 1 
-24.9241 5.13373 0.303289 0 0 0 0.143119 13 5077 1 0 1 
-21.6249 -23.532 0.290874 0 0 0 0.146352 13 5078 1 0 1 
11.8087 -4.23333 0.302413 0 0 0 0.14431 13 5079 1 0 1 
-1.82481 15.3747 0.291884 0 0 0 0.144557 13 5080 1 0 1 
-0.501416 16.9068 0.334321 0 0 0 0.138091 13 5081 1 0 1 
-16.8571 -11.6489 0.327805 0 0 0 0.140153 13 5082 1 0 1 
9.05955 -20.202 0.31126 0 0 0 0.142077 13 5083 1 0 1 
7.10831 -4.96179 0.311244 0 0 0 0.142503 13 5084 1 0 1 
-6.08773 -18.9573 0.305714 0 0 0 0.142786 13 5085 1 0 1 
42.604 -9.10091 0.342262 0 0 0 0.136181 13 5086 1 0 1 
5.91911 -20.1661 0.353928 0 0 0 0.13444 13 5087 1 0 1 
-20.123 0.269069 0.325758 0 0 0 0.135978 13 5088 1 0 1 
-37.2184 6.6593 0.347805 0 0 0 0.13493 13 5089 1 0 1 
-1.77565 6.18865 0.324154 0 0 0 0.139488 13 5090 1 0 1 
-15.683 22.9958 0.350209 0 0 0 0.133691 13 5091 1 0 1 
-2.258 0.839737 0.263588 0 0 0 0.152655 13 5092 1 0 1 
32.7877 -32.2436 0.310405 0 0 0 0.142387 13 5093 1 0 1 
-0.474694 5.29349 0.294494 0 0 0 0.146349 13 5094 1 0 1 
5.43783 16.0626 0.314926 0 0 0 0.14274 13 5095 1 0 1 
-13.5642 -27.1348 0.336274 0 0 0 0.137884 13 5096 1 0 1 
-21.9491 -15.3041 0.317383 0 0 0 0.141178 13 5097 1 0 1 
2.31433 -7.59042 0.30223 0 0 0 0.143794 13 5098 1 0 1 
13.8658 -19.1478 0.333304 0 0 0 0.136391 13 5099 1 0 1 
10.0913 31.4922 0.336601 0 0 0 0.13625 13 5100 1 0 1 
10.16 9.7666 0.319927 0 0 0 0.13849 13 5101 1 0 1 
9.25719 -3.50173 0.324927 0 0 0 0.141065 13 5102 1 0 1 
8.63947 -6.28379 0.323099 0 0 0 0.141225 13 5103 1 0 1 
8.09234 20.4421 0.283662 0 0 0 0.144633 13 5104 1 0 1 
-9.90671 -11.7803 0.303626 0 0 0 0.143105 13 5105 1 0 1 
5.01554 -2.42173 0.318838 0 0 0 0.140823 13 5106 1 0 1 
22.7548 -1.49888 0.320744 0 0 0 0.139677 13 5107 1 0 1 
12.3512 10.2606 0.343393 0 0 0 0.136492 13 5108 1 0 1 
-3.29758 10.5827 0.307405 0 0 0 0.143342 13 5109 1 0 1 
-2.44411 -8.86757 0.320104 0 0 0 0.14 13 5110 1 0 1 
-22.9153 -38.368 0.302007 0 0 0 0.143609 13 5111 1 0 1 
-2.58973 3.55321 0.327143 0 0 0 0.138363 13 5112 1 0 1 
-15.5386 7.2876 0.292445 0 0 0 0.146374 13 5113 1 0 1 
-0.760889 -2.3042 0.278286 0 0 0 0.147182 13 5114 1 0 1 
17.2266 31.0025 0.310508 0 0 0 0.14262 13 5115 1 0 1 
13.618 25.4219 0.343709 0 0 0 0.136701 13 5116 1 0 1 
-8.31239 0.340875 0.343512 0 0 0 0.136468 13 5117 1 0 1 
11.3455 -3.85288 0.327271 0 0 0 0.13791 13 5118 1 0 1 
-10.2903 -19.5433 0.330855 0 0 0 0.138738 13 5119 1 0 1 
17.1258 18.6538 0.330712 0 0 0 0.137576 13 5120 1 0 1 
-1.73008 15.7618 0.306012 0 0 0 0.143731 13 5121 1 0 1 
-27.9652 19.6782 0.312662 0 0 0 0.142903 13 5122 1 0 1 
-6.7979 -15.748 0.3213 0 0 0 0.139659 13 5123 1 0 1 
-8.51888 4.3256 0.304419 0 0 0 0.144367 13 5124 1 0 1 
0.99153 -3.1856 0.355061 0 0 0 0.134212 13 5125 1 0 1 
2.62746 4.52214 0.315795 0 0 0 0.141976 13 5126 1 0 1 
9.50512 20.1921 0.335866 0 0 0 0.132831 13 5127 1 0 1 
3.29552 -16.5036 0.300181 0 0 0 0.144985 13 5128 1 0 1 
20.1793 -2.06973 0.342221 0 0 0 0.135987 13 5129 1 0 1 
11.3178 23.4115 0.327684 0 0 0 0.138408 13 5130 1 0 1 
-34.3174 2.18977 0.331093 0 0 0 0.138408 13 5131 1 0 1 
8.43767 -14.704 0.320794 0 0 0 0.140585 13 5132 1 0 1 
-23.1985 -2.11324 0.344777 0 0 0 0.13684 13 5133 1 0 1 
-3.4775 37.42 0.331658 0 0 0 0.138139 13 5134 1 0 1 
-8.95035 3.40707 0.301719 0 0 0 0.141916 13 5135 1 0 1 
-8.80756 -0.388283 0.353335 0 0 0 0.134033 13 5136 1 0 1 
10.5763 -21.4318 0.299841 0 0 0 0.144818 13 5137 1 0 1 
-8.92912 18.5815 0.25807 0 0 0 0.151715 13 5138 1 0 1 
-5.36316 1.16275 0.332917 0 0 0 0.136115 13 5139 1 0 1 
4.95545 -11.2309 0.359018 0 0 0 0.133588 13 5140 1 0 1 
2.4534 23.5816 0.305675 0 0 0 0.14045 13 5141 1 0 1 
17.9919 13.3205 0.363753 0 0 0 0.13217 13 5142 1 0 1 
15.0279 -18.9029 0.348715 0 0 0 0.136535 13 5143 1 0 1 
5.25063 -8.0659 0.338069 0 0 0 0.138028 13 5144 1 0 1 
-4.91865 -24.9278 0.331497 0 0 0 0.136826 13 5145 1 0 1 
-15.0961 -21.3191 0.343213 0 0 0 0.136061 13 5146 1 0 1 
6.33696 -17.595 0.299674 0 0 0 0.144787 13 5147 1 0 1 
-26.1276 -0.549078 0.347251 0 0 0 0.134192 13 5148 1 0 1 
27.7876 -4.9071 0.341952 0 0 0 0.13706 13 5149 1 0 1 
-8.71324 -14.2862 0.323037 0 0 0 0.140607 13 5150 1 0 1 
5.5102 -17.5704 0.31282 0 0 0 0.140703 13 5151 1 0 1 
-25.9039 5.75278 0.33377 0 0 0 0.134975 13 5152 1 0 1 
-0.889505 -10.7895 0.372214 0 0 0 0.131495 13 5153 1 0 1 
32.1164 6.557 0.307198 0 0 0 0.142324 13 5154 1 0 1 
-11.8815 1.06288 0.312023 0 0 0 0.141221 13 5155 1 0 1 
-29.0194 1.58893 0.28436 0 0 0 0.149059 13 5156 1 0 1 
-3.20537 6.60508 0.326616 0 0 0 0.139798 13 5157 1 0 1 
-1.72133 -25.4617 0.330656 0 0 0 0.138168 13 5158 1 0 1 
9.23752 -5.6544 0.328174 0 0 0 0.139718 13 5159 1 0 1 
9.95788 6.35502 0.293454 0 0 0 0.144865 13 5160 1 0 1 
-11.3241 -11.0875 0.3041 0 0 0 0.143722 13 5161 1 0 1 
9.94319 -2.37387 0.378271 0 0 0 0.130006 13 5162 1 0 1 
-4.71 -0.805803 0.34117 0 0 0 0.136821 13 5163 1 0 1 
-25.1621 22.7907 0.290149 0 0 0 0.146251 13 5164 1 0 1 
-11.2911 -18.9759 0.338371 0 0 0 0.137327 13 5165 1 0 1 
7.34235 -4.05617 0.333446 0 0 0 0.138962 13 5166 1 0 1 
-8.28323 -2.09717 0.342182 0 0 0 0.136814 13 5167 1 0 1 
2.41104 -1.37343 0.337882 0 0 0 0.138958 13 5168 1 0 1 
-1.57641 21.2809 0.301077 0 0 0 0.144306 13 5169 1 0 1 
-11.1354 11.4434 0.337071 0 0 0 0.138316 13 5170 1 0 1 
-25.9639 -3.77148 0.311211 0 0 0 0.142751 13 5171 1 0 1 
24.512 -9.59383 0.335656 0 0 0 0.136457 13 5172 1 0 1 
19.3419 8.14449 0.331343 0 0 0 0.139805 13 5173 1 0 1 
-1.04756 -16.5673 0.338899 0 0 0 0.136614 13 5174 1 0 1 
-12.4344 28.1162 0.339199 0 0 0 0.136527 13 5175 1 0 1 
-1.27219 -5.73241 0.288313 0 0 0 0.139522 13 5176 1 0 1 
-0.00235699 2.42538 0.323009 0 0 0 0.139462 13 5177 1 0 1 
1.57008 27.5421 0.289111 0 0 0 0.146443 13 5178 1 0 1 
-20.7243 -8.03831 0.358108 0 0 0 0.13424 13 5179 1 0 1 
-28.7325 -20.2304 0.307504 0 0 0 0.143032 13 5180 1 0 1 
-13.6134 0.949774 0.302046 0 0 0 0.141819 13 5181 1 0 1 
-35.4251 11.1174 0.310847 0 0 0 0.142288 13 5182 1 0 1 
-7.67267 -20.3615 0.37563 0 0 0 0.131877 13 5183 1 0 1 
-18.4671 -24.8761 0.333898 0 0 0 0.137936 13 5184 1 0 1 
-20.8357 3.49049 0.304347 0 0 0 0.144325 13 5185 1 0 1 
-28.0007 -7.44008 0.317463 0 0 0 0.140786 13 5186 1 0 1 
21.7722 3.70022 0.290251 0 0 0 0.146418 13 5187 1 0 1 
-3.01888 -0.183872 0.310699 0 0 0 0.142886 13 5188 1 0 1 
4.03341 -5.11966 0.330534 0 0 0 0.138997 13 5189 1 0 1 
12.8814 -7.90856 0.321267 0 0 0 0.138774 13 5190 1 0 1 
-11.1889 -10.6278 0.322054 0 0 0 0.14111 13 5191 1 0 1 
4.45305 2.93532 0.318235 0 0 0 0.141135 13 5192 1 0 1 
-17.5216 -4.00022 0.384742 0 0 0 0.129697 13 5193 1 0 1 
-24.4264 -2.68793 0.311616 0 0 0 0.141424 13 5194 1 0 1 
-2.15059 -12.3609 0.30019 0 0 0 0.146129 13 5195 1 0 1 
11.4119 5.26621 0.349556 0 0 0 0.134343 13 5196 1 0 1 
7.55974 3.20955 0.319922 0 0 0 0.141068 13 5197 1 0 1 
8.64191 1.67049 0.359636 0 0 0 0.13248 13 5198 1 0 1 
0.651198 -14.9109 0.320771 0 0 0 0.137471 13 5199 1 0 1 
7.80258 -12.4436 0.384854 0 0 0 0.129729 13 5200 1 0 1 
4.76337 -18.5102 0.318718 0 0 0 0.142213 13 5201 1 0 1 
-9.88852 -14.7672 0.36584 0 0 0 0.130992 13 5202 1 0 1 
-2.46561 7.1749 0.293381 0 0 0 0.146305 13 5203 1 0 1 
6.94327 -8.94853 0.303608 0 0 0 0.143601 13 5204 1 0 1 
-18.0902 -11.3704 0.366116 0 0 0 0.132152 13 5205 1 0 1 
-17.4463 -35.7474 0.327179 0 0 0 0.139176 13 5206 1 0 1 
18.2375 12.4659 0.311085 0 0 0 0.132284 13 5207 1 0 1 
0.959955 -17.5017 0.2961 0 0 0 0.146104 13 5208 1 0 1 
4.97478 -16.8461 0.289374 0 0 0 0.14615 13 5209 1 0 1 
4.29796 3.12473 0.312446 0 0 0 0.142376 13 5210 1 0 1 
-7.66509 -27.002 0.326688 0 0 0 0.139858 13 5211 1 0 1 
-18.7141 21.3091 0.28444 0 0 0 0.146527 13 5212 1 0 1 
-18.8179 6.14681 0.352062 0 0 0 0.135633 13 5213 1 0 1 
14.6557 -20.3815 0.347718 0 0 0 0.135573 13 5214 1 0 1 
-18.089 8.60642 0.326548 0 0 0 0.138226 13 5215 1 0 1 
-16.7373 27.143 0.295881 0 0 0 0.143773 13 5216 1 0 1 
6.18742 -6.94917 0.336536 0 0 0 0.136912 13 5217 1 0 1 
-11.0632 -9.21749 0.298349 0 0 0 0.145227 13 5218 1 0 1 
24.8191 -17.9163 0.310798 0 0 0 0.14203 13 5219 1 0 1 
-33.3786 3.02301 0.293723 0 0 0 0.14593 13 5220 1 0 1 
22.5563 31.7955 0.347475 0 0 0 0.134557 13 5221 1 0 1 
-3.85128 -13.397 0.341959 0 0 0 0.136874 13 5222 1 0 1 
-2.76712 -14.1556 0.309548 0 0 0 0.142871 13 5223 1 0 1 
-31.5167 17.5929 0.318859 0 0 0 0.140433 13 5224 1 0 1 
-9.23801 -21.6084 0.36431 0 0 0 0.132725 13 5225 1 0 1 
-1.81467 -14.5312 0.345254 0 0 0 0.133608 13 5226 1 0 1 
27.4624 13.1719 0.296487 0 0 0 0.145467 13 5227 1 0 1 
4.22075 -12.9297 0.286977 0 0 0 0.147344 13 5228 1 0 1 
-5.13534 12.8202 0.315581 0 0 0 0.141179 13 5229 1 0 1 
-4.91365 5.71539 0.333524 0 0 0 0.139229 13 5230 1 0 1 
2.96755 8.74083 0.301707 0 0 0 0.143324 13 5231 1 0 1 
11.4266 14.4857 0.303043 0 0 0 0.143358 13 5232 1 0 1 
-8.89233 -18.9148 0.35496 0 0 0 0.130151 13 5233 1 0 1 
10.5096 11.0132 0.306555 0 0 0 0.143529 13 5234 1 0 1 
-27.3164 11.2096 0.335945 0 0 0 0.137795 13 5235 1 0 1 
-5.28118 -12.8409 0.28984 0 0 0 0.146682 13 5236 1 0 1 
24.2043 -22.1355 0.33562 0 0 0 0.138035 13 5237 1 0 1 
-15.5755 8.45129 0.345419 0 0 0 0.136091 13 5238 1 0 1 
-7.92713 12.5961 0.301093 0 0 0 0.144289 13 5239 1 0 1 
17.6673 12.2163 0.315149 0 0 0 0.14066 13 5240 1 0 1 
16.4622 6.09317 0.326852 0 0 0 0.139649 13 5241 1 0 1 
9.36991 -1.20638 0.337252 0 0 0 0.138055 13 5242 1 0 1 
26.528 16.3013 0.309429 0 0 0 0.144096 13 5243 1 0 1 
9.16893 8.5973 0.312492 0 0 0 0.140674 13 5244 1 0 1 
15.9284 2.31207 0.322607 0 0 0 0.140773 13 5245 1 0 1 
0.0526734 11.8256 0.369028 0 0 0 0.132627 13 5246 1 0 1 
9.12498 28.7154 0.325717 0 0 0 0.138695 13 5247 1 0 1 
5.38076 -19.9073 0.333637 0 0 0 0.138643 13 5248 1 0 1 
17.2533 -15.9003 0.32219 0 0 0 0.1402 13 5249 1 0 1 
-22.2167 15.4438 0.329054 0 0 0 0.138502 13 5250 1 0 1 
16.4531 31.4491 0.355827 0 0 0 0.132975 13 5251 1 0 1 
0.289119 12.1976 0.326434 0 0 0 0.138632 13 5252 1 0 1 
-3.91717 7.60032 0.316176 0 0 0 0.141934 13 5253 1 0 1 
-24.9666 -0.739451 0.283784 0 0 0 0.148316 13 5254 1 0 1 
12.651 10.2337 0.321741 0 0 0 0.138224 13 5255 1 0 1 
-1.6072 15.5608 0.341632 0 0 0 0.135258 13 5256 1 0 1 
11.742 -0.471736 0.284993 0 0 0 0.147193 13 5257 1 0 1 
-27.0937 3.96685 0.336317 0 0 0 0.135941 13 5258 1 0 1 
-15.7139 -21.8141 0.315305 0 0 0 0.141634 13 5259 1 0 1 
26.7877 -4.89324 0.332626 0 0 0 0.139006 13 5260 1 0 1 
12.6423 -22.0753 0.328457 0 0 0 0.139762 13 5261 1 0 1 
-1.78489 -2.275 0.289018 0 0 0 0.147278 13 5262 1 0 1 
-11.7375 4.49754 0.337664 0 0 0 0.136065 13 5263 1 0 1 
-2.45274 -5.69309 0.326986 0 0 0 0.138015 13 5264 1 0 1 
-7.74881 -5.42681 0.322684 0 0 0 0.138809 13 5265 1 0 1 
7.08643 -12.3553 0.332013 0 0 0 0.137288 13 5266 1 0 1 
2.18987 -14.1688 0.311384 0 0 0 0.141812 13 5267 1 0 1 
14.7592 3.9985 0.337544 0 0 0 0.136726 13 5268 1 0 1 
-11.9943 -11.7289 0.31095 0 0 0 0.142798 13 5269 1 0 1 
14.6508 5.98476 0.322857 0 0 0 0.135767 13 5270 1 0 1 
-9.6427 -25.489 0.31509 0 0 0 0.142799 13 5271 1 0 1 
-10.4751 5.14978 0.311976 0 0 0 0.137092 13 5272 1 0 1 
-36.6331 -14.9308 0.355287 0 0 0 0.134796 13 5273 1 0 1 
16.5276 -14.625 0.285185 0 0 0 0.147428 13 5274 1 0 1 
-18.1243 15.7033 0.273397 0 0 0 0.150743 13 5275 1 0 1 
16.7655 -3.01055 0.313759 0 0 0 0.142325 13 5276 1 0 1 
14.0046 5.56062 0.342353 0 0 0 0.135009 13 5277 1 0 1 
-8.05328 3.4907 0.304474 0 0 0 0.142792 13 5278 1 0 1 
7.27169 -3.73296 0.265853 0 0 0 0.146864 13 5279 1 0 1 
-18.6328 -7.7271 0.33083 0 0 0 0.137862 13 5280 1 0 1 
-17.6699 20.775 0.360745 0 0 0 0.131816 13 5281 1 0 1 
-4.23339 -12.7934 0.316217 0 0 0 0.14055 13 5282 1 0 1 
2.60141 15.8011 0.332476 0 0 0 0.133263 13 5283 1 0 1 
-16.0438 -10.0746 0.357625 0 0 0 0.135067 13 5284 1 0 1 
-14.7121 10.3903 0.311463 0 0 0 0.141522 13 5285 1 0 1 
-4.78732 3.79085 0.364842 0 0 0 0.132315 13 5286 1 0 1 
-10.87 6.84946 0.33066 0 0 0 0.139998 13 5287 1 0 1 
-13.5323 -12.0901 0.308011 0 0 0 0.14349 13 5288 1 0 1 
30.4585 -1.73479 0.320257 0 0 0 0.140972 13 5289 1 0 1 
6.63508 -14.6964 0.303718 0 0 0 0.14485 13 5290 1 0 1 
3.84596 -20.5987 0.295516 0 0 0 0.142604 13 5291 1 0 1 
-8.47148 -8.39532 0.309021 0 0 0 0.141564 13 5292 1 0 1 
-1.48246 -29.1561 0.311081 0 0 0 0.142576 13 5293 1 0 1 
9.73354 -3.22951 0.326692 0 0 0 0.139307 13 5294 1 0 1 
-4.28213 -25.369 0.291689 0 0 0 0.146256 13 5295 1 0 1 
-37.3088 -29.4872 0.320717 0 0 0 0.140335 13 5296 1 0 1 
-5.08508 -10.3339 0.322865 0 0 0 0.138692 13 5297 1 0 1 
16.8074 5.15618 0.29233 0 0 0 0.146415 13 5298 1 0 1 
4.68055 9.33054 0.319599 0 0 0 0.141098 13 5299 1 0 1 
33.265 14.5199 0.298973 0 0 0 0.142899 13 5300 1 0 1 
14.8295 4.21784 0.323672 0 0 0 0.140821 13 5301 1 0 1 
12.0442 -13.469 0.337198 0 0 0 0.138226 13 5302 1 0 1 
8.58102 14.7106 0.300612 0 0 0 0.143601 13 5303 1 0 1 
4.67518 5.53709 0.323203 0 0 0 0.141685 13 5304 1 0 1 
2.88866 -2.50289 0.413289 0 0 0 0.128939 13 5305 1 0 1 
4.05464 15.4971 0.347561 0 0 0 0.134631 13 5306 1 0 1 
27.1423 3.7474 0.291119 0 0 0 0.146693 13 5307 1 0 1 
-5.18795 4.69473 0.323274 0 0 0 0.139224 13 5308 1 0 1 
10.6409 -20.7913 0.324429 0 0 0 0.140629 13 5309 1 0 1 
-29.8895 3.36665 0.270811 0 0 0 0.150256 13 5310 1 0 1 
-2.30305 3.84462 0.335007 0 0 0 0.138892 13 5311 1 0 1 
-18.5497 -7.74966 0.308827 0 0 0 0.140214 13 5312 1 0 1 
-8.22825 11.0569 0.332815 0 0 0 0.138632 13 5313 1 0 1 
2.32765 5.5288 0.363334 0 0 0 0.133641 13 5314 1 0 1 
-2.42971 9.97291 0.345492 0 0 0 0.136675 13 5315 1 0 1 
11.2557 -6.37742 0.363584 0 0 0 0.134143 13 5316 1 0 1 
3.35457 -16.5366 0.27062 0 0 0 0.151133 13 5317 1 0 1 
-24.1789 -5.35395 0.318414 0 0 0 0.141066 13 5318 1 0 1 
23.9386 -5.69639 0.264132 0 0 0 0.153203 13 5319 1 0 1 
0.289237 16.1273 0.29297 0 0 0 0.146814 13 5320 1 0 1 
12.9127 -12.3402 0.312256 0 0 0 0.142145 13 5321 1 0 1 
-8.76358 -7.9161 0.296011 0 0 0 0.144451 13 5322 1 0 1 
33.1096 8.04795 0.33807 0 0 0 0.139071 13 5323 1 0 1 
-0.790618 -18.0147 0.278546 0 0 0 0.149002 13 5324 1 0 1 
-16.1057 8.3915 0.352103 0 0 0 0.133806 13 5325 1 0 1 
8.9383 -6.35806 0.299778 0 0 0 0.145318 13 5326 1 0 1 
18.1611 7.86055 0.356642 0 0 0 0.133577 13 5327 1 0 1 
-2.26779 -6.95888 0.328952 0 0 0 0.13768 13 5328 1 0 1 
7.23619 -9.43743 0.335864 0 0 0 0.138675 13 5329 1 0 1 
6.67422 21.5361 0.322546 0 0 0 0.140797 13 5330 1 0 1 
-9.34883 14.542 0.2888 0 0 0 0.147113 13 5331 1 0 1 
-9.99638 -4.94162 0.3331 0 0 0 0.1372 13 5332 1 0 1 
-22.0291 12.4295 0.335831 0 0 0 0.13793 13 5333 1 0 1 
3.51275 7.34803 0.346586 0 0 0 0.134717 13 5334 1 0 1 
34.8716 -3.05603 0.320127 0 0 0 0.142317 13 5335 1 0 1 
-11.8324 3.51519 0.319803 0 0 0 0.141679 13 5336 1 0 1 
-16.6796 -16.8754 0.310713 0 0 0 0.141332 13 5337 1 0 1 
11.3289 9.79748 0.297207 0 0 0 0.145497 13 5338 1 0 1 
-5.64499 4.84334 0.279523 0 0 0 0.149404 13 5339 1 0 1 
-12.6775 5.11143 0.333293 0 0 0 0.138661 13 5340 1 0 1 
-12.7118 -17.7972 0.37466 0 0 0 0.131132 13 5341 1 0 1 
-5.96104 7.48632 0.288144 0 0 0 0.144079 13 5342 1 0 1 
-14.1139 -2.38244 0.337405 0 0 0 0.136561 13 5343 1 0 1 
-14.4563 13.0902 0.310686 0 0 0 0.142396 13 5344 1 0 1 
-1.27309 15.522 0.295359 0 0 0 0.145224 13 5345 1 0 1 
-5.43612 14.2072 0.276256 0 0 0 0.146699 13 5346 1 0 1 
-13.6135 -4.31248 0.306291 0 0 0 0.142474 13 5347 1 0 1 
-15.8354 -9.14524 0.300572 0 0 0 0.143311 13 5348 1 0 1 
29.6733 2.39814 0.332349 0 0 0 0.138 13 5349 1 0 1 
7.31522 -30.0363 0.305516 0 0 0 0.144025 13 5350 1 0 1 
4.71137 -21.7531 0.265293 0 0 0 0.145772 13 5351 1 0 1 
-20.8825 11.7163 0.357995 0 0 0 0.134031 13 5352 1 0 1 
18.2148 -25.2242 0.307652 0 0 0 0.143004 13 5353 1 0 1 
-1.51884 13.2841 0.335961 0 0 0 0.13639 13 5354 1 0 1 
-0.847053 3.63554 0.320138 0 0 0 0.139465 13 5355 1 0 1 
-5.82546 -2.05664 0.380686 0 0 0 0.130837 13 5356 1 0 1 
24.0019 2.40906 0.305549 0 0 0 0.142857 13 5357 1 0 1 
8.33108 -4.4217 0.3271 0 0 0 0.139615 13 5358 1 0 1 
8.17753 11.3551 0.355116 0 0 0 0.134996 13 5359 1 0 1 
-14.3317 -9.29082 0.310545 0 0 0 0.139873 13 5360 1 0 1 
-2.28094 -15.9201 0.340649 0 0 0 0.136304 13 5361 1 0 1 
-1.20081 3.70724 0.334818 0 0 0 0.135599 13 5362 1 0 1 
7.91149 -13.9321 0.340759 0 0 0 0.13602 13 5363 1 0 1 
16.3068 9.98627 0.357873 0 0 0 0.134899 13 5364 1 0 1 
-5.06832 -29.9044 0.345188 0 0 0 0.135344 13 5365 1 0 1 
3.58385 12.8401 0.310175 0 0 0 0.1422 13 5366 1 0 1 
6.91236 -10.6065 0.335755 0 0 0 0.137727 13 5367 1 0 1 
22.3549 7.11206 0.32642 0 0 0 0.139177 13 5368 1 0 1 
0.58973 -15.0458 0.294133 0 0 0 0.145693 13 5369 1 0 1 
-29.3239 8.2596 0.329201 0 0 0 0.136239 13 5370 1 0 1 
2.71849 -1.11703 0.340439 0 0 0 0.136292 13 5371 1 0 1 
-5.95687 -17.8188 0.332783 0 0 0 0.13775 13 5372 1 0 1 
-1.02157 7.38004 0.314638 0 0 0 0.142284 13 5373 1 0 1 
28.5013 -0.341696 0.319458 0 0 0 0.141304 13 5374 1 0 1 
-19.0436 22.292 0.322851 0 0 0 0.13838 13 5375 1 0 1 
-4.14209 3.31069 0.300862 0 0 0 0.143704 13 5376 1 0 1 
-10.0408 5.44889 0.343758 0 0 0 0.136096 13 5377 1 0 1 
7.82147 -16.9398 0.272012 0 0 0 0.15137 13 5378 1 0 1 
-20.0275 22.952 0.327022 0 0 0 0.139587 13 5379 1 0 1 
-1.00289 5.73635 0.332772 0 0 0 0.137328 13 5380 1 0 1 
0.666602 17.166 0.354019 0 0 0 0.133301 13 5381 1 0 1 
-13.5991 -0.629166 0.335362 0 0 0 0.137794 13 5382 1 0 1 
-5.00723 -29.3536 0.312594 0 0 0 0.141468 13 5383 1 0 1 
23.2175 -35.1431 0.309543 0 0 0 0.142555 13 5384 1 0 1 
0.523334 -4.94834 0.316554 0 0 0 0.14066 13 5385 1 0 1 
9.59862 11.6619 0.341449 0 0 0 0.135521 13 5386 1 0 1 
-0.457849 -22.4701 0.344373 0 0 0 0.13553 13 5387 1 0 1 
10.0991 25.1731 0.331098 0 0 0 0.140205 13 5388 1 0 1 
10.4182 -6.57739 0.339482 0 0 0 0.137192 13 5389 1 0 1 
8.15377 -6.97352 0.300778 0 0 0 0.14372 13 5390 1 0 1 
25.102 2.73779 0.3411 0 0 0 0.136439 13 5391 1 0 1 
13.3457 -1.21491 0.354092 0 0 0 0.13485 13 5392 1 0 1 
6.57537 -5.47848 0.399961 0 0 0 0.128652 13 5393 1 0 1 
1.82793 -2.64553 0.390686 0 0 0 0.129661 13 5394 1 0 1 
-5.31024 14.2339 0.325862 0 0 0 0.138994 13 5395 1 0 1 
-0.816041 9.48855 0.307106 0 0 0 0.142624 13 5396 1 0 1 
-11.4703 28.4751 0.309446 0 0 0 0.142325 13 5397 1 0 1 
-15.4113 -17.4234 0.318637 0 0 0 0.140073 13 5398 1 0 1 
-2.65786 -12.0588 0.315665 0 0 0 0.14074 13 5399 1 0 1 
-32.7305 -0.000591918 0.314243 0 0 0 0.141689 13 5400 1 0 1 
23.2112 -9.35444 0.304647 0 0 0 0.141142 13 5401 1 0 1 
7.04763 -31.8494 0.342623 0 0 0 0.136879 13 5402 1 0 1 
-2.73818 -13.2965 0.330782 0 0 0 0.140149 13 5403 1 0 1 
-0.00757383 6.13139 0.334407 0 0 0 0.137414 13 5404 1 0 1 
4.78099 -11.0868 0.306123 0 0 0 0.144707 13 5405 1 0 1 
4.47189 3.03464 0.311505 0 0 0 0.142292 13 5406 1 0 1 
6.22117 1.15609 0.29618 0 0 0 0.145035 13 5407 1 0 1 
8.2477 -2.99002 0.332434 0 0 0 0.137384 13 5408 1 0 1 
14.6967 -19.5806 0.34618 0 0 0 0.134634 13 5409 1 0 1 
-6.39013 8.59105 0.318158 0 0 0 0.14225 13 5410 1 0 1 
12.0452 -0.70551 0.2989 0 0 0 0.145398 13 5411 1 0 1 
2.21806 17.7031 0.375814 0 0 0 0.12993 13 5412 1 0 1 
10.5896 20.2231 0.322661 0 0 0 0.137495 13 5413 1 0 1 
-3.10314 -20.6667 0.31921 0 0 0 0.140981 13 5414 1 0 1 
14.8738 -17.4248 0.311313 0 0 0 0.140512 13 5415 1 0 1 
-3.54544 -1.19903 0.281444 0 0 0 0.147693 13 5416 1 0 1 
16.0303 23.1752 0.306848 0 0 0 0.144495 13 5417 1 0 1 
5.9214 -28.1658 0.3439 0 0 0 0.135416 13 5418 1 0 1 
-7.45778 17.0778 0.353042 0 0 0 0.131708 13 5419 1 0 1 
5.62348 2.69393 0.306012 0 0 0 0.143437 13 5420 1 0 1 
-5.10666 -6.21892 0.284125 0 0 0 0.147249 13 5421 1 0 1 
18.352 -1.04652 0.288175 0 0 0 0.146682 13 5422 1 0 1 
-9.98482 32.4874 0.320143 0 0 0 0.140461 13 5423 1 0 1 
4.73203 14.0904 0.327851 0 0 0 0.138022 13 5424 1 0 1 
-7.19248 -11.632 0.376446 0 0 0 0.130757 13 5425 1 0 1 
15.7641 -2.36633 0.295768 0 0 0 0.145708 13 5426 1 0 1 
-16.7313 25.6451 0.329828 0 0 0 0.13535 13 5427 1 0 1 
-23.7995 -6.34239 0.312538 0 0 0 0.141647 13 5428 1 0 1 
-0.421536 -14.1944 0.335934 0 0 0 0.139588 13 5429 1 0 1 
17.3512 -11.9571 0.32028 0 0 0 0.140044 13 5430 1 0 1 
-20.7804 6.97928 0.328405 0 0 0 0.140095 13 5431 1 0 1 
-2.80492 -0.211511 0.338046 0 0 0 0.136345 13 5432 1 0 1 
-2.87296 10.1151 0.310264 0 0 0 0.142266 13 5433 1 0 1 
-32.1011 14.1113 0.355844 0 0 0 0.134327 13 5434 1 0 1 
-17.8703 1.32847 0.336493 0 0 0 0.135331 13 5435 1 0 1 
13.9011 -5.21235 0.319922 0 0 0 0.14202 13 5436 1 0 1 
7.47404 -4.44978 0.317202 0 0 0 0.141217 13 5437 1 0 1 
-10.0587 -5.48426 0.306632 0 0 0 0.142748 13 5438 1 0 1 
15.6391 9.11805 0.318923 0 0 0 0.138812 13 5439 1 0 1 
15.0433 -21.1615 0.301038 0 0 0 0.145382 13 5440 1 0 1 
-2.02965 -3.91995 0.309025 0 0 0 0.143761 13 5441 1 0 1 
-19.4105 -13.6419 0.321595 0 0 0 0.137608 13 5442 1 0 1 
4.18728 8.29048 0.338788 0 0 0 0.136475 13 5443 1 0 1 
8.02896 -23.202 0.280467 0 0 0 0.147692 13 5444 1 0 1 
15.8316 0.639876 0.36294 0 0 0 0.131557 13 5445 1 0 1 
10.6989 10.6543 0.313398 0 0 0 0.139318 13 5446 1 0 1 
4.9655 10.5231 0.325555 0 0 0 0.138527 13 5447 1 0 1 
4.33943 -19.0387 0.276564 0 0 0 0.149873 13 5448 1 0 1 
-14.9395 22.3564 0.345387 0 0 0 0.134636 13 5449 1 0 1 
-6.08723 -6.03166 0.363785 0 0 0 0.13159 13 5450 1 0 1 
-28.3349 -11.8267 0.389884 0 0 0 0.128868 13 5451 1 0 1 
9.47268 7.61122 0.294477 0 0 0 0.146505 13 5452 1 0 1 
1.42997 -3.76694 0.342028 0 0 0 0.135502 13 5453 1 0 1 
-11.0456 -14.3751 0.299792 0 0 0 0.145146 13 5454 1 0 1 
8.71617 8.60738 0.352214 0 0 0 0.135896 13 5455 1 0 1 
9.15397 -0.848557 0.331244 0 0 0 0.137554 13 5456 1 0 1 
6.27651 9.68092 0.345919 0 0 0 0.135995 13 5457 1 0 1 
1.37957 5.0419 0.281437 0 0 0 0.143683 13 5458 1 0 1 
23.6785 -12.4741 0.337456 0 0 0 0.13539 13 5459 1 0 1 
2.67806 19.1018 0.335548 0 0 0 0.134724 13 5460 1 0 1 
6.86531 10.9168 0.33716 0 0 0 0.139261 13 5461 1 0 1 
-3.81935 25.7691 0.277868 0 0 0 0.149256 13 5462 1 0 1 
9.37782 1.57991 0.332249 0 0 0 0.136739 13 5463 1 0 1 
9.91733 -10.7248 0.2685 0 0 0 0.151079 13 5464 1 0 1 
-2.63858 43.4839 0.328005 0 0 0 0.139978 13 5465 1 0 1 
-5.25102 -16.4075 0.315105 0 0 0 0.140907 13 5466 1 0 1 
1.99969 -18.9379 0.350638 0 0 0 0.134577 13 5467 1 0 1 
-17.9967 8.00513 0.357478 0 0 0 0.133164 13 5468 1 0 1 
3.74646 5.61977 0.270437 0 0 0 0.1521 13 5469 1 0 1 
26.9989 4.70177 0.287796 0 0 0 0.146735 13 5470 1 0 1 
-1.15477 5.7411 0.309907 0 0 0 0.142669 13 5471 1 0 1 
-20.1067 3.32651 0.314256 0 0 0 0.141902 13 5472 1 0 1 
-20.5092 -9.65457 0.336532 0 0 0 0.137672 13 5473 1 0 1 
18.3275 4.65024 0.327335 0 0 0 0.139612 13 5474 1 0 1 
-13.3244 3.88816 0.336868 0 0 0 0.137295 13 5475 1 0 1 
14.5862 -10.5869 0.303718 0 0 0 0.142739 13 5476 1 0 1 
-39.8114 22.7049 0.356099 0 0 0 0.133216 13 5477 1 0 1 
23.061 -15.9217 0.32573 0 0 0 0.140124 13 5478 1 0 1 
6.67751 -12.7287 0.261364 0 0 0 0.152815 13 5479 1 0 1 
-11.9512 -4.1414 0.329798 0 0 0 0.140897 13 5480 1 0 1 
11.5623 5.25131 0.327323 0 0 0 0.137693 13 5481 1 0 1 
9.46695 -6.64018 0.31095 0 0 0 0.135867 13 5482 1 0 1 
6.00853 -9.31524 0.322359 0 0 0 0.139742 13 5483 1 0 1 
5.35189 10.7929 0.362011 0 0 0 0.132644 13 5484 1 0 1 
21.6835 9.67884 0.287949 0 0 0 0.146803 13 5485 1 0 1 
-1.70175 6.19498 0.328886 0 0 0 0.139974 13 5486 1 0 1 
-12.1396 -9.71447 0.324236 0 0 0 0.140506 13 5487 1 0 1 
-29.7123 14.8764 0.325331 0 0 0 0.139248 13 5488 1 0 1 
16.4612 4.92325 0.335711 0 0 0 0.138388 13 5489 1 0 1 
-0.618238 -11.4619 0.31392 0 0 0 0.141571 13 5490 1 0 1 
29.9104 26.9373 0.30984 0 0 0 0.143224 13 5491 1 0 1 
-20.7435 -9.94883 0.31615 0 0 0 0.141877 13 5492 1 0 1 
-19.9204 7.1015 0.362281 0 0 0 0.132456 13 5493 1 0 1 
-0.116801 -6.32911 0.197662 0 0 0 0.145427 13 5494 1 0 1 
-25.412 3.68634 0.322787 0 0 0 0.141211 13 5495 1 0 1 
9.38467 13.5641 0.379298 0 0 0 0.131462 13 5496 1 0 1 
23.0889 -0.699972 0.36362 0 0 0 0.131919 13 5497 1 0 1 
-16.2849 9.94566 0.315267 0 0 0 0.141098 13 5498 1 0 1 
-4.51037 6.52981 0.354689 0 0 0 0.133621 13 5499 1 0 1 
22.3086 16.1339 0.331462 0 0 0 0.137974 13 5500 1 0 1 
-1.1337 -15.7284 0.303173 0 0 0 0.143064 13 5501 1 0 1 
-2.00683 36.2323 0.319992 0 0 0 0.141725 13 5502 1 0 1 
-7.57521 -19.3897 0.351141 0 0 0 0.134638 13 5503 1 0 1 
6.78277 6.00014 0.273975 0 0 0 0.149563 13 5504 1 0 1 
21.9902 -9.63472 0.35322 0 0 0 0.13256 13 5505 1 0 1 
-20.0545 2.58523 0.31886 0 0 0 0.141822 13 5506 1 0 1 
4.92831 8.11905 0.342391 0 0 0 0.136918 13 5507 1 0 1 
15.0163 -18.3844 0.351615 0 0 0 0.135558 13 5508 1 0 1 
2.96928 -4.39182 0.316091 0 0 0 0.14083 13 5509 1 0 1 
-7.60212 46.2283 0.342135 0 0 0 0.137822 13 5510 1 0 1 
-8.85687 -5.25463 0.33249 0 0 0 0.136055 13 5511 1 0 1 
2.95474 -15.5512 0.323321 0 0 0 0.142096 13 5512 1 0 1 
-14.1333 12.091 0.338721 0 0 0 0.136251 13 5513 1 0 1 
-14.6648 -19.0071 0.338581 0 0 0 0.135725 13 5514 1 0 1 
-25.5702 -12.9098 0.33601 0 0 0 0.13679 13 5515 1 0 1 
-7.77733 1.01189 0.268525 0 0 0 0.150645 13 5516 1 0 1 
10.9068 -12.6918 0.298833 0 0 0 0.144814 13 5517 1 0 1 
13.6994 -25.074 0.340031 0 0 0 0.136303 13 5518 1 0 1 
18.5977 -17.5939 0.342274 0 0 0 0.134551 13 5519 1 0 1 
2.66155 -9.8825 0.289163 0 0 0 0.14725 13 5520 1 0 1 
2.64618 -8.03741 0.337095 0 0 0 0.134286 13 5521 1 0 1 
-10.6785 4.38189 0.38381 0 0 0 0.13038 13 5522 1 0 1 
-14.9867 2.54899 0.269873 0 0 0 0.151908 13 5523 1 0 1 
1.22607 7.7009 0.320245 0 0 0 0.140721 13 5524 1 0 1 
-6.36709 13.6952 0.315634 0 0 0 0.141886 13 5525 1 0 1 
-5.37016 -12.8904 0.303358 0 0 0 0.14332 13 5526 1 0 1 
3.81161 28.2886 0.316797 0 0 0 0.140625 13 5527 1 0 1 
-17.71 14.5784 0.337937 0 0 0 0.136507 13 5528 1 0 1 
-22.8757 -12.401 0.339828 0 0 0 0.136479 13 5529 1 0 1 
-3.31747 -16.9856 0.327715 0 0 0 0.140723 13 5530 1 0 1 
-7.31439 10.3618 0.316224 0 0 0 0.141396 13 5531 1 0 1 
14.6908 -2.71395 0.296783 0 0 0 0.145458 13 5532 1 0 1 
-25.6555 0.779546 0.353532 0 0 0 0.134854 13 5533 1 0 1 
-34.0725 -4.88931 0.342322 0 0 0 0.133543 13 5534 1 0 1 
0.220671 -7.42283 0.347234 0 0 0 0.136095 13 5535 1 0 1 
3.4231 10.4429 0.303203 0 0 0 0.145037 13 5536 1 0 1 
8.48926 6.35186 0.307968 0 0 0 0.142851 13 5537 1 0 1 
-41.5625 26.0798 0.321423 0 0 0 0.140108 13 5538 1 0 1 
-1.32208 -33.9804 0.344297 0 0 0 0.136926 13 5539 1 0 1 
-6.75958 -3.22439 0.365252 0 0 0 0.131223 13 5540 1 0 1 
-18.2336 -16.8916 0.341259 0 0 0 0.133075 13 5541 1 0 1 
-21.6062 -26.2989 0.329174 0 0 0 0.138694 13 5542 1 0 1 
-9.89165 18.5923 0.307561 0 0 0 0.144438 13 5543 1 0 1 
8.3615 17.9104 0.29734 0 0 0 0.144548 13 5544 1 0 1 
-4.38412 -7.12961 0.323631 0 0 0 0.141577 13 5545 1 0 1 
-11.9243 6.18551 0.32697 0 0 0 0.138845 13 5546 1 0 1 
-6.38619 15.7428 0.339564 0 0 0 0.136026 13 5547 1 0 1 
-13.5304 2.46043 0.35498 0 0 0 0.135485 13 5548 1 0 1 
2.28604 -25.7186 0.347885 0 0 0 0.135225 13 5549 1 0 1 
25.2866 10.122 0.357755 0 0 0 0.132514 13 5550 1 0 1 
6.07775 -6.30929 0.302367 0 0 0 0.143662 13 5551 1 0 1 
-9.83334 -10.8393 0.344822 0 0 0 0.136274 13 5552 1 0 1 
3.25171 1.43806 0.300567 0 0 0 0.144672 13 5553 1 0 1 
-0.0687427 -8.39095 0.327942 0 0 0 0.138523 13 5554 1 0 1 
23.242 17.3284 0.361479 0 0 0 0.132562 13 5555 1 0 1 
17.0923 15.9567 0.330063 0 0 0 0.138146 13 5556 1 0 1 
-2.64526 -13.1206 0.311483 0 0 0 0.143285 13 5557 1 0 1 
-0.426649 9.24849 0.255018 0 0 0 0.154713 13 5558 1 0 1 
6.92667 22.6501 0.33846 0 0 0 0.136701 13 5559 1 0 1 
-13.2234 -20.9337 0.327857 0 0 0 0.138245 13 5560 1 0 1 
19.7069 12.3807 0.32961 0 0 0 0.139112 13 5561 1 0 1 
-4.29998 18.1685 0.298647 0 0 0 0.142462 13 5562 1 0 1 
-31.001 1.9207 0.297252 0 0 0 0.143843 13 5563 1 0 1 
7.69231 -14.5147 0.297689 0 0 0 0.14485 13 5564 1 0 1 
-6.04469 10.0518 0.302105 0 0 0 0.143676 13 5565 1 0 1 
-17.8047 16.1362 0.343359 0 0 0 0.135932 13 5566 1 0 1 
-21.5088 33.9231 0.326825 0 0 0 0.139166 13 5567 1 0 1 
18.2421 -22.3492 0.319218 0 0 0 0.140687 13 5568 1 0 1 
-3.80748 12.8208 0.352248 0 0 0 0.134075 13 5569 1 0 1 
3.05474 13.3036 0.33073 0 0 0 0.138202 13 5570 1 0 1 
-17.5535 44.971 0.381844 0 0 0 0.129992 13 5571 1 0 1 
-4.67075 3.50544 0.32454 0 0 0 0.139109 13 5572 1 0 1 
-3.97886 -0.365146 0.377828 0 0 0 0.131078 13 5573 1 0 1 
-16.4135 -2.46532 0.272281 0 0 0 0.150658 13 5574 1 0 1 
5.35131 7.48885 0.308347 0 0 0 0.142449 13 5575 1 0 1 
-6.82713 -17.5013 0.335111 0 0 0 0.13701 13 5576 1 0 1 
10.463 -13.8929 0.349038 0 0 0 0.136026 13 5577 1 0 1 
-9.04774 -3.7506 0.313512 0 0 0 0.141305 13 5578 1 0 1 
-7.48178 -6.60943 0.346765 0 0 0 0.135112 13 5579 1 0 1 
-0.646273 -1.13523 0.3127 0 0 0 0.141094 13 5580 1 0 1 
10.542 -9.29532 0.30988 0 0 0 0.142911 13 5581 1 0 1 
-26.7192 -4.92466 0.356665 0 0 0 0.132235 13 5582 1 0 1 
17.8512 -14.4708 0.325103 0 0 0 0.138955 13 5583 1 0 1 
8.4308 3.37326 0.304248 0 0 0 0.14484 13 5584 1 0 1 
-17.7345 -6.60684 0.317288 0 0 0 0.142478 13 5585 1 0 1 
14.4555 -8.60926 0.361468 0 0 0 0.133143 13 5586 1 0 1 
-13.1426 14.5918 0.323203 0 0 0 0.13482 13 5587 1 0 1 
13.3845 -3.57816 0.323514 0 0 0 0.139141 13 5588 1 0 1 
7.13048 -3.78819 0.292983 0 0 0 0.14688 13 5589 1 0 1 
-26.5718 3.91647 0.278696 0 0 0 0.149282 13 5590 1 0 1 
34.6282 -16.2494 0.323302 0 0 0 0.139332 13 5591 1 0 1 
17.4309 -9.36158 0.347037 0 0 0 0.136722 13 5592 1 0 1 
2.76039 20.7336 0.370945 0 0 0 0.131806 13 5593 1 0 1 
22.4391 -5.35682 0.328883 0 0 0 0.139754 13 5594 1 0 1 
-7.9235 -29.2558 0.368545 0 0 0 0.133029 13 5595 1 0 1 
-1.82282 -0.872377 0.32048 0 0 0 0.14103 13 5596 1 0 1 
6.41886 20.0622 0.345146 0 0 0 0.134369 13 5597 1 0 1 
-5.01299 4.76838 0.344292 0 0 0 0.136022 13 5598 1 0 1 
26.3119 -21.7297 0.302177 0 0 0 0.143741 13 5599 1 0 1 
1.85487 24.2183 0.298458 0 0 0 0.144397 13 5600 1 0 1 
5.10343 -0.251894 0.335969 0 0 0 0.138249 13 5601 1 0 1 
-20.1424 -20.5514 0.315146 0 0 0 0.142882 13 5602 1 0 1 
10.8815 4.55745 0.336874 0 0 0 0.136247 13 5603 1 0 1 
6.43185 -15.0266 0.331233 0 0 0 0.138508 13 5604 1 0 1 
7.9634 29.4981 0.364435 0 0 0 0.133429 13 5605 1 0 1 
-1.98842 7.68252 0.354432 0 0 0 0.134746 13 5606 1 0 1 
22.8845 -15.624 0.267691 0 0 0 0.152256 13 5607 1 0 1 
-5.13252 2.86219 0.335761 0 0 0 0.136893 13 5608 1 0 1 
-1.23909 -27.8052 0.366124 0 0 0 0.13296 13 5609 1 0 1 
-8.94131 14.3732 0.333977 0 0 0 0.138017 13 5610 1 0 1 
-21.5177 -0.162509 0.34049 0 0 0 0.137216 13 5611 1 0 1 
-18.8023 -0.435333 0.32392 0 0 0 0.139461 13 5612 1 0 1 
-3.50967 1.15312 0.288122 0 0 0 0.146887 13 5613 1 0 1 
15.169 7.23904 0.285605 0 0 0 0.146186 13 5614 1 0 1 
-13.1378 -3.18898 0.34931 0 0 0 0.133032 13 5615 1 0 1 
33.0289 46.4008 0.33437 0 0 0 0.139381 13 5616 1 0 1 
-7.72149 7.10548 0.321436 0 0 0 0.136773 13 5617 1 0 1 
-1.72736 13.984 0.308304 0 0 0 0.142211 13 5618 1 0 1 
-7.43543 -3.39431 0.241753 0 0 0 0.152914 13 5619 1 0 1 
31.2015 14.807 0.283559 0 0 0 0.14827 13 5620 1 0 1 
-4.80495 1.86522 0.33032 0 0 0 0.139683 13 5621 1 0 1 
-15.7977 2.17144 0.333907 0 0 0 0.139722 13 5622 1 0 1 
-21.2707 -10.1523 0.315401 0 0 0 0.141095 13 5623 1 0 1 
-1.97178 -35.6579 0.34407 0 0 0 0.135133 13 5624 1 0 1 
-8.19264 11.294 0.347018 0 0 0 0.136912 13 5625 1 0 1 
2.90356 20.3861 0.311134 0 0 0 0.14272 13 5626 1 0 1 
9.24265 16.8385 0.328223 0 0 0 0.138165 13 5627 1 0 1 
-1.02848 -2.25617 0.319602 0 0 0 0.14206 13 5628 1 0 1 
-8.11502 -9.29565 0.304692 0 0 0 0.144051 13 5629 1 0 1 
-9.08036 -9.43364 0.308258 0 0 0 0.14202 13 5630 1 0 1 
-10.3648 -8.29464 0.354283 0 0 0 0.133072 13 5631 1 0 1 
10.9614 4.29459 0.326529 0 0 0 0.138087 13 5632 1 0 1 
-15.6676 11.4872 0.312515 0 0 0 0.141964 13 5633 1 0 1 
3.23761 8.09404 0.320357 0 0 0 0.142569 13 5634 1 0 1 
13.9104 31.3041 0.370366 0 0 0 0.1306 13 5635 1 0 1 
9.67556 -3.52782 0.331102 0 0 0 0.138592 13 5636 1 0 1 
7.58059 -8.80226 0.321795 0 0 0 0.141128 13 5637 1 0 1 
-10.382 -3.78049 0.34382 0 0 0 0.133804 13 5638 1 0 1 
13.0723 16.9884 0.3321 0 0 0 0.137806 13 5639 1 0 1 
-4.5367 -18.9383 0.334699 0 0 0 0.138465 13 5640 1 0 1 
0.279554 8.68539 0.294031 0 0 0 0.13754 13 5641 1 0 1 
1.81997 -13.5665 0.264395 0 0 0 0.148158 13 5642 1 0 1 
-2.6473 8.18561 0.336953 0 0 0 0.137461 13 5643 1 0 1 
6.05819 -18.5773 0.309296 0 0 0 0.141587 13 5644 1 0 1 
-9.48011 20.1656 0.350347 0 0 0 0.135322 13 5645 1 0 1 
-40.364 2.29028 0.335174 0 0 0 0.1388 13 5646 1 0 1 
1.24062 -13.6183 0.305889 0 0 0 0.141882 13 5647 1 0 1 
-11.5681 3.05035 0.318798 0 0 0 0.141314 13 5648 1 0 1 
-3.56781 22.7635 0.322428 0 0 0 0.139226 13 5649 1 0 1 
-1.69868 -1.29984 0.277531 0 0 0 0.14965 13 5650 1 0 1 
-5.37855 -7.74051 0.337204 0 0 0 0.13752 13 5651 1 0 1 
3.13454 -10.4589 0.385441 0 0 0 0.129362 13 5652 1 0 1 
15.6777 9.61602 0.32886 0 0 0 0.138719 13 5653 1 0 1 
-2.40143 52.7996 0.338584 0 0 0 0.135402 13 5654 1 0 1 
15.3545 6.96849 0.362394 0 0 0 0.131478 13 5655 1 0 1 
1.13858 -15.6756 0.297497 0 0 0 0.13961 13 5656 1 0 1 
-15.4459 -5.87646 0.338151 0 0 0 0.137672 13 5657 1 0 1 
23.3814 -4.92814 0.320224 0 0 0 0.138764 13 5658 1 0 1 
-7.50452 -18.234 0.330982 0 0 0 0.138749 13 5659 1 0 1 
-13.3058 7.1126 0.299048 0 0 0 0.14372 13 5660 1 0 1 
-8.28575 -3.89606 0.330965 0 0 0 0.138366 13 5661 1 0 1 
-0.831572 -13.7267 0.36134 0 0 0 0.132796 13 5662 1 0 1 
13.8745 -13.5124 0.354376 0 0 0 0.134546 13 5663 1 0 1 
-14.5732 -13.6442 0.344165 0 0 0 0.137399 13 5664 1 0 1 
-22.783 -8.58157 0.297706 0 0 0 0.140752 13 5665 1 0 1 
-15.5401 -36.2954 0.310946 0 0 0 0.142602 13 5666 1 0 1 
-15.9677 -5.60787 0.340183 0 0 0 0.136119 13 5667 1 0 1 
-1.86711 20.3599 0.34276 0 0 0 0.135065 13 5668 1 0 1 
11.1413 16.303 0.333742 0 0 0 0.137706 13 5669 1 0 1 
-4.17651 0.235797 0.302172 0 0 0 0.14428 13 5670 1 0 1 
-6.28175 4.67025 0.270847 0 0 0 0.150553 13 5671 1 0 1 
-19.6757 -2.72233 0.330685 0 0 0 0.136349 13 5672 1 0 1 
15.202 -25.0257 0.32891 0 0 0 0.140683 13 5673 1 0 1 
7.97432 -12.0516 0.30532 0 0 0 0.139506 13 5674 1 0 1 
4.37693 -17.9684 0.336362 0 0 0 0.133907 13 5675 1 0 1 
-26.8724 6.69948 0.33202 0 0 0 0.138387 13 5676 1 0 1 
-30.972 -3.78511 0.291526 0 0 0 0.141602 13 5677 1 0 1 
22.0767 4.4678 0.346779 0 0 0 0.134499 13 5678 1 0 1 
17.6228 -1.04715 0.340387 0 0 0 0.137225 13 5679 1 0 1 
11.4417 4.90396 0.308186 0 0 0 0.143523 13 5680 1 0 1 
-13.2698 -23.4559 0.298901 0 0 0 0.14553 13 5681 1 0 1 
5.97268 -29.2947 0.321183 0 0 0 0.140439 13 5682 1 0 1 
13.4552 -5.5403 0.312906 0 0 0 0.142774 13 5683 1 0 1 
2.86456 13.9896 0.339043 0 0 0 0.136577 13 5684 1 0 1 
-19.9107 -6.86736 0.329758 0 0 0 0.137686 13 5685 1 0 1 
-6.75323 4.83224 0.318872 0 0 0 0.140437 13 5686 1 0 1 
3.96045 6.28345 0.293486 0 0 0 0.1442 13 5687 1 0 1 
-17.9968 -10.5445 0.301062 0 0 0 0.14352 13 5688 1 0 1 
3.57921 -13.7372 0.335044 0 0 0 0.136873 13 5689 1 0 1 
-20.9605 -1.40378 0.329402 0 0 0 0.138052 13 5690 1 0 1 
-21.8377 -27.8415 0.331959 0 0 0 0.138066 13 5691 1 0 1 
-25.8712 42.5753 0.318862 0 0 0 0.142517 13 5692 1 0 1 
-14.9523 4.57131 0.321904 0 0 0 0.140253 13 5693 1 0 1 
-8.66148 7.18305 0.343968 0 0 0 0.132921 13 5694 1 0 1 
-8.75716 -8.34919 0.323729 0 0 0 0.140782 13 5695 1 0 1 
6.36779 -24.8264 0.29455 0 0 0 0.145163 13 5696 1 0 1 
-17.068 2.61278 0.333106 0 0 0 0.137637 13 5697 1 0 1 
12.7443 -15.2497 0.293368 0 0 0 0.145424 13 5698 1 0 1 
-47.5028 -16.4804 0.336935 0 0 0 0.138212 13 5699 1 0 1 
-12.8624 -17.0979 0.305614 0 0 0 0.143374 13 5700 1 0 1 
2.09449 12.7242 0.283478 0 0 0 0.148154 13 5701 1 0 1 
-6.37083 -3.21686 0.344211 0 0 0 0.135588 13 5702 1 0 1 
-1.48623 14.8083 0.347655 0 0 0 0.135681 13 5703 1 0 1 
21.8649 -22.4179 0.346894 0 0 0 0.136082 13 5704 1 0 1 
-3.12566 -7.90463 0.341663 0 0 0 0.138504 13 5705 1 0 1 
-2.62102 -1.76871 0.308186 0 0 0 0.140893 13 5706 1 0 1 
20.0893 -30.7273 0.32137 0 0 0 0.140709 13 5707 1 0 1 
14.1144 -13.5014 0.344135 0 0 0 0.137442 13 5708 1 0 1 
-19.2863 -0.728438 0.345086 0 0 0 0.136712 13 5709 1 0 1 
1.09729 5.3311 0.330614 0 0 0 0.138895 13 5710 1 0 1 
29.9642 -21.9297 0.305921 0 0 0 0.14282 13 5711 1 0 1 
-13.0946 2.09663 0.353076 0 0 0 0.137311 13 5712 1 0 1 
-23.6576 26.5383 0.299432 0 0 0 0.14552 13 5713 1 0 1 
16.5163 21.2595 0.357575 0 0 0 0.134671 13 5714 1 0 1 
16.6053 5.81074 0.308719 0 0 0 0.143278 13 5715 1 0 1 
0.461987 -5.22189 0.29944 0 0 0 0.145308 13 5716 1 0 1 
-29.5194 -1.75123 0.304987 0 0 0 0.142973 13 5717 1 0 1 
-9.3635 -10.3069 0.317989 0 0 0 0.141096 13 5718 1 0 1 
21.5299 -3.11039 0.284819 0 0 0 0.147398 13 5719 1 0 1 
2.09607 -0.715525 0.333938 0 0 0 0.138575 13 5720 1 0 1 
12.9073 -12.3722 0.35326 0 0 0 0.134182 13 5721 1 0 1 
-19.6855 21.2502 0.334058 0 0 0 0.138205 13 5722 1 0 1 
13.978 -22.2234 0.325332 0 0 0 0.139281 13 5723 1 0 1 
-19.7245 -1.33773 0.350468 0 0 0 0.13417 13 5724 1 0 1 
5.39058 9.60305 0.316793 0 0 0 0.142243 13 5725 1 0 1 
-1.58874 -5.35798 0.323452 0 0 0 0.138391 13 5726 1 0 1 
-4.71515 1.5362 0.303665 0 0 0 0.143903 13 5727 1 0 1 
2.07948 -1.54347 0.307372 0 0 0 0.143024 13 5728 1 0 1 
-0.674352 -42.3579 0.353617 0 0 0 0.13625 13 5729 1 0 1 
30.1473 -2.74825 0.315037 0 0 0 0.140542 13 5730 1 0 1 
20.7871 -1.52288 0.333291 0 0 0 0.13727 13 5731 1 0 1 
-20.9017 -3.64502 0.327586 0 0 0 0.138984 13 5732 1 0 1 
-23.4675 -7.29364 0.313299 0 0 0 0.141909 13 5733 1 0 1 
-5.56324 -11.416 0.342236 0 0 0 0.136178 13 5734 1 0 1 
10.6631 -19.2507 0.293102 0 0 0 0.145357 13 5735 1 0 1 
17.7203 -8.54929 0.320173 0 0 0 0.138766 13 5736 1 0 1 
25.0743 24.575 0.324525 0 0 0 0.141047 13 5737 1 0 1 
-4.69876 6.37633 0.345171 0 0 0 0.134377 13 5738 1 0 1 
-18.4334 1.15228 0.29912 0 0 0 0.144673 13 5739 1 0 1 
-12.2728 -7.36556 0.335163 0 0 0 0.136643 13 5740 1 0 1 
38.6576 8.11776 0.324926 0 0 0 0.139997 13 5741 1 0 1 
22.4499 -3.97374 0.340857 0 0 0 0.136213 13 5742 1 0 1 
3.50674 4.8881 0.339683 0 0 0 0.135891 13 5743 1 0 1 
-14.953 -8.39525 0.333436 0 0 0 0.138367 13 5744 1 0 1 
13.399 10.4047 0.316306 0 0 0 0.140506 13 5745 1 0 1 
-13.5531 8.78962 0.264706 0 0 0 0.154343 13 5746 1 0 1 
0.541615 -3.33672 0.327508 0 0 0 0.137573 13 5747 1 0 1 
2.62091 -3.23672 0.329761 0 0 0 0.137117 13 5748 1 0 1 
3.91469 8.92894 0.308947 0 0 0 0.144493 13 5749 1 0 1 
-12.4616 -15.6205 0.346675 0 0 0 0.13514 13 5750 1 0 1 
4.61758 -10.8362 0.321525 0 0 0 0.140687 13 5751 1 0 1 
-15.8938 -12.1586 0.262207 0 0 0 0.153939 13 5752 1 0 1 
-7.59167 12.7023 0.272618 0 0 0 0.151348 13 5753 1 0 1 
-7.86316 23.5439 0.313015 0 0 0 0.142411 13 5754 1 0 1 
-3.55491 19.7399 0.345931 0 0 0 0.134035 13 5755 1 0 1 
14.7707 -18.0682 0.316347 0 0 0 0.140174 13 5756 1 0 1 
-10.4253 4.36733 0.327707 0 0 0 0.13918 13 5757 1 0 1 
2.66442 -15.5193 0.304197 0 0 0 0.142659 13 5758 1 0 1 
1.3502 0.484843 0.393839 0 0 0 0.129995 13 5759 1 0 1 
-5.1974 11.0601 0.340489 0 0 0 0.136637 13 5760 1 0 1 
1.48203 0.521008 0.332948 0 0 0 0.137916 13 5761 1 0 1 
11.3085 -2.13662 0.299769 0 0 0 0.143895 13 5762 1 0 1 
3.00811 19.8246 0.358754 0 0 0 0.13413 13 5763 1 0 1 
-3.34031 28.5048 0.3323 0 0 0 0.139023 13 5764 1 0 1 
-12.9657 -17.2625 0.326416 0 0 0 0.139524 13 5765 1 0 1 
-0.289176 6.3283 0.325858 0 0 0 0.139053 13 5766 1 0 1 
-8.36219 -14.9271 0.320503 0 0 0 0.141963 13 5767 1 0 1 
2.18235 1.28795 0.327793 0 0 0 0.13905 13 5768 1 0 1 
-15.7944 -3.07449 0.283258 0 0 0 0.148667 13 5769 1 0 1 
27.0244 26.7325 0.330433 0 0 0 0.13901 13 5770 1 0 1 
-5.46723 -22.1831 0.298601 0 0 0 0.144868 13 5771 1 0 1 
15.4962 7.31611 0.324721 0 0 0 0.140187 13 5772 1 0 1 
-31.3172 9.40773 0.322198 0 0 0 0.141131 13 5773 1 0 1 
-13.0232 -0.537222 0.319295 0 0 0 0.139322 13 5774 1 0 1 
7.15177 -2.6526 0.299803 0 0 0 0.144335 13 5775 1 0 1 
23.6427 2.42145 0.326788 0 0 0 0.139052 13 5776 1 0 1 
2.70878 5.00384 0.306059 0 0 0 0.141966 13 5777 1 0 1 
-8.86737 22.9426 0.324946 0 0 0 0.142026 13 5778 1 0 1 
-3.12946 -45.0616 0.326219 0 0 0 0.141352 13 5779 1 0 1 
4.66564 -25.5361 0.344666 0 0 0 0.136981 13 5780 1 0 1 
-28.3277 -8.46241 0.304555 0 0 0 0.143845 13 5781 1 0 1 
21.1058 13.3983 0.350085 0 0 0 0.135463 13 5782 1 0 1 
9.30132 -11.9495 0.334127 0 0 0 0.139171 13 5783 1 0 1 
-1.54662 -18.6519 0.295359 0 0 0 0.144166 13 5784 1 0 1 
0.195094 7.91153 0.340399 0 0 0 0.137926 13 5785 1 0 1 
7.02737 5.61234 0.344083 0 0 0 0.137923 13 5786 1 0 1 
3.32524 8.21587 0.30383 0 0 0 0.142868 13 5787 1 0 1 
3.26237 7.93238 0.317228 0 0 0 0.141538 13 5788 1 0 1 
0.759052 -5.64964 0.324043 0 0 0 0.139692 13 5789 1 0 1 
18.0521 -15.1316 0.314483 0 0 0 0.14319 13 5790 1 0 1 
-9.05674 2.7047 0.318998 0 0 0 0.139291 13 5791 1 0 1 
5.7673 -0.938933 0.360055 0 0 0 0.132359 13 5792 1 0 1 
-5.73757 -45.4289 0.317861 0 0 0 0.139143 13 5793 1 0 1 
19.2756 -23.9045 0.329781 0 0 0 0.136901 13 5794 1 0 1 
3.90768 -10.7409 0.363529 0 0 0 0.133664 13 5795 1 0 1 
-28.7113 18.5354 0.333255 0 0 0 0.138988 13 5796 1 0 1 
-10.8674 25.3739 0.300065 0 0 0 0.145501 13 5797 1 0 1 
27.4603 -4.36029 0.314655 0 0 0 0.142011 13 5798 1 0 1 
6.2249 -2.55966 0.35481 0 0 0 0.131908 13 5799 1 0 1 
7.26227 13.2 0.345777 0 0 0 0.135853 13 5800 1 0 1 
25.3158 -23.5923 0.360806 0 0 0 0.133524 13 5801 1 0 1 
-3.12297 3.26532 0.307592 0 0 0 0.14287 13 5802 1 0 1 
-14.3399 0.62875 0.317826 0 0 0 0.138882 13 5803 1 0 1 
-17.5558 -11.6497 0.414669 0 0 0 0.127938 13 5804 1 0 1 
7.97529 5.43888 0.330798 0 0 0 0.137511 13 5805 1 0 1 
19.1901 -19.7274 0.3556 0 0 0 0.135221 13 5806 1 0 1 
19.9023 19.1037 0.347455 0 0 0 0.135111 13 5807 1 0 1 
-0.231496 8.34204 0.319989 0 0 0 0.140899 13 5808 1 0 1 
13.3393 8.55208 0.366617 0 0 0 0.133698 13 5809 1 0 1 
2.0966 -16.4716 0.307197 0 0 0 0.142378 13 5810 1 0 1 
7.44024 -3.45768 0.298505 0 0 0 0.144252 13 5811 1 0 1 
2.22119 2.75903 0.32585 0 0 0 0.138855 13 5812 1 0 1 
-9.64569 34.4292 0.345288 0 0 0 0.134109 13 5813 1 0 1 
13.6476 -2.91124 0.312209 0 0 0 0.141413 13 5814 1 0 1 
-29.3049 4.28758 0.28831 0 0 0 0.147275 13 5815 1 0 1 
5.52471 5.67408 0.35136 0 0 0 0.135151 13 5816 1 0 1 
5.10755 1.83656 0.295735 0 0 0 0.137537 13 5817 1 0 1 
6.918 21.1223 0.363182 0 0 0 0.13309 13 5818 1 0 1 
-2.43378 -11.8347 0.338074 0 0 0 0.136733 13 5819 1 0 1 
25.7655 -27.0462 0.342212 0 0 0 0.135962 13 5820 1 0 1 
-5.12285 -6.47848 0.303298 0 0 0 0.142911 13 5821 1 0 1 
14.5912 -5.08344 0.366939 0 0 0 0.131995 13 5822 1 0 1 
-10.3051 15.7488 0.34477 0 0 0 0.13655 13 5823 1 0 1 
3.02879 -13.2961 0.320901 0 0 0 0.140719 13 5824 1 0 1 
-3.17749 1.40945 0.362306 0 0 0 0.131918 13 5825 1 0 1 
3.25994 -0.429944 0.320985 0 0 0 0.142209 13 5826 1 0 1 
5.7115 16.4318 0.282061 0 0 0 0.135525 13 5827 1 0 1 
28.9613 4.56264 0.35127 0 0 0 0.135654 13 5828 1 0 1 
-21.6528 1.24884 0.320425 0 0 0 0.141302 13 5829 1 0 1 
-11.1505 -9.99662 0.35022 0 0 0 0.13652 13 5830 1 0 1 
-20.9781 -6.69627 0.282166 0 0 0 0.147617 13 5831 1 0 1 
-8.26919 -17.1748 0.336056 0 0 0 0.137847 13 5832 1 0 1 
-27.453 5.53518 0.339139 0 0 0 0.137916 13 5833 1 0 1 
-15.9316 -33.6544 0.305593 0 0 0 0.142113 13 5834 1 0 1 
9.35192 15.7364 0.317986 0 0 0 0.142666 13 5835 1 0 1 
25.2284 2.24778 0.296251 0 0 0 0.143759 13 5836 1 0 1 
-12.0942 14.1007 0.365833 0 0 0 0.131779 13 5837 1 0 1 
-4.62509 -8.22816 0.326348 0 0 0 0.139252 13 5838 1 0 1 
-20.0331 -29.2105 0.331687 0 0 0 0.136627 13 5839 1 0 1 
19.9629 -16.9045 0.263912 0 0 0 0.152938 13 5840 1 0 1 
-10.6421 28.9287 0.342201 0 0 0 0.137228 13 5841 1 0 1 
-16.7923 23.2422 0.345395 0 0 0 0.13595 13 5842 1 0 1 
3.06365 -39.008 0.279333 0 0 0 0.146519 13 5843 1 0 1 
10.1215 -23.0644 0.269204 0 0 0 0.152414 13 5844 1 0 1 
11.4793 33.5277 0.288548 0 0 0 0.147322 13 5845 1 0 1 
-9.74743 18.1209 0.275279 0 0 0 0.150493 13 5846 1 0 1 
-1.71421 3.91088 0.319345 0 0 0 0.139544 13 5847 1 0 1 
19.606 -10.341 0.346962 0 0 0 0.135427 13 5848 1 0 1 
-4.77409 18.6186 0.327058 0 0 0 0.138427 13 5849 1 0 1 
8.73437 4.11182 0.321071 0 0 0 0.140351 13 5850 1 0 1 
-6.0944 18.9355 0.330645 0 0 0 0.137217 13 5851 1 0 1 
13.6688 -14.234 0.337758 0 0 0 0.136988 13 5852 1 0 1 
18.7947 -29.2141 0.313233 0 0 0 0.141164 13 5853 1 0 1 
7.9135 11.8444 0.315255 0 0 0 0.142787 13 5854 1 0 1 
23.6411 0.0670912 0.330978 0 0 0 0.137441 13 5855 1 0 1 
-27.1072 -1.84049 0.308417 0 0 0 0.142654 13 5856 1 0 1 
-2.63056 -3.3926 0.371886 0 0 0 0.131401 13 5857 1 0 1 
28.5642 -11.4904 0.369738 0 0 0 0.132996 13 5858 1 0 1 
1.80086 -25.1446 0.326815 0 0 0 0.139402 13 5859 1 0 1 
-8.5135 -0.400703 0.329433 0 0 0 0.136373 13 5860 1 0 1 
5.73863 -22.9589 0.332728 0 0 0 0.136338 13 5861 1 0 1 
4.88248 -24.5764 0.271092 0 0 0 0.148971 13 5862 1 0 1 
21.6457 -2.82138 0.316487 0 0 0 0.141752 13 5863 1 0 1 
11.3474 27.6161 0.320753 0 0 0 0.137713 13 5864 1 0 1 
-28.0131 10.3373 0.343426 0 0 0 0.134492 13 5865 1 0 1 
11.995 -20.8426 0.337894 0 0 0 0.135991 13 5866 1 0 1 
0.814794 9.00203 0.357715 0 0 0 0.133597 13 5867 1 0 1 
12.1915 14.1448 0.32651 0 0 0 0.139982 13 5868 1 0 1 
7.46792 21.8851 0.332391 0 0 0 0.139101 13 5869 1 0 1 
14.4496 0.034121 0.304267 0 0 0 0.143318 13 5870 1 0 1 
-0.38922 -3.13798 0.307747 0 0 0 0.142834 13 5871 1 0 1 
13.4921 11.9117 0.328976 0 0 0 0.138849 13 5872 1 0 1 
-7.88072 -22.1802 0.383944 0 0 0 0.130738 13 5873 1 0 1 
-3.4768 11.1475 0.342481 0 0 0 0.133563 13 5874 1 0 1 
11.2759 -1.94969 0.303101 0 0 0 0.141619 13 5875 1 0 1 
6.94293 -3.82661 0.36288 0 0 0 0.131501 13 5876 1 0 1 
-2.43165 -9.52715 0.332088 0 0 0 0.138147 13 5877 1 0 1 
-10.0195 15.5996 0.330666 0 0 0 0.138657 13 5878 1 0 1 
-33.104 5.20355 0.32276 0 0 0 0.140531 13 5879 1 0 1 
0.739833 1.51677 0.398033 0 0 0 0.129169 13 5880 1 0 1 
29.1752 30.7878 0.326259 0 0 0 0.139117 13 5881 1 0 1 
-15.2736 5.25686 0.32806 0 0 0 0.137439 13 5882 1 0 1 
11.9717 20.8366 0.327176 0 0 0 0.138718 13 5883 1 0 1 
7.40332 3.81313 0.311583 0 0 0 0.141953 13 5884 1 0 1 
15.9866 1.65921 0.314892 0 0 0 0.140437 13 5885 1 0 1 
-15.9856 1.48775 0.291762 0 0 0 0.143403 13 5886 1 0 1 
6.70997 -10.2124 0.332652 0 0 0 0.139928 13 5887 1 0 1 
13.8834 6.18182 0.352435 0 0 0 0.134618 13 5888 1 0 1 
-8.579 8.66219 0.315211 0 0 0 0.141303 13 5889 1 0 1 
-12.0435 20.115 0.284196 0 0 0 0.147979 13 5890 1 0 1 
-1.19458 -2.06499 0.301406 0 0 0 0.144026 13 5891 1 0 1 
-34.3156 -1.05469 0.336656 0 0 0 0.135439 13 5892 1 0 1 
-1.56954 5.09016 0.312433 0 0 0 0.13615 13 5893 1 0 1 
-17.5466 -2.2275 0.343694 0 0 0 0.134122 13 5894 1 0 1 
-0.682616 -41.535 0.339328 0 0 0 0.138234 13 5895 1 0 1 
29.2371 -14.2797 0.301907 0 0 0 0.144808 13 5896 1 0 1 
-12.8351 12.3991 0.282302 0 0 0 0.147362 13 5897 1 0 1 
-24.8387 -1.12275 0.327337 0 0 0 0.135699 13 5898 1 0 1 
23.1856 14.5826 0.29601 0 0 0 0.144508 13 5899 1 0 1 
14.2059 1.13747 0.28035 0 0 0 0.148691 13 5900 1 0 1 
11.0662 -7.01001 0.338198 0 0 0 0.137672 13 5901 1 0 1 
1.41304 -1.40075 0.325202 0 0 0 0.138246 13 5902 1 0 1 
2.72031 -14.7788 0.352613 0 0 0 0.135183 13 5903 1 0 1 
-26.9376 16.4414 0.365124 0 0 0 0.132549 13 5904 1 0 1 
10.6018 -4.53202 0.277614 0 0 0 0.149575 13 5905 1 0 1 
26.2405 12.9766 0.344965 0 0 0 0.135011 13 5906 1 0 1 
3.24032 22.4869 0.30397 0 0 0 0.142346 13 5907 1 0 1 
10.5886 19.1377 0.308138 0 0 0 0.142481 13 5908 1 0 1 
7.61744 -5.51866 0.32902 0 0 0 0.137194 13 5909 1 0 1 
23.1468 -17.9253 0.300256 0 0 0 0.144462 13 5910 1 0 1 
-0.995862 -25.1425 0.337523 0 0 0 0.136576 13 5911 1 0 1 
4.85787 0.431892 0.280007 0 0 0 0.148996 13 5912 1 0 1 
2.31809 -2.20573 0.348889 0 0 0 0.133192 13 5913 1 0 1 
23.3525 4.22622 0.308103 0 0 0 0.14321 13 5914 1 0 1 
14.2034 3.0378 0.315759 0 0 0 0.1409 13 5915 1 0 1 
16.806 -4.56233 0.278089 0 0 0 0.148936 13 5916 1 0 1 
-26.415 10.5073 0.296033 0 0 0 0.14476 13 5917 1 0 1 
8.92327 11.0513 0.319158 0 0 0 0.139393 13 5918 1 0 1 
2.96428 13.1258 0.315087 0 0 0 0.140904 13 5919 1 0 1 
9.15257 -11.9472 0.304285 0 0 0 0.144009 13 5920 1 0 1 
-1.69077 -32.8103 0.328409 0 0 0 0.138486 13 5921 1 0 1 
-36.3774 -11.6009 0.307854 0 0 0 0.144013 13 5922 1 0 1 
9.62837 2.63121 0.338398 0 0 0 0.136556 13 5923 1 0 1 
-7.08952 -1.1765 0.329794 0 0 0 0.139679 13 5924 1 0 1 
-9.42156 -22.4478 0.36563 0 0 0 0.13333 13 5925 1 0 1 
14.8835 7.06169 0.33404 0 0 0 0.139443 13 5926 1 0 1 
5.33871 10.3767 0.286602 0 0 0 0.146961 13 5927 1 0 1 
-4.82911 10.732 0.310477 0 0 0 0.142268 13 5928 1 0 1 
5.19039 24.9779 0.354357 0 0 0 0.133008 13 5929 1 0 1 
5.47824 -27.6885 0.29561 0 0 0 0.145806 13 5930 1 0 1 
4.32719 26.029 0.323553 0 0 0 0.138403 13 5931 1 0 1 
-5.99995 -1.72779 0.365102 0 0 0 0.133742 13 5932 1 0 1 
-2.50841 -16.8754 0.350802 0 0 0 0.133803 13 5933 1 0 1 
38.4931 -10.506 0.266711 0 0 0 0.135771 13 5934 1 0 1 
12.4679 -13.6299 0.298161 0 0 0 0.145114 13 5935 1 0 1 
-3.42868 -4.35652 0.279575 0 0 0 0.149619 13 5936 1 0 1 
25.9635 -41.8091 0.3398 0 0 0 0.134818 13 5937 1 0 1 
-0.366293 7.87906 0.302135 0 0 0 0.144987 13 5938 1 0 1 
-0.125247 10.2113 0.342648 0 0 0 0.137187 13 5939 1 0 1 
-6.33814 2.91938 0.333494 0 0 0 0.138807 13 5940 1 0 1 
-1.52474 4.25147 0.317076 0 0 0 0.141525 13 5941 1 0 1 
7.98141 -10.4378 0.34588 0 0 0 0.134504 13 5942 1 0 1 
-11.7673 0.742606 0.374815 0 0 0 0.129901 13 5943 1 0 1 
3.74452 -4.38195 0.32287 0 0 0 0.139715 13 5944 1 0 1 
-25.8696 -20.7457 0.303622 0 0 0 0.143668 13 5945 1 0 1 
11.2343 0.419077 0.298279 0 0 0 0.144294 13 5946 1 0 1 
6.34273 -4.91844 0.328275 0 0 0 0.138836 13 5947 1 0 1 
28.6584 2.61437 0.371161 0 0 0 0.13166 13 5948 1 0 1 
22.4268 16.6335 0.326251 0 0 0 0.13842 13 5949 1 0 1 
-10.2409 8.49786 0.337048 0 0 0 0.137677 13 5950 1 0 1 
6.61344 -5.31568 0.330569 0 0 0 0.137806 13 5951 1 0 1 
19.5641 4.18652 0.295289 0 0 0 0.145352 13 5952 1 0 1 
-11.253 4.30798 0.341067 0 0 0 0.135983 13 5953 1 0 1 
-22.2059 13.7783 0.325264 0 0 0 0.1394 13 5954 1 0 1 
14.1422 -4.0051 0.33812 0 0 0 0.136764 13 5955 1 0 1 
-9.5984 -7.0779 0.312903 0 0 0 0.142174 13 5956 1 0 1 
11.6909 -13.9572 0.272732 0 0 0 0.150819 13 5957 1 0 1 
-3.28909 -1.39689 0.329793 0 0 0 0.138514 13 5958 1 0 1 
-22.4155 36.084 0.321206 0 0 0 0.140932 13 5959 1 0 1 
-29.9396 -12.4049 0.317882 0 0 0 0.1361 13 5960 1 0 1 
0.368899 6.23961 0.28425 0 0 0 0.143863 13 5961 1 0 1 
-17.0705 2.59419 0.34195 0 0 0 0.137404 13 5962 1 0 1 
14.5724 -4.59245 0.312532 0 0 0 0.141795 13 5963 1 0 1 
-8.06602 10.0765 0.344541 0 0 0 0.136099 13 5964 1 0 1 
-13.7359 18.9285 0.323497 0 0 0 0.13932 13 5965 1 0 1 
2.95546 -8.22178 0.350711 0 0 0 0.133162 13 5966 1 0 1 
-16.5524 22.1134 0.308286 0 0 0 0.140929 13 5967 1 0 1 
0.579411 -9.14379 0.33401 0 0 0 0.136975 13 5968 1 0 1 
6.96207 -2.96359 0.410364 0 0 0 0.127724 13 5969 1 0 1 
-22.7614 -21.7177 0.301648 0 0 0 0.142872 13 5970 1 0 1 
6.6992 -24.9537 0.301401 0 0 0 0.144799 13 5971 1 0 1 
-5.17977 10.5541 0.322425 0 0 0 0.140912 13 5972 1 0 1 
-0.652857 20.8802 0.332339 0 0 0 0.138456 13 5973 1 0 1 
1.37581 -5.40496 0.323554 0 0 0 0.140675 13 5974 1 0 1 
-3.31198 -16.14 0.342949 0 0 0 0.135977 13 5975 1 0 1 
0.855706 -9.38434 0.35199 0 0 0 0.13404 13 5976 1 0 1 
-23.0985 0.363458 0.356612 0 0 0 0.133846 13 5977 1 0 1 
-1.62595 0.977416 0.339392 0 0 0 0.136228 13 5978 1 0 1 
4.40537 1.12109 0.340851 0 0 0 0.136871 13 5979 1 0 1 
4.73261 -14.4375 0.309029 0 0 0 0.143786 13 5980 1 0 1 
1.25583 26.7743 0.303503 0 0 0 0.143586 13 5981 1 0 1 
-1.33157 -31.0286 0.324143 0 0 0 0.137806 13 5982 1 0 1 
21.344 -17.8593 0.294581 0 0 0 0.14521 13 5983 1 0 1 
8.73737 -8.85991 0.340643 0 0 0 0.136317 13 5984 1 0 1 
-0.656929 33.3676 0.325066 0 0 0 0.139527 13 5985 1 0 1 
0.0680545 -32.0782 0.309919 0 0 0 0.141614 13 5986 1 0 1 
11.8037 -0.841927 0.291902 0 0 0 0.145978 13 5987 1 0 1 
1.76981 -14.9992 0.338286 0 0 0 0.136293 13 5988 1 0 1 
6.65432 3.83955 0.30631 0 0 0 0.135284 13 5989 1 0 1 
26.0853 -3.79826 0.310563 0 0 0 0.142049 13 5990 1 0 1 
7.21549 -13.3889 0.371576 0 0 0 0.130756 13 5991 1 0 1 
-12.2573 -2.1906 0.286275 0 0 0 0.141786 13 5992 1 0 1 
-7.03355 27.8761 0.365304 0 0 0 0.132449 13 5993 1 0 1 
8.48506 -2.00194 0.271745 0 0 0 0.151067 13 5994 1 0 1 
-14.1449 -26.2355 0.298866 0 0 0 0.143712 13 5995 1 0 1 
-2.5797 21.7108 0.337963 0 0 0 0.137497 13 5996 1 0 1 
19.7585 17.3248 0.336323 0 0 0 0.138469 13 5997 1 0 1 
-2.9771 -4.81309 0.294841 0 0 0 0.14414 13 5998 1 0 1 
11.0506 -11.4548 0.3885 0 0 0 0.130838 13 5999 1 0 1 
1.65824 1.38543 0.318411 0 0 0 0.141099 13 6000 1 0 1 
10.0755 1.82822 0.333729 0 0 0 0.13714 13 6001 1 0 1 
8.76381 -19.6088 0.31104 0 0 0 0.142812 13 6002 1 0 1 
-10.3557 0.640901 0.252976 0 0 0 0.155779 13 6003 1 0 1 
-3.21204 32.0337 0.292455 0 0 0 0.145235 13 6004 1 0 1 
-0.0419546 -12.0023 0.336678 0 0 0 0.136579 13 6005 1 0 1 
-23.6163 17.543 0.288202 0 0 0 0.146935 13 6006 1 0 1 
11.0467 9.91782 0.332275 0 0 0 0.136874 13 6007 1 0 1 
4.57968 35.177 0.333228 0 0 0 0.138712 13 6008 1 0 1 
-3.31088 -3.60469 0.345554 0 0 0 0.13691 13 6009 1 0 1 
19.3527 15.1529 0.336824 0 0 0 0.136726 13 6010 1 0 1 
-4.52622 24.3685 0.286307 0 0 0 0.142228 13 6011 1 0 1 
11.556 4.70866 0.316909 0 0 0 0.140189 13 6012 1 0 1 
11.1618 1.41398 0.334508 0 0 0 0.137351 13 6013 1 0 1 
-0.628664 -13.2216 0.334274 0 0 0 0.138641 13 6014 1 0 1 
8.84595 1.58125 0.264319 0 0 0 0.138336 13 6015 1 0 1 
1.51589 -22.8839 0.335822 0 0 0 0.138039 13 6016 1 0 1 
-1.02829 15.5698 0.277163 0 0 0 0.150063 13 6017 1 0 1 
29.0407 -18.0326 0.311713 0 0 0 0.141881 13 6018 1 0 1 
-7.54389 -4.75041 0.337461 0 0 0 0.136543 13 6019 1 0 1 
6.30213 6.91795 0.353792 0 0 0 0.133915 13 6020 1 0 1 
-1.50777 15.9363 0.273917 0 0 0 0.149599 13 6021 1 0 1 
-9.26716 -8.31922 0.278039 0 0 0 0.149157 13 6022 1 0 1 
-24.7409 -6.81165 0.298002 0 0 0 0.143235 13 6023 1 0 1 
15.8899 4.36386 0.303701 0 0 0 0.144927 13 6024 1 0 1 
23.2416 0.887007 0.332165 0 0 0 0.137469 13 6025 1 0 1 
1.62536 7.41306 0.305507 0 0 0 0.143051 13 6026 1 0 1 
3.86419 5.79413 0.302158 0 0 0 0.143357 13 6027 1 0 1 
-12.6573 8.87478 0.345672 0 0 0 0.136087 13 6028 1 0 1 
7.8578 -9.11125 0.346498 0 0 0 0.135873 13 6029 1 0 1 
7.28931 -5.38253 0.304643 0 0 0 0.142226 13 6030 1 0 1 
-17.1147 -12.5536 0.32819 0 0 0 0.139315 13 6031 1 0 1 
9.57978 -0.216212 0.291858 0 0 0 0.146154 13 6032 1 0 1 
1.60797 5.7474 0.309273 0 0 0 0.143701 13 6033 1 0 1 
19.1845 27.9738 0.285303 0 0 0 0.149051 13 6034 1 0 1 
4.73767 1.88511 0.352553 0 0 0 0.13271 13 6035 1 0 1 
28.4216 7.58035 0.389421 0 0 0 0.129363 13 6036 1 0 1 
5.3671 0.543896 0.306316 0 0 0 0.143844 13 6037 1 0 1 
4.53835 5.43473 0.306045 0 0 0 0.14372 13 6038 1 0 1 
18.7131 -17.7016 0.312726 0 0 0 0.142209 13 6039 1 0 1 
19.6022 8.58341 0.323516 0 0 0 0.140509 13 6040 1 0 1 
-6.8105 -2.20253 0.330596 0 0 0 0.139714 13 6041 1 0 1 
-28.8496 17.6058 0.290612 0 0 0 0.147894 13 6042 1 0 1 
-0.748895 -11.2366 0.3285 0 0 0 0.138082 13 6043 1 0 1 
-15.7582 11.3526 0.343601 0 0 0 0.133352 13 6044 1 0 1 
-25.3952 25.8937 0.31824 0 0 0 0.142856 13 6045 1 0 1 
10.0754 19.9634 0.315362 0 0 0 0.141727 13 6046 1 0 1 
24.2694 22.6172 0.353136 0 0 0 0.135067 13 6047 1 0 1 
2.37031 7.32147 0.293261 0 0 0 0.14677 13 6048 1 0 1 
-26.8445 -11.8837 0.3494 0 0 0 0.13427 13 6049 1 0 1 
1.44999 6.97544 0.31412 0 0 0 0.142567 13 6050 1 0 1 
0.229488 -5.17746 0.331806 0 0 0 0.137272 13 6051 1 0 1 
19.7828 -13.0261 0.333611 0 0 0 0.137567 13 6052 1 0 1 
10.3806 16.3428 0.306808 0 0 0 0.144361 13 6053 1 0 1 
-5.4448 -11.2603 0.315121 0 0 0 0.141219 13 6054 1 0 1 
0.370682 10.5749 0.343602 0 0 0 0.135746 13 6055 1 0 1 
-17.7796 -2.56468 0.325278 0 0 0 0.139785 13 6056 1 0 1 
-7.78151 6.18219 0.333314 0 0 0 0.138335 13 6057 1 0 1 
22.2542 -2.15085 0.33719 0 0 0 0.138719 13 6058 1 0 1 
-7.70305 -0.615134 0.375439 0 0 0 0.130247 13 6059 1 0 1 
-4.48158 -3.39821 0.330515 0 0 0 0.13674 13 6060 1 0 1 
-7.35494 -7.40225 0.329639 0 0 0 0.139966 13 6061 1 0 1 
-8.24699 6.67196 0.337692 0 0 0 0.13582 13 6062 1 0 1 
-4.88591 -15.3973 0.347669 0 0 0 0.136285 13 6063 1 0 1 
6.13142 22.9503 0.312662 0 0 0 0.142543 13 6064 1 0 1 
-9.35224 -12.0482 0.330464 0 0 0 0.138239 13 6065 1 0 1 
0.0204211 -10.2885 0.327588 0 0 0 0.139424 13 6066 1 0 1 
-5.04514 17.8969 0.35317 0 0 0 0.136148 13 6067 1 0 1 
-29.77 26.2391 0.311414 0 0 0 0.14253 13 6068 1 0 1 
-7.95948 -28.0251 0.270499 0 0 0 0.152085 13 6069 1 0 1 
-11.6854 6.78422 0.312669 0 0 0 0.140672 13 6070 1 0 1 
-25.7063 14.2043 0.334284 0 0 0 0.137027 13 6071 1 0 1 
-36.2929 -13.3596 0.329183 0 0 0 0.137891 13 6072 1 0 1 
-10.9846 -34.0646 0.312718 0 0 0 0.14107 13 6073 1 0 1 
-3.27245 15.33 0.352576 0 0 0 0.135855 13 6074 1 0 1 
15.4006 8.22286 0.335885 0 0 0 0.135768 13 6075 1 0 1 
15.702 25.3184 0.330247 0 0 0 0.136728 13 6076 1 0 1 
-1.74783 -5.71545 0.310557 0 0 0 0.141398 13 6077 1 0 1 
-18.9023 3.3098 0.314216 0 0 0 0.139721 13 6078 1 0 1 
-17.8353 -4.41901 0.315913 0 0 0 0.139125 13 6079 1 0 1 
61.4714 7.40143 0.352857 0 0 0 0.13292 13 6080 1 0 1 
-0.960954 18.6898 0.329286 0 0 0 0.137972 13 6081 1 0 1 
3.51116 18.6122 0.286846 0 0 0 0.147406 13 6082 1 0 1 
3.42833 6.17321 0.32464 0 0 0 0.139863 13 6083 1 0 1 
15.2608 -36.6811 0.305208 0 0 0 0.14375 13 6084 1 0 1 
-12.3556 20.6911 0.341994 0 0 0 0.13631 13 6085 1 0 1 
2.59339 13.1004 0.334451 0 0 0 0.138314 13 6086 1 0 1 
-23.9825 24.8274 0.303627 0 0 0 0.144474 13 6087 1 0 1 
-4.66386 -34.7738 0.316034 0 0 0 0.141086 13 6088 1 0 1 
6.35961 -23.6957 0.351381 0 0 0 0.136361 13 6089 1 0 1 
-16.3017 17.22 0.348591 0 0 0 0.134615 13 6090 1 0 1 
12.8655 20.2171 0.282135 0 0 0 0.147746 13 6091 1 0 1 
3.97045 -12.6039 0.342382 0 0 0 0.135311 13 6092 1 0 1 
-3.30768 3.29182 0.286918 0 0 0 0.144833 13 6093 1 0 1 
29.4329 8.37369 0.285633 0 0 0 0.148436 13 6094 1 0 1 
21.8264 25.2368 0.303185 0 0 0 0.143324 13 6095 1 0 1 
0.308922 -5.21379 0.316269 0 0 0 0.140957 13 6096 1 0 1 
11.6085 -9.26638 0.327393 0 0 0 0.139885 13 6097 1 0 1 
13.29 -30.8023 0.322232 0 0 0 0.140413 13 6098 1 0 1 
-7.14117 19.8149 0.328264 0 0 0 0.134398 13 6099 1 0 1 
31.0068 -2.92588 0.365206 0 0 0 0.133824 13 6100 1 0 1 
-4.8394 0.303969 0.326989 0 0 0 0.139401 13 6101 1 0 1 
-3.1505 -5.65639 0.317668 0 0 0 0.139348 13 6102 1 0 1 
5.53424 -46.6938 0.341328 0 0 0 0.13742 13 6103 1 0 1 
3.81792 -3.49572 0.328304 0 0 0 0.140103 13 6104 1 0 1 
-0.0369411 -0.641377 0.273328 0 0 0 0.14996 13 6105 1 0 1 
-22.7186 7.51608 0.305736 0 0 0 0.141455 13 6106 1 0 1 
9.20148 -16.6401 0.333758 0 0 0 0.135755 13 6107 1 0 1 
-13.8286 -2.66192 0.341105 0 0 0 0.13523 13 6108 1 0 1 
5.7399 33.4184 0.308313 0 0 0 0.142929 13 6109 1 0 1 
-5.83194 -3.87062 0.304329 0 0 0 0.143333 13 6110 1 0 1 
-2.36107 0.0647635 0.341739 0 0 0 0.134648 13 6111 1 0 1 
9.09809 7.79966 0.337804 0 0 0 0.136161 13 6112 1 0 1 
-24.6296 -9.32257 0.294273 0 0 0 0.145452 13 6113 1 0 1 
10.8845 -21.4492 0.288097 0 0 0 0.147015 13 6114 1 0 1 
-7.88411 19.9527 0.355115 0 0 0 0.131379 13 6115 1 0 1 
0.780877 6.72838 0.343099 0 0 0 0.13542 13 6116 1 0 1 
-21.8412 19.6195 0.372312 0 0 0 0.132324 13 6117 1 0 1 
13.0904 11.7499 0.307719 0 0 0 0.142635 13 6118 1 0 1 
0.447917 -3.39505 0.311921 0 0 0 0.141867 13 6119 1 0 1 
18.4472 -6.59896 0.351547 0 0 0 0.134284 13 6120 1 0 1 
-12.5363 -37.5187 0.366335 0 0 0 0.132625 13 6121 1 0 1 
20.5341 14.2477 0.34607 0 0 0 0.136519 13 6122 1 0 1 
5.37224 -8.30295 0.348623 0 0 0 0.133452 13 6123 1 0 1 
-19.1363 -12.4373 0.304567 0 0 0 0.143257 13 6124 1 0 1 
15.4861 -9.37861 0.307872 0 0 0 0.143153 13 6125 1 0 1 
-2.05167 7.65742 0.318137 0 0 0 0.139479 13 6126 1 0 1 
15.2234 -23.2618 0.34189 0 0 0 0.137696 13 6127 1 0 1 
-18.2559 4.53112 0.337997 0 0 0 0.13532 13 6128 1 0 1 
-10.0273 -26.7853 0.308547 0 0 0 0.142558 13 6129 1 0 1 
-11.2563 2.08151 0.335186 0 0 0 0.136522 13 6130 1 0 1 
12.406 1.03773 0.29799 0 0 0 0.142767 13 6131 1 0 1 
-22.049 -13.9785 0.315852 0 0 0 0.142153 13 6132 1 0 1 
-14.2814 8.01684 0.316444 0 0 0 0.142458 13 6133 1 0 1 
-13.9401 2.63268 0.335459 0 0 0 0.137344 13 6134 1 0 1 
-20.9347 -5.58096 0.307998 0 0 0 0.142731 13 6135 1 0 1 
-31.7605 -28.0204 0.306904 0 0 0 0.144343 13 6136 1 0 1 
18.8496 29.0839 0.360091 0 0 0 0.13433 13 6137 1 0 1 
8.28684 -8.91417 0.381296 0 0 0 0.12965 13 6138 1 0 1 
-32.8045 17.8724 0.294319 0 0 0 0.14445 13 6139 1 0 1 
15.5329 34.6623 0.331833 0 0 0 0.138063 13 6140 1 0 1 
-0.420607 -21.9295 0.343259 0 0 0 0.136324 13 6141 1 0 1 
-20.8464 1.92647 0.336164 0 0 0 0.138192 13 6142 1 0 1 
-16.2571 -6.42815 0.317026 0 0 0 0.141275 13 6143 1 0 1 
27.3801 1.30645 0.296926 0 0 0 0.144781 13 6144 1 0 1 
0.395149 15.2711 0.314499 0 0 0 0.141355 13 6145 1 0 1 
-7.78965 -1.95278 0.312286 0 0 0 0.140494 13 6146 1 0 1 
38.4727 11.4261 0.335145 0 0 0 0.136207 13 6147 1 0 1 
5.86598 4.42892 0.374571 0 0 0 0.131402 13 6148 1 0 1 
-5.28425 0.53384 0.305474 0 0 0 0.143396 13 6149 1 0 1 
1.42567 12.6099 0.265736 0 0 0 0.150348 13 6150 1 0 1 
-3.02964 -16.1786 0.292112 0 0 0 0.141379 13 6151 1 0 1 
9.58641 -5.6851 0.328265 0 0 0 0.135555 13 6152 1 0 1 
2.42604 -9.96196 0.332609 0 0 0 0.138191 13 6153 1 0 1 
-3.48505 3.74282 0.352005 0 0 0 0.134466 13 6154 1 0 1 
-14.3394 -12.5456 0.337957 0 0 0 0.137096 13 6155 1 0 1 
8.96985 -1.5835 0.313139 0 0 0 0.14025 13 6156 1 0 1 
-5.43492 -0.193203 0.342556 0 0 0 0.137608 13 6157 1 0 1 
7.21998 14.5878 0.273007 0 0 0 0.145552 13 6158 1 0 1 
-11.4965 -13.2565 0.313795 0 0 0 0.1402 13 6159 1 0 1 
0.416531 -2.81887 0.341638 0 0 0 0.135338 13 6160 1 0 1 
8.07816 26.8344 0.309987 0 0 0 0.144749 13 6161 1 0 1 
11.7937 22.0248 0.306224 0 0 0 0.144101 13 6162 1 0 1 
-9.64019 -10.7845 0.350773 0 0 0 0.134699 13 6163 1 0 1 
17.3396 5.0919 0.307244 0 0 0 0.142478 13 6164 1 0 1 
-9.92266 -7.72666 0.320041 0 0 0 0.137201 13 6165 1 0 1 
10.4666 4.34867 0.370582 0 0 0 0.131488 13 6166 1 0 1 
-12.9551 -2.55579 0.300391 0 0 0 0.144413 13 6167 1 0 1 
-7.94212 8.74507 0.324748 0 0 0 0.139385 13 6168 1 0 1 
-2.33379 -1.65908 0.324572 0 0 0 0.141101 13 6169 1 0 1 
3.90918 5.15983 0.321417 0 0 0 0.139185 13 6170 1 0 1 
4.34804 7.92674 0.326949 0 0 0 0.141149 13 6171 1 0 1 
-17.7264 -3.74093 0.305522 0 0 0 0.14452 13 6172 1 0 1 
13.9759 28.1928 0.347479 0 0 0 0.134812 13 6173 1 0 1 
-6.56707 39.5331 0.336571 0 0 0 0.135861 13 6174 1 0 1 
9.68064 4.75179 0.32093 0 0 0 0.140286 13 6175 1 0 1 
-4.82728 17.2944 0.393914 0 0 0 0.1282 13 6176 1 0 1 
-6.68788 -33.6695 0.339258 0 0 0 0.137775 13 6177 1 0 1 
17.7825 -13.3899 0.304215 0 0 0 0.141435 13 6178 1 0 1 
-4.07067 -13.2505 0.283479 0 0 0 0.147901 13 6179 1 0 1 
-9.55579 6.58886 0.354451 0 0 0 0.133823 13 6180 1 0 1 
3.21963 24.2821 0.282619 0 0 0 0.148586 13 6181 1 0 1 
-10.3286 -14.0829 0.325232 0 0 0 0.139468 13 6182 1 0 1 
-16.936 1.6548 0.32408 0 0 0 0.138969 13 6183 1 0 1 
-7.71592 12.9612 0.294238 0 0 0 0.145635 13 6184 1 0 1 
-21.0993 23.3524 0.326854 0 0 0 0.140988 13 6185 1 0 1 
-13.9739 -22.1369 0.308068 0 0 0 0.142274 13 6186 1 0 1 
3.75404 -4.98139 0.335055 0 0 0 0.136882 13 6187 1 0 1 
-16.6887 -14.2807 0.30301 0 0 0 0.144659 13 6188 1 0 1 
24.0142 -1.17733 0.318544 0 0 0 0.140049 13 6189 1 0 1 
35.2702 -9.47179 0.346061 0 0 0 0.133951 13 6190 1 0 1 
-8.59042 11.1217 0.38782 0 0 0 0.12812 13 6191 1 0 1 
19.2983 31.9667 0.416193 0 0 0 0.127375 13 6192 1 0 1 
22.2732 -9.4594 0.318267 0 0 0 0.141357 13 6193 1 0 1 
-3.47935 -6.84278 0.323899 0 0 0 0.140729 13 6194 1 0 1 
-28.3949 12.3356 0.278971 0 0 0 0.147148 13 6195 1 0 1 
5.41323 -2.47759 0.319463 0 0 0 0.141569 13 6196 1 0 1 
31.8622 23.7795 0.275805 0 0 0 0.150506 13 6197 1 0 1 
23.6932 -6.7246 0.339389 0 0 0 0.136426 13 6198 1 0 1 
4.64767 7.84362 0.350584 0 0 0 0.135146 13 6199 1 0 1 
-2.32757 -8.44372 0.338291 0 0 0 0.134626 13 6200 1 0 1 
-21.4378 -7.15512 0.315061 0 0 0 0.141943 13 6201 1 0 1 
14.513 -22.6972 0.397392 0 0 0 0.129004 13 6202 1 0 1 
-33.1159 5.34246 0.340589 0 0 0 0.133998 13 6203 1 0 1 
-3.71266 14.3675 0.32026 0 0 0 0.141194 13 6204 1 0 1 
-13.9051 3.85925 0.311618 0 0 0 0.14275 13 6205 1 0 1 
1.61454 7.07729 0.311811 0 0 0 0.142591 13 6206 1 0 1 
-11.8886 2.0347 0.30838 0 0 0 0.142491 13 6207 1 0 1 
-36.1354 -4.0462 0.320168 0 0 0 0.139992 13 6208 1 0 1 
-4.9315 -10.8661 0.316502 0 0 0 0.141868 13 6209 1 0 1 
-12.8515 -2.21391 0.309147 0 0 0 0.143918 13 6210 1 0 1 
-12.9263 -13.4543 0.356908 0 0 0 0.133294 13 6211 1 0 1 
22.3367 9.12976 0.34997 0 0 0 0.134026 13 6212 1 0 1 
-7.39512 -12.8822 0.341577 0 0 0 0.137521 13 6213 1 0 1 
5.07445 12.259 0.307689 0 0 0 0.143128 13 6214 1 0 1 
-22.1393 -23.1889 0.330647 0 0 0 0.139855 13 6215 1 0 1 
26.7623 1.76741 0.253897 0 0 0 0.153719 13 6216 1 0 1 
-4.73309 -14.3622 0.330245 0 0 0 0.135994 13 6217 1 0 1 
6.24143 23.1512 0.24575 0 0 0 0.144741 13 6218 1 0 1 
-14.1218 -22.4265 0.276318 0 0 0 0.149089 13 6219 1 0 1 
-7.17528 0.503871 0.357309 0 0 0 0.133588 13 6220 1 0 1 
-5.63427 0.172096 0.328468 0 0 0 0.139991 13 6221 1 0 1 
10.3181 18.8035 0.333465 0 0 0 0.137846 13 6222 1 0 1 
12.6913 13.9608 0.338777 0 0 0 0.136526 13 6223 1 0 1 
-13.7298 -30.7831 0.321254 0 0 0 0.140764 13 6224 1 0 1 
15.3403 -19.7577 0.352928 0 0 0 0.133665 13 6225 1 0 1 
-27.7583 -16.8084 0.292746 0 0 0 0.146097 13 6226 1 0 1 
41.1966 -4.2365 0.354447 0 0 0 0.133775 13 6227 1 0 1 
-8.31862 6.18836 0.314587 0 0 0 0.139884 13 6228 1 0 1 
3.29039 -2.44488 0.32189 0 0 0 0.139953 13 6229 1 0 1 
16.3085 27.8016 0.300944 0 0 0 0.142895 13 6230 1 0 1 
1.4309 -10.1525 0.315037 0 0 0 0.136877 13 6231 1 0 1 
-0.843142 -14.2083 0.339103 0 0 0 0.135706 13 6232 1 0 1 
18.3378 7.12604 0.336017 0 0 0 0.136061 13 6233 1 0 1 
7.06734 -3.09473 0.312718 0 0 0 0.140325 13 6234 1 0 1 
-4.91583 -9.33551 0.318046 0 0 0 0.140767 13 6235 1 0 1 
-6.31848 1.19185 0.372314 0 0 0 0.132742 13 6236 1 0 1 
-28.3731 -2.95726 0.361323 0 0 0 0.133168 13 6237 1 0 1 
-16.6209 -23.2253 0.280604 0 0 0 0.148452 13 6238 1 0 1 
7.4922 3.11449 0.286909 0 0 0 0.146333 13 6239 1 0 1 
-14.7213 9.38895 0.310923 0 0 0 0.144197 13 6240 1 0 1 
5.25311 -42.059 0.324201 0 0 0 0.139899 13 6241 1 0 1 
37.4408 -11.7741 0.3055 0 0 0 0.143545 13 6242 1 0 1 
-3.02046 1.98539 0.323382 0 0 0 0.139963 13 6243 1 0 1 
-18.8756 2.45144 0.277105 0 0 0 0.148254 13 6244 1 0 1 
2.26181 9.73653 0.351316 0 0 0 0.134869 13 6245 1 0 1 
-15.6597 7.02151 0.302883 0 0 0 0.143863 13 6246 1 0 1 
20.4884 0.020839 0.340348 0 0 0 0.135181 13 6247 1 0 1 
-12.769 -10.5825 0.299452 0 0 0 0.144298 13 6248 1 0 1 
7.6625 7.91641 0.375739 0 0 0 0.130322 13 6249 1 0 1 
23.2826 25.2818 0.315131 0 0 0 0.139536 13 6250 1 0 1 
3.93907 -17.3726 0.319869 0 0 0 0.138815 13 6251 1 0 1 
-22.8604 -39.5349 0.318927 0 0 0 0.138602 13 6252 1 0 1 
24.9948 35.1445 0.302214 0 0 0 0.143549 13 6253 1 0 1 
12.3566 5.94457 0.3775 0 0 0 0.130365 13 6254 1 0 1 
15.1616 -7.27871 0.318549 0 0 0 0.142084 13 6255 1 0 1 
4.80394 4.59163 0.336976 0 0 0 0.136744 13 6256 1 0 1 
12.0228 -16.302 0.336381 0 0 0 0.136681 13 6257 1 0 1 
1.36801 -0.410059 0.307072 0 0 0 0.141252 13 6258 1 0 1 
-4.07795 12.6441 0.360771 0 0 0 0.132518 13 6259 1 0 1 
-22.1683 1.96317 0.34281 0 0 0 0.134892 13 6260 1 0 1 
-7.96013 -35.3086 0.262573 0 0 0 0.153417 13 6261 1 0 1 
19.2661 -20.5239 0.330567 0 0 0 0.136887 13 6262 1 0 1 
-37.9295 10.5729 0.336926 0 0 0 0.13688 13 6263 1 0 1 
-29.0891 24.2623 0.343429 0 0 0 0.137738 13 6264 1 0 1 
1.37793 -10.4803 0.282736 0 0 0 0.148161 13 6265 1 0 1 
-1.28791 -5.49978 0.329284 0 0 0 0.138951 13 6266 1 0 1 
-9.7878 -6.64425 0.34257 0 0 0 0.135792 13 6267 1 0 1 
-21.558 3.02549 0.35196 0 0 0 0.135983 13 6268 1 0 1 
-17.5229 8.54077 0.322315 0 0 0 0.141421 13 6269 1 0 1 
1.52301 -4.20583 0.340967 0 0 0 0.13573 13 6270 1 0 1 
9.66542 9.89501 0.334992 0 0 0 0.139021 13 6271 1 0 1 
9.13821 19.0614 0.322416 0 0 0 0.139588 13 6272 1 0 1 
1.04758 -5.90533 0.375467 0 0 0 0.130392 13 6273 1 0 1 
-2.91604 8.57501 0.331117 0 0 0 0.139569 13 6274 1 0 1 
18.026 13.3481 0.296428 0 0 0 0.144588 13 6275 1 0 1 
-12.6494 -7.21502 0.307611 0 0 0 0.141937 13 6276 1 0 1 
26.3777 0.0105022 0.323827 0 0 0 0.13966 13 6277 1 0 1 
-15.2804 10.954 0.337092 0 0 0 0.137271 13 6278 1 0 1 
-9.44119 -11.5669 0.307592 0 0 0 0.142178 13 6279 1 0 1 
19.9462 3.36676 0.344055 0 0 0 0.136172 13 6280 1 0 1 
2.93967 4.33117 0.323962 0 0 0 0.138539 13 6281 1 0 1 
-9.81539 5.27105 0.327546 0 0 0 0.136976 13 6282 1 0 1 
21.2928 10.4676 0.308224 0 0 0 0.142608 13 6283 1 0 1 
2.98695 -12.5611 0.325642 0 0 0 0.139369 13 6284 1 0 1 
-25.8352 11.0164 0.34789 0 0 0 0.13421 13 6285 1 0 1 
-19.2446 4.25198 0.334217 0 0 0 0.136425 13 6286 1 0 1 
-12.7077 25.3128 0.328654 0 0 0 0.138886 13 6287 1 0 1 
4.19533 -20.4934 0.287048 0 0 0 0.147557 13 6288 1 0 1 
10.3871 0.993811 0.330304 0 0 0 0.136696 13 6289 1 0 1 
-36.5025 -9.73991 0.359958 0 0 0 0.131422 13 6290 1 0 1 
5.77073 20.539 0.336463 0 0 0 0.13658 13 6291 1 0 1 
3.61447 -16.7255 0.318265 0 0 0 0.140746 13 6292 1 0 1 
-8.30607 3.77796 0.318645 0 0 0 0.141709 13 6293 1 0 1 
27.5664 -7.96862 0.323586 0 0 0 0.140108 13 6294 1 0 1 
13.9678 3.41842 0.276687 0 0 0 0.150273 13 6295 1 0 1 
0.357607 -12.9987 0.340095 0 0 0 0.138307 13 6296 1 0 1 
-9.93491 4.64776 0.301624 0 0 0 0.142922 13 6297 1 0 1 
14.07 0.633906 0.267139 0 0 0 0.146059 13 6298 1 0 1 
21.8565 3.85431 0.359632 0 0 0 0.132903 13 6299 1 0 1 
-10.7644 22.4812 0.347717 0 0 0 0.134237 13 6300 1 0 1 
-5.20682 -3.49661 0.335415 0 0 0 0.137665 13 6301 1 0 1 
-47.3354 -0.301606 0.211889 0 0 0 0.143345 13 6302 1 0 1 
14.7865 -23.0074 0.313998 0 0 0 0.141156 13 6303 1 0 1 
22.23 -10.9035 0.309579 0 0 0 0.14217 13 6304 1 0 1 
-39.642 3.65636 0.282478 0 0 0 0.147807 13 6305 1 0 1 
-7.92061 -16.8221 0.380051 0 0 0 0.128715 13 6306 1 0 1 
11.2257 -4.08763 0.307669 0 0 0 0.142635 13 6307 1 0 1 
9.46312 -4.97395 0.294485 0 0 0 0.145837 13 6308 1 0 1 
15.7918 6.81916 0.308276 0 0 0 0.142319 13 6309 1 0 1 
9.11993 -33.8107 0.357956 0 0 0 0.133562 13 6310 1 0 1 
-6.34362 7.248 0.317665 0 0 0 0.141045 13 6311 1 0 1 
3.29036 -5.20368 0.338255 0 0 0 0.137477 13 6312 1 0 1 
34.5188 -37.5092 0.329633 0 0 0 0.137911 13 6313 1 0 1 
-4.04266 -7.06745 0.330971 0 0 0 0.13896 13 6314 1 0 1 
7.6579 -0.0490855 0.348336 0 0 0 0.135516 13 6315 1 0 1 
7.72553 7.78472 0.323096 0 0 0 0.140848 13 6316 1 0 1 
-15.2477 -18.4561 0.303246 0 0 0 0.14421 13 6317 1 0 1 
-9.08856 -10.5005 0.283057 0 0 0 0.145475 13 6318 1 0 1 
11.9226 -1.20788 0.350771 0 0 0 0.132711 13 6319 1 0 1 
-33.9685 6.89662 0.300754 0 0 0 0.144225 13 6320 1 0 1 
26.5877 11.5637 0.314662 0 0 0 0.142764 13 6321 1 0 1 
-14.7677 -2.13542 0.303261 0 0 0 0.144134 13 6322 1 0 1 
3.91052 -11.7544 0.309235 0 0 0 0.141851 13 6323 1 0 1 
21.2752 6.20487 0.295696 0 0 0 0.144767 13 6324 1 0 1 
0.749947 9.69674 0.318924 0 0 0 0.140913 13 6325 1 0 1 
-2.84136 4.97623 0.331695 0 0 0 0.138229 13 6326 1 0 1 
-19.38 8.40485 0.356708 0 0 0 0.133348 13 6327 1 0 1 
32.1443 -1.94539 0.343383 0 0 0 0.136848 13 6328 1 0 1 
-4.71119 -23.7412 0.32639 0 0 0 0.138429 13 6329 1 0 1 
-7.96317 9.68113 0.324252 0 0 0 0.140517 13 6330 1 0 1 
-6.23004 -5.13411 0.310568 0 0 0 0.142481 13 6331 1 0 1 
18.7233 -25.1975 0.398453 0 0 0 0.12883 13 6332 1 0 1 
-3.97989 -13.3474 0.299667 0 0 0 0.144211 13 6333 1 0 1 
19.096 -9.17604 0.315885 0 0 0 0.142232 13 6334 1 0 1 
-0.983347 -0.350554 0.358145 0 0 0 0.133499 13 6335 1 0 1 
20.165 1.08694 0.313107 0 0 0 0.142674 13 6336 1 0 1 
4.4448 -8.56968 0.311822 0 0 0 0.141446 13 6337 1 0 1 
-4.81925 -3.63502 0.320325 0 0 0 0.139614 13 6338 1 0 1 
1.04351 25.6188 0.346025 0 0 0 0.13617 13 6339 1 0 1 
-3.14725 14.6879 0.334146 0 0 0 0.135369 13 6340 1 0 1 
-4.33083 -19.9073 0.318229 0 0 0 0.140189 13 6341 1 0 1 
-10.6924 17.9849 0.330338 0 0 0 0.138001 13 6342 1 0 1 
-11.2556 11.6947 0.302088 0 0 0 0.144203 13 6343 1 0 1 
-8.6803 -34.9203 0.317832 0 0 0 0.13995 13 6344 1 0 1 
-21.6944 -0.537239 0.316797 0 0 0 0.140638 13 6345 1 0 1 
-5.89657 17.8941 0.326517 0 0 0 0.13977 13 6346 1 0 1 
-20.7992 16.109 0.346363 0 0 0 0.13434 13 6347 1 0 1 
8.95655 1.07178 0.290748 0 0 0 0.146122 13 6348 1 0 1 
-26.2567 18.3568 0.307769 0 0 0 0.142757 13 6349 1 0 1 
5.13524 -2.40135 0.301004 0 0 0 0.140442 13 6350 1 0 1 
-6.5742 -3.12628 0.328162 0 0 0 0.13863 13 6351 1 0 1 
-12.2024 -17.1934 0.306845 0 0 0 0.142733 13 6352 1 0 1 
14.0802 -14.3934 0.30209 0 0 0 0.144668 13 6353 1 0 1 
21.2605 26.871 0.290352 0 0 0 0.14718 13 6354 1 0 1 
-27.7646 15.4628 0.309722 0 0 0 0.142922 13 6355 1 0 1 
19.3184 0.987702 0.339128 0 0 0 0.136037 13 6356 1 0 1 
-11.3299 4.75753 0.317195 0 0 0 0.139654 13 6357 1 0 1 
19.2309 21.5474 0.337693 0 0 0 0.13898 13 6358 1 0 1 
-4.56358 5.96864 0.303057 0 0 0 0.144621 13 6359 1 0 1 
-11.4504 21.4634 0.319286 0 0 0 0.141211 13 6360 1 0 1 
-15.1599 7.16534 0.333548 0 0 0 0.136299 13 6361 1 0 1 
6.85469 19.5764 0.318736 0 0 0 0.14093 13 6362 1 0 1 
22.5536 -8.709 0.299576 0 0 0 0.143924 13 6363 1 0 1 
-17.8223 -3.04883 0.286645 0 0 0 0.146352 13 6364 1 0 1 
-13.0691 -13.812 0.301913 0 0 0 0.142817 13 6365 1 0 1 
9.31205 -34.5823 0.321888 0 0 0 0.139762 13 6366 1 0 1 
-14.2494 -14.9749 0.37231 0 0 0 0.130971 13 6367 1 0 1 
-1.00708 -3.01411 0.280167 0 0 0 0.147031 13 6368 1 0 1 
8.21251 -4.52073 0.326814 0 0 0 0.137974 13 6369 1 0 1 
-5.93565 -16.245 0.320693 0 0 0 0.141787 13 6370 1 0 1 
3.14957 -15.0201 0.320337 0 0 0 0.140523 13 6371 1 0 1 
-2.6121 20.0852 0.315694 0 0 0 0.141734 13 6372 1 0 1 
-22.7011 13.2215 0.348544 0 0 0 0.137613 13 6373 1 0 1 
10.8756 4.93069 0.329337 0 0 0 0.135213 13 6374 1 0 1 
3.56246 -0.0962671 0.317232 0 0 0 0.142751 13 6375 1 0 1 
10.6954 25.4218 0.344885 0 0 0 0.136677 13 6376 1 0 1 
17.6035 15.8725 0.356381 0 0 0 0.134476 13 6377 1 0 1 
-2.15735 -16.5597 0.285002 0 0 0 0.148145 13 6378 1 0 1 
9.15528 7.15044 0.307974 0 0 0 0.143717 13 6379 1 0 1 
15.1215 -7.17207 0.343827 0 0 0 0.135461 13 6380 1 0 1 
12.6066 9.13157 0.326908 0 0 0 0.139156 13 6381 1 0 1 
17.1107 -1.09906 0.309656 0 0 0 0.143097 13 6382 1 0 1 
13.3593 -9.53183 0.339435 0 0 0 0.135991 13 6383 1 0 1 
1.42403 -7.14666 0.353276 0 0 0 0.133266 13 6384 1 0 1 
-2.0329 -26.2213 0.329443 0 0 0 0.136247 13 6385 1 0 1 
29.6146 -2.78149 0.355112 0 0 0 0.132717 13 6386 1 0 1 
1.47088 -5.87809 0.347118 0 0 0 0.134174 13 6387 1 0 1 
-25.8972 -10.1903 0.331697 0 0 0 0.138624 13 6388 1 0 1 
25.4611 -9.89994 0.330623 0 0 0 0.139765 13 6389 1 0 1 
-0.04495 -9.99556 0.352128 0 0 0 0.135002 13 6390 1 0 1 
5.88246 -6.36964 0.35353 0 0 0 0.135339 13 6391 1 0 1 
13.0842 10.7318 0.318809 0 0 0 0.140601 13 6392 1 0 1 
-3.30108 -8.24031 0.310045 0 0 0 0.142453 13 6393 1 0 1 
6.73789 4.60981 0.351584 0 0 0 0.134183 13 6394 1 0 1 
-15.1683 -2.5619 0.31567 0 0 0 0.141031 13 6395 1 0 1 
-2.30948 24.5945 0.281673 0 0 0 0.148844 13 6396 1 0 1 
-14.675 -1.06303 0.427901 0 0 0 0.126249 13 6397 1 0 1 
-15.7181 3.80678 0.274961 0 0 0 0.15043 13 6398 1 0 1 
-22.6538 -20.6369 0.320835 0 0 0 0.138187 13 6399 1 0 1 
24.152 12.9597 0.312772 0 0 0 0.141117 13 6400 1 0 1 
8.21681 -23.6342 0.302199 0 0 0 0.143098 13 6401 1 0 1 
-13.4778 18.7946 0.328403 0 0 0 0.140151 13 6402 1 0 1 
-1.90156 -12.3525 0.328224 0 0 0 0.139638 13 6403 1 0 1 
-4.61942 -9.69157 0.315735 0 0 0 0.140636 13 6404 1 0 1 
14.4857 -1.09613 0.346251 0 0 0 0.134729 13 6405 1 0 1 
0.430889 -3.10767 0.278171 0 0 0 0.148831 13 6406 1 0 1 
-15.8903 -6.94327 0.291439 0 0 0 0.146879 13 6407 1 0 1 
20.6427 -27.0657 0.301195 0 0 0 0.143661 13 6408 1 0 1 
-0.666132 -5.36858 0.263893 0 0 0 0.152371 13 6409 1 0 1 
29.6668 0.027841 0.369166 0 0 0 0.1328 13 6410 1 0 1 
-14.8536 -19.1137 0.333546 0 0 0 0.136344 13 6411 1 0 1 
19.0217 -4.63551 0.284296 0 0 0 0.147427 13 6412 1 0 1 
-9.82812 1.57457 0.347304 0 0 0 0.134276 13 6413 1 0 1 
-24.0902 7.70683 0.292467 0 0 0 0.146549 13 6414 1 0 1 
-41.3054 6.18005 0.276264 0 0 0 0.150252 13 6415 1 0 1 
-1.49692 1.49901 0.321562 0 0 0 0.140937 13 6416 1 0 1 
-11.9996 0.602269 0.330606 0 0 0 0.138052 13 6417 1 0 1 
1.89164 -2.72617 0.30979 0 0 0 0.143643 13 6418 1 0 1 
-34.7482 6.80941 0.325187 0 0 0 0.137487 13 6419 1 0 1 
-1.64575 -8.22603 0.295419 0 0 0 0.144827 13 6420 1 0 1 
-12.8373 11.8655 0.34685 0 0 0 0.135523 13 6421 1 0 1 
-2.24539 29.2791 0.332017 0 0 0 0.137306 13 6422 1 0 1 
18.993 -12.2619 0.333055 0 0 0 0.137655 13 6423 1 0 1 
-5.57634 2.73046 0.317162 0 0 0 0.140216 13 6424 1 0 1 
-10.0745 -9.9726 0.305556 0 0 0 0.143505 13 6425 1 0 1 
4.0621 6.23029 0.361923 0 0 0 0.130966 13 6426 1 0 1 
7.63896 -20.0731 0.27626 0 0 0 0.143077 13 6427 1 0 1 
-0.658887 -8.10892 0.327901 0 0 0 0.137832 13 6428 1 0 1 
9.84838 -2.13601 0.347746 0 0 0 0.136937 13 6429 1 0 1 
-11.7113 34.641 0.3266 0 0 0 0.140124 13 6430 1 0 1 
8.19145 3.59582 0.328529 0 0 0 0.138456 13 6431 1 0 1 
-11.1412 11.0239 0.307106 0 0 0 0.143797 13 6432 1 0 1 
-3.15797 -11.5387 0.297466 0 0 0 0.145873 13 6433 1 0 1 
4.14618 -26.1484 0.305844 0 0 0 0.136662 13 6434 1 0 1 
-1.69873 10.298 0.301643 0 0 0 0.144734 13 6435 1 0 1 
9.41371 17.4659 0.305268 0 0 0 0.141499 13 6436 1 0 1 
4.11786 14.3141 0.29912 0 0 0 0.143921 13 6437 1 0 1 
11.9838 4.11686 0.342455 0 0 0 0.136663 13 6438 1 0 1 
8.6557 -11.4478 0.282418 0 0 0 0.14666 13 6439 1 0 1 
11.0669 14.4923 0.310864 0 0 0 0.143841 13 6440 1 0 1 
-24.155 0.94281 0.326146 0 0 0 0.139456 13 6441 1 0 1 
-7.42897 4.7147 0.315149 0 0 0 0.141059 13 6442 1 0 1 
28.4865 -5.62629 0.335363 0 0 0 0.135724 13 6443 1 0 1 
-5.44169 -4.43488 0.344759 0 0 0 0.136181 13 6444 1 0 1 
3.70505 -13.0197 0.341039 0 0 0 0.137889 13 6445 1 0 1 
-5.64842 11.0583 0.297209 0 0 0 0.141747 13 6446 1 0 1 
-3.89152 -22.6955 0.342337 0 0 0 0.137899 13 6447 1 0 1 
8.67885 -4.3809 0.331395 0 0 0 0.137638 13 6448 1 0 1 
9.36971 13.8336 0.341442 0 0 0 0.136543 13 6449 1 0 1 
-11.0521 6.8882 0.278076 0 0 0 0.148832 13 6450 1 0 1 
-25.4869 9.58121 0.342264 0 0 0 0.135448 13 6451 1 0 1 
-11.0338 -18.7437 0.312318 0 0 0 0.141831 13 6452 1 0 1 
-1.28728 -24.7596 0.338298 0 0 0 0.13569 13 6453 1 0 1 
2.93384 -12.7371 0.313453 0 0 0 0.14224 13 6454 1 0 1 
-5.94865 -3.03911 0.304696 0 0 0 0.144249 13 6455 1 0 1 
28.7389 10.9795 0.288723 0 0 0 0.147695 13 6456 1 0 1 
3.0803 -13.4717 0.345726 0 0 0 0.136809 13 6457 1 0 1 
20.6836 11.8486 0.316037 0 0 0 0.140786 13 6458 1 0 1 
2.25238 0.351993 0.372308 0 0 0 0.13082 13 6459 1 0 1 
10.6564 -18.086 0.372475 0 0 0 0.130855 13 6460 1 0 1 
14.7338 -23.0118 0.342997 0 0 0 0.136374 13 6461 1 0 1 
-2.29107 17.2471 0.316058 0 0 0 0.140714 13 6462 1 0 1 
-13.5998 30.0895 0.324412 0 0 0 0.139232 13 6463 1 0 1 
-3.02159 -1.46138 0.293819 0 0 0 0.14543 13 6464 1 0 1 
-3.45454 8.55415 0.308648 0 0 0 0.143527 13 6465 1 0 1 
2.59751 -4.40661 0.278131 0 0 0 0.149648 13 6466 1 0 1 
-10.6731 21.9118 0.335968 0 0 0 0.136888 13 6467 1 0 1 
10.3369 5.50308 0.314968 0 0 0 0.141087 13 6468 1 0 1 
-11.0814 2.7992 0.308116 0 0 0 0.142759 13 6469 1 0 1 
-1.55225 -0.312902 0.319768 0 0 0 0.138422 13 6470 1 0 1 
5.70838 -3.96198 0.301332 0 0 0 0.143345 13 6471 1 0 1 
20.4646 -15.4931 0.30181 0 0 0 0.144325 13 6472 1 0 1 
8.16448 -15.9636 0.286727 0 0 0 0.1468 13 6473 1 0 1 
-8.06732 -2.20392 0.318747 0 0 0 0.139779 13 6474 1 0 1 
12.748 14.3283 0.317551 0 0 0 0.141322 13 6475 1 0 1 
1.22789 19.8448 0.306551 0 0 0 0.136246 13 6476 1 0 1 
-5.4048 15.9379 0.330313 0 0 0 0.137668 13 6477 1 0 1 
-19.4362 -3.64389 0.315919 0 0 0 0.142314 13 6478 1 0 1 
-11.3783 -10.1336 0.335973 0 0 0 0.137541 13 6479 1 0 1 
18.1581 0.0055592 0.322097 0 0 0 0.139782 13 6480 1 0 1 
8.45891 -8.43335 0.324547 0 0 0 0.139577 13 6481 1 0 1 
10.3376 2.99078 0.330021 0 0 0 0.139302 13 6482 1 0 1 
-14.14 -16.7325 0.31678 0 0 0 0.139924 13 6483 1 0 1 
-9.90045 5.1683 0.31875 0 0 0 0.140418 13 6484 1 0 1 
-0.807278 31.816 0.318724 0 0 0 0.140339 13 6485 1 0 1 
-2.78435 -1.75837 0.343414 0 0 0 0.137172 13 6486 1 0 1 
29.9732 -16.3103 0.34495 0 0 0 0.135283 13 6487 1 0 1 
-0.575421 -11.4424 0.332797 0 0 0 0.137351 13 6488 1 0 1 
-9.71328 11.538 0.289235 0 0 0 0.146854 13 6489 1 0 1 
4.92652 8.34447 0.316915 0 0 0 0.141708 13 6490 1 0 1 
13.8037 5.49666 0.347438 0 0 0 0.13553 13 6491 1 0 1 
13.1859 -10.1033 0.311124 0 0 0 0.142734 13 6492 1 0 1 
24.1648 11.5978 0.300125 0 0 0 0.145097 13 6493 1 0 1 
11.2939 29.9888 0.32892 0 0 0 0.139854 13 6494 1 0 1 
26.1631 2.9103 0.340089 0 0 0 0.133674 13 6495 1 0 1 
-4.19732 14.1644 0.30695 0 0 0 0.14329 13 6496 1 0 1 
1.82666 20.442 0.350824 0 0 0 0.134067 13 6497 1 0 1 
14.8777 44.7672 0.309849 0 0 0 0.142046 13 6498 1 0 1 
-16.2848 5.92773 0.340481 0 0 0 0.136352 13 6499 1 0 1 
8.68724 -10.1215 0.335905 0 0 0 0.135896 13 6500 1 0 1 
-18.4422 -5.74422 0.348679 0 0 0 0.135745 13 6501 1 0 1 
-17.2493 35.0716 0.314487 0 0 0 0.141143 13 6502 1 0 1 
-9.92135 -1.18937 0.408894 0 0 0 0.127155 13 6503 1 0 1 
6.46531 -6.40409 0.304663 0 0 0 0.144467 13 6504 1 0 1 
-12.476 3.86778 0.336843 0 0 0 0.136214 13 6505 1 0 1 
-4.99314 -6.29747 0.33508 0 0 0 0.138069 13 6506 1 0 1 
-12.265 6.62687 0.309747 0 0 0 0.14363 13 6507 1 0 1 
19.2768 22.0373 0.304796 0 0 0 0.141668 13 6508 1 0 1 
-12.0926 -17.6092 0.30152 0 0 0 0.143194 13 6509 1 0 1 
-6.5655 -2.73083 0.339018 0 0 0 0.137908 13 6510 1 0 1 
-5.79034 11.9446 0.333852 0 0 0 0.137112 13 6511 1 0 1 
-6.88734 17.3693 0.280134 0 0 0 0.148251 13 6512 1 0 1 
-16.6327 -13.279 0.303286 0 0 0 0.143281 13 6513 1 0 1 
8.7899 -15.4927 0.323921 0 0 0 0.139394 13 6514 1 0 1 
-24.8991 -2.50028 0.35887 0 0 0 0.13228 13 6515 1 0 1 
13.799 4.24025 0.339643 0 0 0 0.137899 13 6516 1 0 1 
-30.9501 -16.6253 0.269791 0 0 0 0.150835 13 6517 1 0 1 
-16.2717 10.7722 0.343952 0 0 0 0.134749 13 6518 1 0 1 
35.4037 -7.97993 0.328666 0 0 0 0.138065 13 6519 1 0 1 
17.0228 8.4372 0.328146 0 0 0 0.138354 13 6520 1 0 1 
1.00252 -10.5699 0.29574 0 0 0 0.144884 13 6521 1 0 1 
-4.61701 -0.622882 0.341198 0 0 0 0.136533 13 6522 1 0 1 
16.6811 -10.7835 0.308104 0 0 0 0.143547 13 6523 1 0 1 
-17.1208 -7.46256 0.328783 0 0 0 0.136299 13 6524 1 0 1 
-2.17886 4.53527 0.317325 0 0 0 0.140732 13 6525 1 0 1 
-2.94299 20.529 0.282082 0 0 0 0.148835 13 6526 1 0 1 
-23.1756 12.4452 0.365214 0 0 0 0.134867 13 6527 1 0 1 
7.20436 16.3156 0.322465 0 0 0 0.140855 13 6528 1 0 1 
-10.2705 -18.3822 0.319926 0 0 0 0.139703 13 6529 1 0 1 
-23.5549 15.6794 0.327084 0 0 0 0.139708 13 6530 1 0 1 
2.56037 16.0159 0.310203 0 0 0 0.143255 13 6531 1 0 1 
-1.6575 0.939801 0.331634 0 0 0 0.138521 13 6532 1 0 1 
-3.69336 -6.68878 0.309164 0 0 0 0.141268 13 6533 1 0 1 
-5.09674 -1.86102 0.33341 0 0 0 0.139433 13 6534 1 0 1 
-10.3892 -15.1864 0.327858 0 0 0 0.136705 13 6535 1 0 1 
0.549134 -16.0988 0.323508 0 0 0 0.140188 13 6536 1 0 1 
1.27659 -8.68682 0.306148 0 0 0 0.143505 13 6537 1 0 1 
-7.21013 3.18272 0.334178 0 0 0 0.138051 13 6538 1 0 1 
3.62637 -4.17036 0.352617 0 0 0 0.132611 13 6539 1 0 1 
25.3622 29.7776 0.371417 0 0 0 0.131909 13 6540 1 0 1 
-18.1966 11.391 0.261512 0 0 0 0.144952 13 6541 1 0 1 
-28.4852 -9.5693 0.28799 0 0 0 0.145482 13 6542 1 0 1 
-17.6374 9.01318 0.314351 0 0 0 0.142045 13 6543 1 0 1 
13.2875 10.6534 0.321212 0 0 0 0.139583 13 6544 1 0 1 
4.6143 -9.82972 0.334017 0 0 0 0.135643 13 6545 1 0 1 
-20.1345 -10.5293 0.314829 0 0 0 0.142058 13 6546 1 0 1 
14.8174 -25.5624 0.346549 0 0 0 0.135816 13 6547 1 0 1 
-7.69144 3.33186 0.345412 0 0 0 0.133248 13 6548 1 0 1 
-13.6002 23.0174 0.324172 0 0 0 0.140053 13 6549 1 0 1 
-16.6441 5.1202 0.341596 0 0 0 0.137523 13 6550 1 0 1 
-16.2561 -22.8625 0.34165 0 0 0 0.136834 13 6551 1 0 1 
-15.8256 3.67843 0.283151 0 0 0 0.148331 13 6552 1 0 1 
-15.5757 -4.8829 0.352538 0 0 0 0.135166 13 6553 1 0 1 
-30.9903 -8.72659 0.307996 0 0 0 0.143332 13 6554 1 0 1 
13.7058 -2.59638 0.311122 0 0 0 0.141416 13 6555 1 0 1 
-19.9929 -11.1427 0.308603 0 0 0 0.142982 13 6556 1 0 1 
2.56719 5.87074 0.34286 0 0 0 0.136231 13 6557 1 0 1 
15.6908 15.1887 0.309343 0 0 0 0.140939 13 6558 1 0 1 
-4.48986 -14.1092 0.30499 0 0 0 0.142806 13 6559 1 0 1 
11.4297 -6.39647 0.370986 0 0 0 0.131763 13 6560 1 0 1 
-26.3257 -3.29492 0.32318 0 0 0 0.139941 13 6561 1 0 1 
-12.1797 5.55231 0.331665 0 0 0 0.13865 13 6562 1 0 1 
11.7927 0.0972887 0.293994 0 0 0 0.144939 13 6563 1 0 1 
0.427432 -1.36564 0.338563 0 0 0 0.136902 13 6564 1 0 1 
-13.3163 4.23812 0.284899 0 0 0 0.137449 13 6565 1 0 1 
11.3996 7.64845 0.332275 0 0 0 0.137661 13 6566 1 0 1 
20.6731 -9.91766 0.343569 0 0 0 0.136576 13 6567 1 0 1 
-15.5144 22.3928 0.275009 0 0 0 0.150339 13 6568 1 0 1 
4.9869 38.9764 0.30669 0 0 0 0.141695 13 6569 1 0 1 
16.2762 -35.0192 0.327163 0 0 0 0.139562 13 6570 1 0 1 
33.1827 -5.94754 0.342959 0 0 0 0.13478 13 6571 1 0 1 
-16.8165 23.9817 0.297808 0 0 0 0.145581 13 6572 1 0 1 
-14.0032 18.9337 0.307428 0 0 0 0.142358 13 6573 1 0 1 
18.6098 -0.709911 0.352502 0 0 0 0.133124 13 6574 1 0 1 
-14.5388 6.84607 0.317807 0 0 0 0.141583 13 6575 1 0 1 
-4.45634 -14.6655 0.316631 0 0 0 0.141382 13 6576 1 0 1 
8.13726 10.2963 0.31002 0 0 0 0.143341 13 6577 1 0 1 
-5.75666 -4.92376 0.327295 0 0 0 0.137756 13 6578 1 0 1 
-31.8692 13.5657 0.336932 0 0 0 0.138294 13 6579 1 0 1 
-10.3871 -5.73885 0.314219 0 0 0 0.142164 13 6580 1 0 1 
-14.5575 4.91615 0.310765 0 0 0 0.142941 13 6581 1 0 1 
-1.79455 -5.08152 0.28504 0 0 0 0.146527 13 6582 1 0 1 
0.597096 3.24915 0.360916 0 0 0 0.132677 13 6583 1 0 1 
-1.56467 6.63518 0.345132 0 0 0 0.13484 13 6584 1 0 1 
14.1581 10.8647 0.302913 0 0 0 0.142099 13 6585 1 0 1 
-3.40852 -13.0336 0.337555 0 0 0 0.136535 13 6586 1 0 1 
-16.1402 -15.5245 0.300944 0 0 0 0.144345 13 6587 1 0 1 
-21.1715 -13.7133 0.306751 0 0 0 0.141636 13 6588 1 0 1 
-6.93087 14.2765 0.34974 0 0 0 0.132715 13 6589 1 0 1 
-5.02228 2.32291 0.365907 0 0 0 0.132529 13 6590 1 0 1 
-6.84328 26.5843 0.322906 0 0 0 0.139219 13 6591 1 0 1 
22.2139 -14.9759 0.296368 0 0 0 0.144508 13 6592 1 0 1 
14.7377 7.2933 0.308033 0 0 0 0.142286 13 6593 1 0 1 
-14.8741 21.8046 0.269497 0 0 0 0.152277 13 6594 1 0 1 
-3.87809 -21.8245 0.315024 0 0 0 0.140259 13 6595 1 0 1 
6.25754 -20.7155 0.341127 0 0 0 0.138149 13 6596 1 0 1 
15.3112 5.19285 0.312203 0 0 0 0.140336 13 6597 1 0 1 
4.65012 12.1151 0.2648 0 0 0 0.152915 13 6598 1 0 1 
6.12819 27.0502 0.332047 0 0 0 0.138294 13 6599 1 0 1 
-6.41055 7.44788 0.373771 0 0 0 0.132512 13 6600 1 0 1 
0.2132 -34.7511 0.360341 0 0 0 0.132308 13 6601 1 0 1 
-6.98179 -5.19149 0.309473 0 0 0 0.142791 13 6602 1 0 1 
7.35117 24.0858 0.347966 0 0 0 0.134375 13 6603 1 0 1 
-22.7989 16.5638 0.273124 0 0 0 0.149476 13 6604 1 0 1 
10.9848 -22.4716 0.298618 0 0 0 0.145609 13 6605 1 0 1 
-12.4573 -7.76633 0.386484 0 0 0 0.129726 13 6606 1 0 1 
1.24366 14.5683 0.334381 0 0 0 0.138106 13 6607 1 0 1 
28.1126 -7.0293 0.340132 0 0 0 0.137739 13 6608 1 0 1 
-1.50306 21.0406 0.347519 0 0 0 0.134297 13 6609 1 0 1 
13.3549 32.5597 0.335883 0 0 0 0.135067 13 6610 1 0 1 
23.7267 -11.3556 0.313742 0 0 0 0.141799 13 6611 1 0 1 
5.00438 -12.2663 0.36934 0 0 0 0.130936 13 6612 1 0 1 
-11.28 -3.99732 0.263088 0 0 0 0.154046 13 6613 1 0 1 
-19.5934 8.92086 0.376768 0 0 0 0.131409 13 6614 1 0 1 
17.1477 -0.132453 0.322348 0 0 0 0.140689 13 6615 1 0 1 
3.72238 -8.30718 0.272559 0 0 0 0.149923 13 6616 1 0 1 
6.69288 16.3275 0.32037 0 0 0 0.138452 13 6617 1 0 1 
-19.1731 10.3886 0.322334 0 0 0 0.139051 13 6618 1 0 1 
18.6207 -10.1545 0.318398 0 0 0 0.140046 13 6619 1 0 1 
25.9217 -8.71297 0.318883 0 0 0 0.137981 13 6620 1 0 1 
-20.3016 2.19882 0.287728 0 0 0 0.14692 13 6621 1 0 1 
-4.35729 19.6235 0.324226 0 0 0 0.140655 13 6622 1 0 1 
2.59979 -13.2844 0.298535 0 0 0 0.144662 13 6623 1 0 1 
7.75957 -8.25709 0.316051 0 0 0 0.140613 13 6624 1 0 1 
6.77979 -16.5182 0.315711 0 0 0 0.141463 13 6625 1 0 1 
30.3981 1.89826 0.297773 0 0 0 0.135194 13 6626 1 0 1 
-13.3384 7.44899 0.349443 0 0 0 0.136756 13 6627 1 0 1 
-3.07043 -0.98323 0.314635 0 0 0 0.142442 13 6628 1 0 1 
10.6807 16.237 0.281267 0 0 0 0.147117 13 6629 1 0 1 
4.33791 1.13934 0.317415 0 0 0 0.140692 13 6630 1 0 1 
25.3399 8.07786 0.30846 0 0 0 0.144333 13 6631 1 0 1 
3.35496 16.5608 0.348118 0 0 0 0.134171 13 6632 1 0 1 
19.2927 24.2894 0.34398 0 0 0 0.134072 13 6633 1 0 1 
20.7486 7.39975 0.32309 0 0 0 0.140405 13 6634 1 0 1 
11.3458 -7.07403 0.282639 0 0 0 0.148222 13 6635 1 0 1 
-28.2266 1.9385 0.297114 0 0 0 0.143631 13 6636 1 0 1 
14.1887 12.0811 0.353681 0 0 0 0.132224 13 6637 1 0 1 
5.29083 -21.7342 0.295249 0 0 0 0.146345 13 6638 1 0 1 
3.29108 -1.38238 0.31709 0 0 0 0.140707 13 6639 1 0 1 
13.8059 -3.7904 0.303064 0 0 0 0.144762 13 6640 1 0 1 
10.2921 10.9941 0.345142 0 0 0 0.136855 13 6641 1 0 1 
18.6438 -6.48366 0.360684 0 0 0 0.132831 13 6642 1 0 1 
-9.66715 5.5693 0.30847 0 0 0 0.144186 13 6643 1 0 1 
8.64459 0.011053 0.31405 0 0 0 0.141306 13 6644 1 0 1 
-6.38871 -43.6269 0.322418 0 0 0 0.137309 13 6645 1 0 1 
-2.06931 -11.8877 0.330847 0 0 0 0.138184 13 6646 1 0 1 
0.930231 -2.13868 0.36301 0 0 0 0.133497 13 6647 1 0 1 
-19.2298 -3.27261 0.335498 0 0 0 0.137909 13 6648 1 0 1 
2.08991 -11.6967 0.342147 0 0 0 0.13727 13 6649 1 0 1 
-1.47781 -5.53451 0.307359 0 0 0 0.144117 13 6650 1 0 1 
-7.59482 25.7209 0.345911 0 0 0 0.1345 13 6651 1 0 1 
7.12676 7.65476 0.343682 0 0 0 0.136155 13 6652 1 0 1 
-1.50271 13.1824 0.294129 0 0 0 0.146402 13 6653 1 0 1 
-16.335 -10.3846 0.330192 0 0 0 0.139234 13 6654 1 0 1 
-22.4584 -4.83706 0.303579 0 0 0 0.143999 13 6655 1 0 1 
-22.9253 -7.70289 0.349108 0 0 0 0.134305 13 6656 1 0 1 
11.6359 -10.8946 0.378915 0 0 0 0.130264 13 6657 1 0 1 
-15.7926 8.39808 0.306581 0 0 0 0.142163 13 6658 1 0 1 
-26.3184 4.10729 0.341522 0 0 0 0.138193 13 6659 1 0 1 
39.4365 3.29956 0.287178 0 0 0 0.148131 13 6660 1 0 1 
5.61476 2.79904 0.382338 0 0 0 0.130019 13 6661 1 0 1 
9.32106 -8.4413 0.298887 0 0 0 0.145489 13 6662 1 0 1 
9.68311 15.5199 0.315919 0 0 0 0.140284 13 6663 1 0 1 
-7.76311 10.2441 0.338603 0 0 0 0.136361 13 6664 1 0 1 
16.5218 -23.3392 0.382129 0 0 0 0.132378 13 6665 1 0 1 
10.4864 -7.94737 0.316619 0 0 0 0.141992 13 6666 1 0 1 
8.87853 13.9804 0.359919 0 0 0 0.131746 13 6667 1 0 1 
4.47258 3.41417 0.309671 0 0 0 0.141607 13 6668 1 0 1 
5.75004 16.9898 0.320503 0 0 0 0.138587 13 6669 1 0 1 
9.85686 13.851 0.293743 0 0 0 0.145123 13 6670 1 0 1 
29.1168 -18.3286 0.321724 0 0 0 0.139975 13 6671 1 0 1 
0.547732 -15.5708 0.287496 0 0 0 0.145581 13 6672 1 0 1 
-5.91661 8.58874 0.352867 0 0 0 0.133249 13 6673 1 0 1 
1.16678 24.9383 0.330451 0 0 0 0.137557 13 6674 1 0 1 
-15.3048 -16.821 0.332524 0 0 0 0.13852 13 6675 1 0 1 
9.13188 -9.19676 0.33569 0 0 0 0.136446 13 6676 1 0 1 
-9.06467 11.7237 0.341413 0 0 0 0.136732 13 6677 1 0 1 
10.1837 -53.5377 0.307961 0 0 0 0.141562 13 6678 1 0 1 
16.9357 13.0148 0.360005 0 0 0 0.134223 13 6679 1 0 1 
-5.02095 21.6609 0.344088 0 0 0 0.134103 13 6680 1 0 1 
-14.3498 4.18143 0.354273 0 0 0 0.133671 13 6681 1 0 1 
-21.3104 -19.9936 0.313441 0 0 0 0.140756 13 6682 1 0 1 
-10.5051 -21.9268 0.274985 0 0 0 0.150315 13 6683 1 0 1 
20.001 -0.355566 0.312395 0 0 0 0.142658 13 6684 1 0 1 
-19.9424 -9.03064 0.313451 0 0 0 0.141494 13 6685 1 0 1 
34.3896 -6.63377 0.344173 0 0 0 0.1368 13 6686 1 0 1 
-11.029 10.8947 0.32324 0 0 0 0.140428 13 6687 1 0 1 
-3.66589 2.43748 0.258924 0 0 0 0.155568 13 6688 1 0 1 
1.31017 11.2625 0.312787 0 0 0 0.141215 13 6689 1 0 1 
29.6454 5.39409 0.279893 0 0 0 0.146552 13 6690 1 0 1 
0.881197 -7.25631 0.310269 0 0 0 0.142134 13 6691 1 0 1 
4.57959 -19.3181 0.387903 0 0 0 0.130607 13 6692 1 0 1 
18.0088 30.1753 0.334651 0 0 0 0.138873 13 6693 1 0 1 
16.8062 17.3772 0.370289 0 0 0 0.132069 13 6694 1 0 1 
10.4627 8.84145 0.347953 0 0 0 0.136526 13 6695 1 0 1 
6.9807 21.5383 0.329604 0 0 0 0.139842 13 6696 1 0 1 
-12.6442 -13.8961 0.314012 0 0 0 0.140063 13 6697 1 0 1 
44.4701 -6.04828 0.289 0 0 0 0.147709 13 6698 1 0 1 
1.79192 -0.589853 0.350496 0 0 0 0.133357 13 6699 1 0 1 
-2.76807 11.9239 0.349207 0 0 0 0.135041 13 6700 1 0 1 
-8.25942 5.86299 0.309517 0 0 0 0.141772 13 6701 1 0 1 
18.4658 -3.7047 0.31435 0 0 0 0.141001 13 6702 1 0 1 
-1.37707 22.2123 0.311706 0 0 0 0.141664 13 6703 1 0 1 
-2.22143 14.8764 0.294957 0 0 0 0.146375 13 6704 1 0 1 
35.1689 -25.6585 0.33288 0 0 0 0.137255 13 6705 1 0 1 
5.47916 -19.9223 0.323571 0 0 0 0.139335 13 6706 1 0 1 
-6.38663 28.01 0.325098 0 0 0 0.140102 13 6707 1 0 1 
0.534181 1.12277 0.273967 0 0 0 0.150309 13 6708 1 0 1 
26.7813 3.45965 0.339787 0 0 0 0.136049 13 6709 1 0 1 
1.56306 -10.9671 0.309798 0 0 0 0.142606 13 6710 1 0 1 
-3.7698 6.74 0.3386 0 0 0 0.137368 13 6711 1 0 1 
-35.7483 -17.6252 0.333692 0 0 0 0.138124 13 6712 1 0 1 
24.4523 -0.105897 0.370725 0 0 0 0.131988 13 6713 1 0 1 
11.2437 -6.51603 0.370916 0 0 0 0.131667 13 6714 1 0 1 
-5.50424 10.8523 0.263387 0 0 0 0.152618 13 6715 1 0 1 
-8.40524 -37.9533 0.338396 0 0 0 0.136601 13 6716 1 0 1 
15.7822 4.53013 0.318884 0 0 0 0.139199 13 6717 1 0 1 
3.44559 -1.28121 0.348206 0 0 0 0.134616 13 6718 1 0 1 
-20.1704 -9.35241 0.286893 0 0 0 0.14664 13 6719 1 0 1 
6.643 0.867514 0.332461 0 0 0 0.137269 13 6720 1 0 1 
14.2993 28.1751 0.29371 0 0 0 0.144598 13 6721 1 0 1 
6.0738 -7.85085 0.31028 0 0 0 0.142227 13 6722 1 0 1 
14.2844 27.0125 0.331645 0 0 0 0.137446 13 6723 1 0 1 
-5.44695 -8.35376 0.353188 0 0 0 0.134636 13 6724 1 0 1 
0.00737344 -10.14 0.310342 0 0 0 0.142697 13 6725 1 0 1 
4.24999 -10.6388 0.309981 0 0 0 0.143259 13 6726 1 0 1 
-12.4814 18.4194 0.342867 0 0 0 0.134876 13 6727 1 0 1 
36.3358 -10.3627 0.324801 0 0 0 0.139239 13 6728 1 0 1 
-0.554211 -4.4171 0.318727 0 0 0 0.142486 13 6729 1 0 1 
-22.9893 24.8154 0.37666 0 0 0 0.132575 13 6730 1 0 1 
-19.1383 -13.6121 0.314582 0 0 0 0.141991 13 6731 1 0 1 
-4.7585 -15.5178 -2.87917 0 0 25.5032 0.101231 13 6732 1 0 1 
-26.1817 -5.97494 0.354254 0 0 0 0.135409 13 6733 1 0 1 
4.98158 23.64 0.340926 0 0 0 0.13733 13 6734 1 0 1 
19.3715 19.0715 0.333663 0 0 0 0.13807 13 6735 1 0 1 
19.8774 -11.2989 0.304953 0 0 0 0.140669 13 6736 1 0 1 
1.14986 -13.9669 0.348041 0 0 0 0.134867 13 6737 1 0 1 
8.30607 -0.129745 0.273128 0 0 0 0.147927 13 6738 1 0 1 
27.1794 -30.7004 0.305313 0 0 0 0.139194 13 6739 1 0 1 
1.80937 -23.1029 0.335913 0 0 0 0.138235 13 6740 1 0 1 
8.69489 -0.810794 0.317784 0 0 0 0.141624 13 6741 1 0 1 
9.12104 -12.3726 0.30137 0 0 0 0.143589 13 6742 1 0 1 
-22.1825 -3.73453 0.302814 0 0 0 0.144165 13 6743 1 0 1 
-1.61272 -8.70103 0.318869 0 0 0 0.136128 13 6744 1 0 1 
14.2356 -5.14478 0.338059 0 0 0 0.133937 13 6745 1 0 1 
-4.01827 -2.10748 0.304519 0 0 0 0.142182 13 6746 1 0 1 
13.273 6.73981 0.358366 0 0 0 0.133099 13 6747 1 0 1 
6.08251 1.99045 0.273797 0 0 0 0.149641 13 6748 1 0 1 
-19.5495 8.84924 0.33543 0 0 0 0.138099 13 6749 1 0 1 
16.9418 -16.8886 0.358547 0 0 0 0.133156 13 6750 1 0 1 
33.7911 -7.42973 0.325411 0 0 0 0.138573 13 6751 1 0 1 
14.5355 -18.9404 0.340181 0 0 0 0.134635 13 6752 1 0 1 
2.11861 14.9212 0.283038 0 0 0 0.147763 13 6753 1 0 1 
-14.7113 -13.3412 0.384341 0 0 0 0.131563 13 6754 1 0 1 
4.08592 0.486802 0.311251 0 0 0 0.142473 13 6755 1 0 1 
8.20603 13.5312 0.297096 0 0 0 0.144979 13 6756 1 0 1 
-5.18856 -13.5556 0.319143 0 0 0 0.142008 13 6757 1 0 1 
-18.0111 -28.1161 0.309743 0 0 0 0.143769 13 6758 1 0 1 
14.7679 3.0787 0.344025 0 0 0 0.13622 13 6759 1 0 1 
-15.2941 5.52162 0.322004 0 0 0 0.142257 13 6760 1 0 1 
-20.6745 21.1158 0.310436 0 0 0 0.143514 13 6761 1 0 1 
-8.37756 -31.2586 0.333303 0 0 0 0.135222 13 6762 1 0 1 
22.4759 -9.88003 0.318548 0 0 0 0.138306 13 6763 1 0 1 
-14.6042 13.2608 0.269461 0 0 0 0.151669 13 6764 1 0 1 
31.0038 4.87956 0.360913 0 0 0 0.132795 13 6765 1 0 1 
0.658104 -17.6305 0.310681 0 0 0 0.141318 13 6766 1 0 1 
-16.2257 -4.44126 0.310218 0 0 0 0.142229 13 6767 1 0 1 
-12.7094 18.7931 0.293381 0 0 0 0.144074 13 6768 1 0 1 
6.30502 8.25578 0.294574 0 0 0 0.144454 13 6769 1 0 1 
8.06301 3.88778 0.271381 0 0 0 0.151086 13 6770 1 0 1 
40.1434 -5.35028 0.335335 0 0 0 0.138177 13 6771 1 0 1 
-4.68256 -0.812618 0.330352 0 0 0 0.138707 13 6772 1 0 1 
9.52612 -27.8627 0.371741 0 0 0 0.132957 13 6773 1 0 1 
29.681 -4.60455 0.349559 0 0 0 0.136224 13 6774 1 0 1 
-5.76445 -14.132 0.294555 0 0 0 0.144466 13 6775 1 0 1 
-1.52223 23.361 0.352865 0 0 0 0.132747 13 6776 1 0 1 
10.2576 20.0111 0.316989 0 0 0 0.141834 13 6777 1 0 1 
19.1696 -21.8552 0.333644 0 0 0 0.139218 13 6778 1 0 1 
8.32209 -15.4995 0.320351 0 0 0 0.141886 13 6779 1 0 1 
19.6904 -44.4211 0.30849 0 0 0 0.14366 13 6780 1 0 1 
-2.63951 2.80491 0.340303 0 0 0 0.135117 13 6781 1 0 1 
-23.584 6.91437 0.329836 0 0 0 0.137815 13 6782 1 0 1 
-17.6577 -11.4436 0.297364 0 0 0 0.144492 13 6783 1 0 1 
-10.3313 -26.8861 0.318618 0 0 0 0.142324 13 6784 1 0 1 
9.05584 2.58498 0.312928 0 0 0 0.140401 13 6785 1 0 1 
13.5358 22.9434 0.328164 0 0 0 0.137337 13 6786 1 0 1 
-10.5418 -8.91559 0.355207 0 0 0 0.132852 13 6787 1 0 1 
-3.21158 2.89175 0.302087 0 0 0 0.143915 13 6788 1 0 1 
-6.51813 -11.08 0.315422 0 0 0 0.141784 13 6789 1 0 1 
-18.8739 -5.82901 0.350788 0 0 0 0.132715 13 6790 1 0 1 
-4.68753 21.3524 0.324818 0 0 0 0.140525 13 6791 1 0 1 
-5.34184 -9.9702 0.350979 0 0 0 0.133303 13 6792 1 0 1 
3.78355 -14.556 0.330113 0 0 0 0.138795 13 6793 1 0 1 
8.253 24.9021 0.263653 0 0 0 0.153224 13 6794 1 0 1 
20.2334 22.5569 0.283334 0 0 0 0.14863 13 6795 1 0 1 
23.7917 -15.3482 0.316522 0 0 0 0.14064 13 6796 1 0 1 
3.10438 -10.6344 0.361025 0 0 0 0.133024 13 6797 1 0 1 
-12.7831 -7.15294 0.348067 0 0 0 0.135232 13 6798 1 0 1 
-16.2458 -24.0326 0.311238 0 0 0 0.141163 13 6799 1 0 1 
13.9372 -24.6358 0.314509 0 0 0 0.141342 13 6800 1 0 1 
-2.1092 10.6586 0.346183 0 0 0 0.135115 13 6801 1 0 1 
-15.0039 4.94852 0.29897 0 0 0 0.14481 13 6802 1 0 1 
11.0638 8.06525 0.325663 0 0 0 0.14063 13 6803 1 0 1 
-6.2549 4.58054 0.29923 0 0 0 0.143836 13 6804 1 0 1 
6.21952 -11.98 0.298817 0 0 0 0.144157 13 6805 1 0 1 
0.158512 45.75 0.306517 0 0 0 0.142903 13 6806 1 0 1 
10.3944 -33.79 0.317586 0 0 0 0.141281 13 6807 1 0 1 
11.1731 0.569629 0.289246 0 0 0 0.144015 13 6808 1 0 1 
-25.7193 7.97807 0.32113 0 0 0 0.140521 13 6809 1 0 1 
-23.5102 -30.8053 0.312128 0 0 0 0.141286 13 6810 1 0 1 
27.5424 -0.882883 0.352555 0 0 0 0.134043 13 6811 1 0 1 
-3.40451 6.12652 0.314155 0 0 0 0.142495 13 6812 1 0 1 
-12.811 -15.8139 0.285511 0 0 0 0.145353 13 6813 1 0 1 
-9.12607 -34.8982 0.33212 0 0 0 0.138281 13 6814 1 0 1 
5.07882 -29.1854 0.338438 0 0 0 0.137438 13 6815 1 0 1 
8.49861 -1.08171 0.334202 0 0 0 0.13807 13 6816 1 0 1 
-16.3292 -1.23004 0.336963 0 0 0 0.137194 13 6817 1 0 1 
-11.6143 -12.9544 0.317101 0 0 0 0.140859 13 6818 1 0 1 
-21.9082 12.4774 0.326637 0 0 0 0.14045 13 6819 1 0 1 
10.3379 -7.46337 0.315004 0 0 0 0.141478 13 6820 1 0 1 
-22.5417 0.013773 0.308252 0 0 0 0.143269 13 6821 1 0 1 
17.0486 -21.9334 0.324176 0 0 0 0.140381 13 6822 1 0 1 
12.6496 0.782393 0.30473 0 0 0 0.143829 13 6823 1 0 1 
-15.6069 -10.9655 0.330797 0 0 0 0.137885 13 6824 1 0 1 
-5.02703 -30.453 0.299264 0 0 0 0.145048 13 6825 1 0 1 
-6.37334 -9.10913 0.341492 0 0 0 0.135511 13 6826 1 0 1 
15.8841 -0.419703 0.299918 0 0 0 0.143825 13 6827 1 0 1 
9.90012 -7.00084 0.323492 0 0 0 0.140394 13 6828 1 0 1 
-10.035 -7.13086 0.334307 0 0 0 0.138426 13 6829 1 0 1 
9.79831 13.6763 0.346186 0 0 0 0.136071 13 6830 1 0 1 
-12.292 7.02434 0.349358 0 0 0 0.13408 13 6831 1 0 1 
-18.8013 8.79628 0.312907 0 0 0 0.142149 13 6832 1 0 1 
10.6993 19.5795 0.284043 0 0 0 0.148462 13 6833 1 0 1 
-3.56836 -9.76459 0.304179 0 0 0 0.142835 13 6834 1 0 1 
-11.4991 -5.19525 0.312609 0 0 0 0.140344 13 6835 1 0 1 
16.2069 -31.1127 0.162546 0 0 0 0.143962 13 6836 1 0 1 
-24.8542 -16.9154 0.349042 0 0 0 0.134419 13 6837 1 0 1 
19.925 3.41051 0.319767 0 0 0 0.141118 13 6838 1 0 1 
-12.679 8.3136 0.30461 0 0 0 0.143438 13 6839 1 0 1 
32.207 0.623576 0.293752 0 0 0 0.14445 13 6840 1 0 1 
-4.67651 13.9576 0.333984 0 0 0 0.138845 13 6841 1 0 1 
-1.76391 3.06438 0.331647 0 0 0 0.137349 13 6842 1 0 1 
-20.0367 11.5366 0.333661 0 0 0 0.136673 13 6843 1 0 1 
-18.4344 -4.64413 0.31302 0 0 0 0.140433 13 6844 1 0 1 
1.34933 3.00006 0.343623 0 0 0 0.136641 13 6845 1 0 1 
-10.2199 3.97324 0.3448 0 0 0 0.132024 13 6846 1 0 1 
18.6892 30.7204 0.3424 0 0 0 0.135325 13 6847 1 0 1 
-5.02724 -2.91045 0.324135 0 0 0 0.139565 13 6848 1 0 1 
-1.54039 -27.5484 0.335813 0 0 0 0.138155 13 6849 1 0 1 
-10.017 4.00129 0.309772 0 0 0 0.141531 13 6850 1 0 1 
19.6455 16.7673 0.312464 0 0 0 0.143189 13 6851 1 0 1 
-13.5152 -8.78412 0.345669 0 0 0 0.136554 13 6852 1 0 1 
-12.4932 6.7764 0.288412 0 0 0 0.146409 13 6853 1 0 1 
13.757 -11.2359 0.324096 0 0 0 0.140668 13 6854 1 0 1 
-20.0617 19.1958 0.381575 0 0 0 0.128281 13 6855 1 0 1 
-3.43719 -14.2276 0.297232 0 0 0 0.145014 13 6856 1 0 1 
1.11652 -8.00938 0.333763 0 0 0 0.139038 13 6857 1 0 1 
-26.2513 24.607 0.351986 0 0 0 0.132498 13 6858 1 0 1 
-27.2377 -24.9189 0.275981 0 0 0 0.150322 13 6859 1 0 1 
35.7104 8.55943 0.31735 0 0 0 0.141764 13 6860 1 0 1 
7.17105 -0.789596 0.322171 0 0 0 0.140671 13 6861 1 0 1 
4.3665 5.98099 0.350298 0 0 0 0.134395 13 6862 1 0 1 
24.714 4.77841 0.354748 0 0 0 0.13383 13 6863 1 0 1 
-1.49054 -16.937 0.321412 0 0 0 0.138774 13 6864 1 0 1 
11.7931 -20.4734 0.287471 0 0 0 0.14729 13 6865 1 0 1 
-10.2306 22.5316 0.337299 0 0 0 0.13678 13 6866 1 0 1 
1.6031 -30.0701 0.300275 0 0 0 0.144133 13 6867 1 0 1 
-7.1492 -16.1824 0.284313 0 0 0 0.146299 13 6868 1 0 1 
-5.87181 1.18908 0.331631 0 0 0 0.138661 13 6869 1 0 1 
14.3814 14.2738 0.357167 0 0 0 0.131996 13 6870 1 0 1 
-10.8352 -6.72913 0.317545 0 0 0 0.140931 13 6871 1 0 1 
-11.5794 3.94514 0.273744 0 0 0 0.150393 13 6872 1 0 1 
-9.67175 23.9399 0.296245 0 0 0 0.145184 13 6873 1 0 1 
33.1497 13.1747 0.343121 0 0 0 0.133832 13 6874 1 0 1 
-29.0058 -14.647 0.314714 0 0 0 0.142444 13 6875 1 0 1 
-7.20061 12.5365 0.259416 0 0 0 0.152281 13 6876 1 0 1 
-6.01313 27.6713 0.346628 0 0 0 0.135192 13 6877 1 0 1 
-9.58701 -45.9691 0.309588 0 0 0 0.143879 13 6878 1 0 1 
-9.42634 -10.6581 0.276278 0 0 0 0.149833 13 6879 1 0 1 
11.2863 -6.86398 0.316868 0 0 0 0.141288 13 6880 1 0 1 
9.32154 -6.38493 0.330653 0 0 0 0.137967 13 6881 1 0 1 
-8.71077 26.6868 0.304544 0 0 0 0.142293 13 6882 1 0 1 
-8.83516 9.26431 0.35544 0 0 0 0.130992 13 6883 1 0 1 
1.07192 -2.96401 0.324011 0 0 0 0.139093 13 6884 1 0 1 
12.5664 36.2887 0.364023 0 0 0 0.132211 13 6885 1 0 1 
-28.6956 17.4206 0.356154 0 0 0 0.136236 13 6886 1 0 1 
12.9764 1.26769 0.345143 0 0 0 0.134839 13 6887 1 0 1 
-19.0744 2.51019 0.313078 0 0 0 0.142369 13 6888 1 0 1 
18.8389 18.1368 0.309758 0 0 0 0.142988 13 6889 1 0 1 
-2.87897 -23.5204 0.304541 0 0 0 0.142625 13 6890 1 0 1 
-10.9968 8.96449 0.359811 0 0 0 0.132516 13 6891 1 0 1 
24.3411 -6.20584 0.299792 0 0 0 0.143308 13 6892 1 0 1 
3.11057 4.61234 0.3808 0 0 0 0.131062 13 6893 1 0 1 
13.1618 3.19882 0.303193 0 0 0 0.144038 13 6894 1 0 1 
-13.659 4.04475 0.309354 0 0 0 0.143506 13 6895 1 0 1 
7.29434 -5.7973 0.288464 0 0 0 0.146608 13 6896 1 0 1 
-21.8011 -6.15633 0.339804 0 0 0 0.137813 13 6897 1 0 1 
6.99894 7.68087 0.320724 0 0 0 0.137768 13 6898 1 0 1 
-2.19195 0.0208475 0.31522 0 0 0 0.142775 13 6899 1 0 1 
-29.5837 2.4065 0.350208 0 0 0 0.133802 13 6900 1 0 1 
-3.41642 -5.97208 0.31987 0 0 0 0.141358 13 6901 1 0 1 
23.9628 -6.70035 0.347086 0 0 0 0.137073 13 6902 1 0 1 
9.06949 -6.65486 0.295465 0 0 0 0.144207 13 6903 1 0 1 
-6.21184 -19.1374 0.296983 0 0 0 0.144959 13 6904 1 0 1 
9.97226 -0.175157 0.325295 0 0 0 0.14139 13 6905 1 0 1 
-1.11039 -13.1058 0.298829 0 0 0 0.146426 13 6906 1 0 1 
-7.03841 23.107 0.342699 0 0 0 0.136023 13 6907 1 0 1 
-13.1157 -6.0998 0.351055 0 0 0 0.135702 13 6908 1 0 1 
-33.6176 3.74395 0.306892 0 0 0 0.143097 13 6909 1 0 1 
-6.44081 13.6248 0.319715 0 0 0 0.141457 13 6910 1 0 1 
-13.9773 12.8741 0.381546 0 0 0 0.131436 13 6911 1 0 1 
9.51808 16.9591 0.308234 0 0 0 0.143192 13 6912 1 0 1 
-7.09966 -14.5494 0.34248 0 0 0 0.135445 13 6913 1 0 1 
-11.1829 2.69852 0.357544 0 0 0 0.134148 13 6914 1 0 1 
-30.0197 -3.16101 0.323808 0 0 0 0.139633 13 6915 1 0 1 
-7.03807 19.4243 0.282789 0 0 0 0.146971 13 6916 1 0 1 
22.2993 -6.76702 0.345552 0 0 0 0.1356 13 6917 1 0 1 
0.438494 -3.8042 0.270447 0 0 0 0.151828 13 6918 1 0 1 
-14.7185 21.8711 0.311222 0 0 0 0.142619 13 6919 1 0 1 
-10.5592 -9.71861 0.321416 0 0 0 0.140862 13 6920 1 0 1 
-21.7746 21.3644 0.304241 0 0 0 0.143921 13 6921 1 0 1 
12.0056 -9.4525 0.334358 0 0 0 0.137385 13 6922 1 0 1 
1.19534 1.44648 0.303474 0 0 0 0.144969 13 6923 1 0 1 
8.03521 6.96981 0.344672 0 0 0 0.137264 13 6924 1 0 1 
-6.11005 6.3155 0.279414 0 0 0 0.147077 13 6925 1 0 1 
5.6427 -1.88882 0.32448 0 0 0 0.139322 13 6926 1 0 1 
2.67941 8.22986 0.329681 0 0 0 0.138813 13 6927 1 0 1 
-18.7892 -30.1016 0.311852 0 0 0 0.142138 13 6928 1 0 1 
-9.22388 9.47457 0.322565 0 0 0 0.141986 13 6929 1 0 1 
2.34014 9.75691 0.299684 0 0 0 0.144986 13 6930 1 0 1 
7.7098 22.4902 0.311184 0 0 0 0.142016 13 6931 1 0 1 
-11.3923 -20.7145 0.329139 0 0 0 0.13876 13 6932 1 0 1 
-18.6681 23.6617 0.341166 0 0 0 0.13612 13 6933 1 0 1 
4.70804 19.0528 0.275366 0 0 0 0.148131 13 6934 1 0 1 
15.7154 1.66182 0.300909 0 0 0 0.144771 13 6935 1 0 1 
-7.78142 15.1789 0.319422 0 0 0 0.139934 13 6936 1 0 1 
2.41055 -10.8292 0.336239 0 0 0 0.136371 13 6937 1 0 1 
34.9996 2.44207 0.295607 0 0 0 0.144859 13 6938 1 0 1 
16.2249 17.9164 0.29318 0 0 0 0.144947 13 6939 1 0 1 
-14.7585 13.6914 0.330187 0 0 0 0.137085 13 6940 1 0 1 
-6.90438 13.3722 0.34386 0 0 0 0.134948 13 6941 1 0 1 
-7.62023 -10.498 0.290516 0 0 0 0.142765 13 6942 1 0 1 
-5.91537 1.59027 0.311061 0 0 0 0.142115 13 6943 1 0 1 
-19.908 5.68008 0.261381 0 0 0 0.153893 13 6944 1 0 1 
0.465029 11.2081 0.348215 0 0 0 0.13423 13 6945 1 0 1 
-5.05974 29.5637 0.305553 0 0 0 0.143617 13 6946 1 0 1 
4.59129 3.5808 0.312451 0 0 0 0.140648 13 6947 1 0 1 
-10.7799 19.675 0.349866 0 0 0 0.13366 13 6948 1 0 1 
2.4588 -4.89011 0.311319 0 0 0 0.142312 13 6949 1 0 1 
17.7815 2.91727 0.311471 0 0 0 0.143264 13 6950 1 0 1 
-7.90499 -2.27324 0.357309 0 0 0 0.132564 13 6951 1 0 1 
3.50947 -4.39608 0.323461 0 0 0 0.139411 13 6952 1 0 1 
-17.5604 -25.456 0.331526 0 0 0 0.138458 13 6953 1 0 1 
24.6862 -3.55146 0.326078 0 0 0 0.138982 13 6954 1 0 1 
5.4243 -0.050587 0.295569 0 0 0 0.144832 13 6955 1 0 1 
-12.0237 1.41525 0.304204 0 0 0 0.137218 13 6956 1 0 1 
23.1745 12.5408 0.342224 0 0 0 0.134169 13 6957 1 0 1 
6.72314 -21.8508 0.303154 0 0 0 0.138733 13 6958 1 0 1 
-17.0163 9.63352 0.335221 0 0 0 0.137486 13 6959 1 0 1 
-21.0981 24.658 0.302099 0 0 0 0.144394 13 6960 1 0 1 
0.540818 -6.49217 0.357151 0 0 0 0.131825 13 6961 1 0 1 
31.357 -25.4093 0.346163 0 0 0 0.136259 13 6962 1 0 1 
0.28553 1.65227 0.341058 0 0 0 0.135195 13 6963 1 0 1 
-21.1012 -5.00678 0.312555 0 0 0 0.140344 13 6964 1 0 1 
1.48787 -27.5305 0.345966 0 0 0 0.133963 13 6965 1 0 1 
-22.2784 -39.5611 0.32321 0 0 0 0.142132 13 6966 1 0 1 
-20.6187 2.31266 0.333524 0 0 0 0.137856 13 6967 1 0 1 
15.0789 -13.6541 0.34506 0 0 0 0.135217 13 6968 1 0 1 
7.92123 -29.1961 0.305143 0 0 0 0.143454 13 6969 1 0 1 
11.1234 -2.59373 0.270488 0 0 0 0.150909 13 6970 1 0 1 
-18.3647 14.365 0.342125 0 0 0 0.13504 13 6971 1 0 1 
-32.4769 18.9179 0.334017 0 0 0 0.137746 13 6972 1 0 1 
3.01495 -21.8018 0.282515 0 0 0 0.148247 13 6973 1 0 1 
-12.6761 7.71065 0.343109 0 0 0 0.134405 13 6974 1 0 1 
-7.4103 25.6588 0.331539 0 0 0 0.138122 13 6975 1 0 1 
24.9344 12.1353 0.29679 0 0 0 0.145094 13 6976 1 0 1 
0.224148 -19.9549 0.31049 0 0 0 0.142438 13 6977 1 0 1 
6.37809 -13.0226 0.345237 0 0 0 0.136307 13 6978 1 0 1 
4.80788 22.529 0.355004 0 0 0 0.132857 13 6979 1 0 1 
-1.68037 -13.261 0.316351 0 0 0 0.13904 13 6980 1 0 1 
-5.31642 8.9071 0.303128 0 0 0 0.14472 13 6981 1 0 1 
9.52244 -7.542 0.307112 0 0 0 0.141478 13 6982 1 0 1 
7.32757 21.1411 0.352881 0 0 0 0.132777 13 6983 1 0 1 
5.7689 0.688981 0.274653 0 0 0 0.150645 13 6984 1 0 1 
14.6127 -2.82179 0.331473 0 0 0 0.139192 13 6985 1 0 1 
-19.0098 7.8933 0.300952 0 0 0 0.144615 13 6986 1 0 1 
-11.4787 19.5293 0.297543 0 0 0 0.143787 13 6987 1 0 1 
15.0865 10.1715 0.318113 0 0 0 0.13971 13 6988 1 0 1 
-6.337 2.04004 0.337958 0 0 0 0.137603 13 6989 1 0 1 
-11.1269 -13.0441 0.305963 0 0 0 0.142717 13 6990 1 0 1 
4.4444 -10.9628 0.355954 0 0 0 0.13236 13 6991 1 0 1 
6.55188 19.6473 0.283613 0 0 0 0.146469 13 6992 1 0 1 
9.20919 -16.0352 0.318416 0 0 0 0.137589 13 6993 1 0 1 
-23.0573 21.4546 0.308044 0 0 0 0.143874 13 6994 1 0 1 
6.54368 16.6489 0.280333 0 0 0 0.144996 13 6995 1 0 1 
-3.55317 2.05172 0.310199 0 0 0 0.1436 13 6996 1 0 1 
1.19063 13.2261 0.334195 0 0 0 0.139801 13 6997 1 0 1 
5.01432 14.7916 0.295884 0 0 0 0.144907 13 6998 1 0 1 
0.835377 3.30789 0.308201 0 0 0 0.142309 13 6999 1 0 1 
30.858 -4.5685 0.344786 0 0 0 0.133647 13 7000 1 0 1 
-8.23067 17.9833 0.320698 0 0 0 0.142143 13 7001 1 0 1 
-31.0932 16.1937 0.343257 0 0 0 0.136094 13 7002 1 0 1 
-14.2204 -12.1197 0.350515 0 0 0 0.134867 13 7003 1 0 1 
-2.62567 -21.5616 0.355674 0 0 0 0.130997 13 7004 1 0 1 
3.13587 -6.1764 0.32051 0 0 0 0.140354 13 7005 1 0 1 
6.59064 3.88918 0.337191 0 0 0 0.137571 13 7006 1 0 1 
-11.3135 3.67627 0.363635 0 0 0 0.130564 13 7007 1 0 1 
8.5835 -23.1845 0.29964 0 0 0 0.144738 13 7008 1 0 1 
6.16782 -2.9543 0.331875 0 0 0 0.137246 13 7009 1 0 1 
16.8668 -15.8129 0.334165 0 0 0 0.135142 13 7010 1 0 1 
-6.68819 15.8343 0.327362 0 0 0 0.138884 13 7011 1 0 1 
17.5957 5.92862 0.324921 0 0 0 0.13776 13 7012 1 0 1 
-16.1072 -2.87223 0.348139 0 0 0 0.13592 13 7013 1 0 1 
-12.3215 -12.1905 0.283621 0 0 0 0.149512 13 7014 1 0 1 
-9.89435 -22.3467 0.323233 0 0 0 0.141055 13 7015 1 0 1 
-0.231025 6.69612 0.314367 0 0 0 0.139052 13 7016 1 0 1 
-14.0621 -6.31273 0.320743 0 0 0 0.138805 13 7017 1 0 1 
14.168 2.15625 0.340678 0 0 0 0.135838 13 7018 1 0 1 
-16.0598 2.06467 0.269318 0 0 0 0.151511 13 7019 1 0 1 
-10.1209 13.79 0.317744 0 0 0 0.138972 13 7020 1 0 1 
6.60454 17.244 0.295873 0 0 0 0.14551 13 7021 1 0 1 
-0.643054 -12.2619 0.318798 0 0 0 0.142104 13 7022 1 0 1 
-3.14331 -8.1703 0.322064 0 0 0 0.14018 13 7023 1 0 1 
-0.824286 12.8797 0.319227 0 0 0 0.142301 13 7024 1 0 1 
3.09674 -16.4608 0.320208 0 0 0 0.140912 13 7025 1 0 1 
15.4971 11.3358 0.318583 0 0 0 0.132522 13 7026 1 0 1 
8.12065 -24.5481 0.306368 0 0 0 0.142149 13 7027 1 0 1 
-27.8934 31.0449 0.306265 0 0 0 0.144849 13 7028 1 0 1 
26.2725 -20.2741 0.341362 0 0 0 0.136329 13 7029 1 0 1 
10.8525 -1.81898 0.298935 0 0 0 0.143872 13 7030 1 0 1 
21.0599 -8.62509 0.326127 0 0 0 0.141288 13 7031 1 0 1 
-1.04963 20.7082 0.304451 0 0 0 0.143796 13 7032 1 0 1 
-3.21702 -18.8257 0.329734 0 0 0 0.138171 13 7033 1 0 1 
-14.1544 15.6728 0.309959 0 0 0 0.140606 13 7034 1 0 1 
-2.76492 23.6001 0.304476 0 0 0 0.141485 13 7035 1 0 1 
4.20694 17.2702 0.302601 0 0 0 0.144962 13 7036 1 0 1 
8.86898 7.8001 0.302748 0 0 0 0.144308 13 7037 1 0 1 
9.25462 -2.95839 0.317698 0 0 0 0.141607 13 7038 1 0 1 
-6.49448 28.5955 0.315804 0 0 0 0.140186 13 7039 1 0 1 
-14.1586 -21.2953 0.318356 0 0 0 0.141285 13 7040 1 0 1 
20.5821 -9.28294 0.345041 0 0 0 0.134756 13 7041 1 0 1 
-5.02702 -16.708 0.320768 0 0 0 0.139057 13 7042 1 0 1 
7.694 23.2209 0.348658 0 0 0 0.133877 13 7043 1 0 1 
0.266587 -0.0359004 0.300848 0 0 0 0.140656 13 7044 1 0 1 
-1.33361 6.71305 0.349305 0 0 0 0.135834 13 7045 1 0 1 
17.2746 21.4912 0.297624 0 0 0 0.145793 13 7046 1 0 1 
-7.49096 0.366557 0.314702 0 0 0 0.140692 13 7047 1 0 1 
9.97119 6.36848 0.320337 0 0 0 0.14003 13 7048 1 0 1 
-8.42637 14.9049 0.325495 0 0 0 0.138379 13 7049 1 0 1 
17.4106 -2.21205 0.310505 0 0 0 0.142238 13 7050 1 0 1 
-8.12845 -32.6628 0.327514 0 0 0 0.139631 13 7051 1 0 1 
-4.14082 -3.87112 0.33412 0 0 0 0.136764 13 7052 1 0 1 
5.88647 4.19112 0.290902 0 0 0 0.146238 13 7053 1 0 1 
5.67947 0.810826 0.317743 0 0 0 0.140737 13 7054 1 0 1 
13.9183 13.5693 0.342001 0 0 0 0.137165 13 7055 1 0 1 
-2.82598 -11.8208 0.366296 0 0 0 0.133758 13 7056 1 0 1 
8.82844 -5.55504 0.336128 0 0 0 0.136602 13 7057 1 0 1 
3.65733 19.8817 0.3419 0 0 0 0.136741 13 7058 1 0 1 
14.8852 14.7285 0.397226 0 0 0 0.12836 13 7059 1 0 1 
-19.3597 15.0443 0.359302 0 0 0 0.131883 13 7060 1 0 1 
1.11881 10.4472 0.341714 0 0 0 0.137725 13 7061 1 0 1 
6.8634 20.1712 0.352972 0 0 0 0.134747 13 7062 1 0 1 
-7.91034 9.38863 0.325487 0 0 0 0.140792 13 7063 1 0 1 
3.75066 -27.2754 0.264907 0 0 0 0.153753 13 7064 1 0 1 
18.6276 -19.7967 0.32072 0 0 0 0.141897 13 7065 1 0 1 
-36.8851 7.9006 0.339273 0 0 0 0.136835 13 7066 1 0 1 
13.3826 8.89729 0.361659 0 0 0 0.134821 13 7067 1 0 1 
-11.2908 12.3837 0.38833 0 0 0 0.129558 13 7068 1 0 1 
13.2878 1.92535 0.369982 0 0 0 0.130786 13 7069 1 0 1 
-1.44623 22.0402 0.31514 0 0 0 0.141204 13 7070 1 0 1 
9.77027 5.39026 0.352648 0 0 0 0.133486 13 7071 1 0 1 
-16.932 8.36624 0.328045 0 0 0 0.138865 13 7072 1 0 1 
-7.42139 -2.18314 0.30955 0 0 0 0.142601 13 7073 1 0 1 
-24.0659 -20.4203 0.320733 0 0 0 0.141569 13 7074 1 0 1 
-5.74506 -0.688261 0.277024 0 0 0 0.148908 13 7075 1 0 1 
-11.0118 16.1545 0.320986 0 0 0 0.13906 13 7076 1 0 1 
29.1317 1.54221 0.302758 0 0 0 0.144894 13 7077 1 0 1 
9.35162 -14.9121 0.330331 0 0 0 0.137809 13 7078 1 0 1 
5.72978 -8.78332 0.242003 0 0 0 0.133982 13 7079 1 0 1 
14.7961 -4.55612 0.321836 0 0 0 0.139585 13 7080 1 0 1 
6.29356 10.4187 0.325061 0 0 0 0.14057 13 7081 1 0 1 
16.6462 13.5583 0.302874 0 0 0 0.142967 13 7082 1 0 1 
-3.64736 -20.782 0.306907 0 0 0 0.143737 13 7083 1 0 1 
-3.39899 15.2653 0.324351 0 0 0 0.141078 13 7084 1 0 1 
-20.6198 -9.00916 0.347703 0 0 0 0.134619 13 7085 1 0 1 
-7.13073 -10.4808 0.283285 0 0 0 0.146842 13 7086 1 0 1 
3.45616 -4.42175 0.325892 0 0 0 0.140804 13 7087 1 0 1 
-7.02175 25.3816 0.363203 0 0 0 0.132466 13 7088 1 0 1 
12.6869 30.3691 0.303478 0 0 0 0.143539 13 7089 1 0 1 
-9.04235 -20.3738 0.278071 0 0 0 0.149785 13 7090 1 0 1 
-2.68464 5.18028 0.323121 0 0 0 0.139144 13 7091 1 0 1 
-9.19993 -27.8461 0.305928 0 0 0 0.143665 13 7092 1 0 1 
13.2323 26.4225 0.330071 0 0 0 0.139809 13 7093 1 0 1 
7.37101 -11.846 0.304539 0 0 0 0.140601 13 7094 1 0 1 
8.522 -18.5597 0.306825 0 0 0 0.142062 13 7095 1 0 1 
-11.69 -3.71066 0.329585 0 0 0 0.139686 13 7096 1 0 1 
-11.1219 -12.1267 0.341313 0 0 0 0.134931 13 7097 1 0 1 
6.14074 -8.36994 0.357877 0 0 0 0.132752 13 7098 1 0 1 
-5.45539 1.42327 0.3047 0 0 0 0.138615 13 7099 1 0 1 
7.48412 -45.9962 0.376449 0 0 0 0.130485 13 7100 1 0 1 
-22.7402 5.26185 0.367747 0 0 0 0.129457 13 7101 1 0 1 
-13.1787 -0.870888 0.331619 0 0 0 0.139518 13 7102 1 0 1 
-0.0277419 -5.88861 0.360456 0 0 0 0.133254 13 7103 1 0 1 
-10.2202 -18.1491 0.325085 0 0 0 0.139437 13 7104 1 0 1 
-15.1424 -1.02104 0.328104 0 0 0 0.136681 13 7105 1 0 1 
1.87407 -20.5599 0.286948 0 0 0 0.146815 13 7106 1 0 1 
0.248292 1.45351 0.395735 0 0 0 0.129072 13 7107 1 0 1 
-28.9297 -10.3822 0.296091 0 0 0 0.145558 13 7108 1 0 1 
-10.0046 13.6526 0.354252 0 0 0 0.133765 13 7109 1 0 1 
-17.709 -6.0517 0.385408 0 0 0 0.130122 13 7110 1 0 1 
-9.86248 -7.60489 0.329471 0 0 0 0.139545 13 7111 1 0 1 
-11.6206 3.15945 0.331512 0 0 0 0.138603 13 7112 1 0 1 
-14.5699 1.93484 0.329547 0 0 0 0.1393 13 7113 1 0 1 
-21.4586 -5.18949 0.293295 0 0 0 0.145747 13 7114 1 0 1 
18.8411 51.7848 0.33978 0 0 0 0.136254 13 7115 1 0 1 
-11.6552 29.5181 0.326524 0 0 0 0.139213 13 7116 1 0 1 
-14.1422 0.150354 0.345962 0 0 0 0.134596 13 7117 1 0 1 
-5.29793 12.1313 0.378381 0 0 0 0.131604 13 7118 1 0 1 
12.8436 -30.7491 0.309491 0 0 0 0.143423 13 7119 1 0 1 
-18.1806 -21.2757 0.385568 0 0 0 0.13066 13 7120 1 0 1 
1.34512 4.84662 0.353225 0 0 0 0.134104 13 7121 1 0 1 
-11.8318 9.37847 0.310277 0 0 0 0.143102 13 7122 1 0 1 
30.019 16.7051 0.30879 0 0 0 0.144002 13 7123 1 0 1 
21.073 3.38553 0.292367 0 0 0 0.132863 13 7124 1 0 1 
1.23179 4.58156 0.308428 0 0 0 0.141731 13 7125 1 0 1 
-12.4202 -42.2815 0.284666 0 0 0 0.148148 13 7126 1 0 1 
28.6565 4.9868 0.292648 0 0 0 0.142472 13 7127 1 0 1 
-6.43343 0.783584 0.311937 0 0 0 0.140562 13 7128 1 0 1 
-14.7024 -3.84293 0.336743 0 0 0 0.137216 13 7129 1 0 1 
14.4768 24.8125 0.341244 0 0 0 0.136807 13 7130 1 0 1 
-6.83066 -12.2503 0.340269 0 0 0 0.137795 13 7131 1 0 1 
12.8415 -6.40313 0.314032 0 0 0 0.141938 13 7132 1 0 1 
8.80087 1.1188 0.343393 0 0 0 0.136128 13 7133 1 0 1 
-24.2089 -18.2693 0.302122 0 0 0 0.142536 13 7134 1 0 1 
4.31817 -28.8112 0.316283 0 0 0 0.140564 13 7135 1 0 1 
8.8714 -8.30234 0.324342 0 0 0 0.140982 13 7136 1 0 1 
-11.5205 -6.0722 0.319345 0 0 0 0.141504 13 7137 1 0 1 
17.4616 14.8813 0.346142 0 0 0 0.133369 13 7138 1 0 1 
-3.16939 -10.0056 0.325664 0 0 0 0.139768 13 7139 1 0 1 
7.23804 -9.66118 0.378409 0 0 0 0.130428 13 7140 1 0 1 
-13.7876 -9.03656 0.32737 0 0 0 0.139172 13 7141 1 0 1 
15.2112 0.502901 0.266327 0 0 0 0.149227 13 7142 1 0 1 
-8.75857 3.79442 0.317539 0 0 0 0.141389 13 7143 1 0 1 
-22.9005 1.60597 0.330865 0 0 0 0.138814 13 7144 1 0 1 
-13.0047 -6.9276 0.32835 0 0 0 0.136636 13 7145 1 0 1 
39.7414 -4.59199 0.296533 0 0 0 0.145926 13 7146 1 0 1 
0.157314 -15.1772 0.331719 0 0 0 0.138998 13 7147 1 0 1 
-21.3259 -0.0372229 0.340935 0 0 0 0.139786 13 7148 1 0 1 
-15.6468 -10.2554 0.323387 0 0 0 0.138164 13 7149 1 0 1 
15.8143 7.83809 0.308162 0 0 0 0.143158 13 7150 1 0 1 
-13.4579 25.2689 0.325305 0 0 0 0.13983 13 7151 1 0 1 
-4.92681 -14.4929 0.326876 0 0 0 0.138641 13 7152 1 0 1 
-4.87256 -4.47438 0.27823 0 0 0 0.148309 13 7153 1 0 1 
12.1722 -30.4557 0.298475 0 0 0 0.144679 13 7154 1 0 1 
5.78847 21.0148 0.352559 0 0 0 0.1347 13 7155 1 0 1 
-14.0909 -7.09985 0.358227 0 0 0 0.132409 13 7156 1 0 1 
-0.707901 -4.08694 0.304418 0 0 0 0.143938 13 7157 1 0 1 
14.5849 8.25484 0.342164 0 0 0 0.136295 13 7158 1 0 1 
3.52898 -14.7265 0.307041 0 0 0 0.142521 13 7159 1 0 1 
-3.35356 28.3306 0.334235 0 0 0 0.139271 13 7160 1 0 1 
-14.4258 -25.1171 0.341947 0 0 0 0.134158 13 7161 1 0 1 
13.1853 -22.0327 0.302488 0 0 0 0.143662 13 7162 1 0 1 
27.7318 17.4287 0.345344 0 0 0 0.135726 13 7163 1 0 1 
5.46657 -8.43233 0.278944 0 0 0 0.150903 13 7164 1 0 1 
27.4577 7.83247 0.352908 0 0 0 0.134156 13 7165 1 0 1 
4.37626 -2.60807 0.316843 0 0 0 0.141732 13 7166 1 0 1 
-9.0815 -8.0443 0.283922 0 0 0 0.147431 13 7167 1 0 1 
-32.7925 14.5425 0.312937 0 0 0 0.141585 13 7168 1 0 1 
10.7327 6.65551 0.324227 0 0 0 0.139386 13 7169 1 0 1 
16.2889 1.36192 0.355691 0 0 0 0.133002 13 7170 1 0 1 
7.3788 -5.70282 0.325645 0 0 0 0.140434 13 7171 1 0 1 
-12.8582 5.9236 0.325381 0 0 0 0.137469 13 7172 1 0 1 
-29.2586 -8.74596 0.314593 0 0 0 0.141035 13 7173 1 0 1 
-8.54107 -16.2384 0.29088 0 0 0 0.145197 13 7174 1 0 1 
7.45699 -6.4471 0.347801 0 0 0 0.135397 13 7175 1 0 1 
34.1435 26.5429 0.34707 0 0 0 0.133829 13 7176 1 0 1 
11.4004 -6.49664 0.361249 0 0 0 0.132596 13 7177 1 0 1 
7.9962 21.3571 0.308237 0 0 0 0.142228 13 7178 1 0 1 
2.12843 -1.86735 0.321512 0 0 0 0.141496 13 7179 1 0 1 
18.9936 18.2049 0.334597 0 0 0 0.136774 13 7180 1 0 1 
8.74288 2.63263 0.328603 0 0 0 0.140265 13 7181 1 0 1 
9.03173 32.5636 0.331967 0 0 0 0.136371 13 7182 1 0 1 
26.2598 -19.885 0.406994 0 0 0 0.126337 13 7183 1 0 1 
-13.2171 12.1796 0.296548 0 0 0 0.1437 13 7184 1 0 1 
11.0855 1.54108 0.318527 0 0 0 0.141832 13 7185 1 0 1 
-0.484064 7.85605 0.339655 0 0 0 0.137123 13 7186 1 0 1 
-7.94585 -9.56972 0.312358 0 0 0 0.142981 13 7187 1 0 1 
5.66333 10.8387 0.302481 0 0 0 0.144988 13 7188 1 0 1 
-25.0444 -21.8514 0.352542 0 0 0 0.13356 13 7189 1 0 1 
-0.146818 12.1943 0.299066 0 0 0 0.14495 13 7190 1 0 1 
-10.826 -6.78241 0.325122 0 0 0 0.136533 13 7191 1 0 1 
2.79073 25.8601 0.272993 0 0 0 0.149868 13 7192 1 0 1 
5.41778 18.0729 0.346011 0 0 0 0.133499 13 7193 1 0 1 
4.36 6.30771 0.327866 0 0 0 0.139733 13 7194 1 0 1 
-3.74717 4.8306 0.320157 0 0 0 0.142452 13 7195 1 0 1 
15.2536 4.91331 0.31649 0 0 0 0.139996 13 7196 1 0 1 
-0.301151 10.1174 0.30341 0 0 0 0.14311 13 7197 1 0 1 
2.50945 -3.92415 0.313249 0 0 0 0.142145 13 7198 1 0 1 
16.6343 -10.9563 0.321037 0 0 0 0.1406 13 7199 1 0 1 
6.27255 -10.5451 0.317417 0 0 0 0.141656 13 7200 1 0 1 
-28.8617 -8.58638 0.340383 0 0 0 0.137302 13 7201 1 0 1 
-0.0446243 24.3346 0.332269 0 0 0 0.13763 13 7202 1 0 1 
-2.43666 17.2867 0.320525 0 0 0 0.140033 13 7203 1 0 1 
-5.16651 6.25169 0.336577 0 0 0 0.137797 13 7204 1 0 1 
-11.2351 -9.17471 0.328742 0 0 0 0.138708 13 7205 1 0 1 
-10.8743 -15.0852 0.367102 0 0 0 0.132041 13 7206 1 0 1 
-2.40498 5.82511 0.317325 0 0 0 0.139742 13 7207 1 0 1 
-2.56236 7.68642 0.298336 0 0 0 0.146042 13 7208 1 0 1 
8.31376 10.7161 0.305853 0 0 0 0.143908 13 7209 1 0 1 
12.4958 7.23709 0.346818 0 0 0 0.135652 13 7210 1 0 1 
7.03962 -17.3343 0.33878 0 0 0 0.136567 13 7211 1 0 1 
-24.3425 -0.728936 0.32709 0 0 0 0.137718 13 7212 1 0 1 
8.76038 -5.69178 0.354423 0 0 0 0.132838 13 7213 1 0 1 
9.4895 13.5138 0.296201 0 0 0 0.145358 13 7214 1 0 1 
6.15991 0.515564 0.337249 0 0 0 0.137475 13 7215 1 0 1 
-16.2535 -7.00563 0.338435 0 0 0 0.136704 13 7216 1 0 1 
-7.08444 -10.5177 0.337928 0 0 0 0.138032 13 7217 1 0 1 
12.9992 4.58719 0.271443 0 0 0 0.151165 13 7218 1 0 1 
18.7803 -21.5798 0.262975 0 0 0 0.154373 13 7219 1 0 1 
-25.3576 -10.4272 0.334067 0 0 0 0.137906 13 7220 1 0 1 
38.169 -9.07814 0.32246 0 0 0 0.139033 13 7221 1 0 1 
23.8356 -8.95042 0.320117 0 0 0 0.140484 13 7222 1 0 1 
21.7717 -9.93849 0.321337 0 0 0 0.14085 13 7223 1 0 1 
11.1531 16.0303 0.306921 0 0 0 0.142603 13 7224 1 0 1 
4.49357 9.93732 0.345238 0 0 0 0.136417 13 7225 1 0 1 
-6.74432 8.27506 0.304202 0 0 0 0.142075 13 7226 1 0 1 
7.9772 -8.55231 0.302163 0 0 0 0.143582 13 7227 1 0 1 
-1.37606 -1.32697 0.307216 0 0 0 0.142675 13 7228 1 0 1 
29.5465 8.59372 0.323811 0 0 0 0.140022 13 7229 1 0 1 
-1.48552 -10.4548 0.349099 0 0 0 0.134785 13 7230 1 0 1 
4.64705 -4.77077 0.284712 0 0 0 0.147692 13 7231 1 0 1 
7.39452 7.86717 0.308518 0 0 0 0.141494 13 7232 1 0 1 
-6.08745 -23.6467 0.304852 0 0 0 0.144301 13 7233 1 0 1 
0.265889 -7.77459 0.326269 0 0 0 0.138983 13 7234 1 0 1 
-20.2062 7.30928 0.344405 0 0 0 0.135192 13 7235 1 0 1 
15.2057 -7.44706 0.339526 0 0 0 0.137203 13 7236 1 0 1 
8.76019 -27.3523 0.332732 0 0 0 0.138313 13 7237 1 0 1 
-8.31153 13.4554 0.302395 0 0 0 0.143655 13 7238 1 0 1 
-9.5434 -5.84718 0.349939 0 0 0 0.135939 13 7239 1 0 1 
0.924399 21.9601 0.335347 0 0 0 0.138123 13 7240 1 0 1 
24.2531 -13.6498 0.304968 0 0 0 0.142178 13 7241 1 0 1 
11.1005 -3.80624 0.343936 0 0 0 0.136132 13 7242 1 0 1 
5.52122 7.0061 0.309599 0 0 0 0.143054 13 7243 1 0 1 
16.8192 8.43831 0.306662 0 0 0 0.144143 13 7244 1 0 1 
-6.23183 6.57444 0.326785 0 0 0 0.139092 13 7245 1 0 1 
7.21841 -0.39198 0.335472 0 0 0 0.137354 13 7246 1 0 1 
-14.397 19.3569 0.338499 0 0 0 0.135929 13 7247 1 0 1 
0.0723463 10.2052 0.284862 0 0 0 0.148885 13 7248 1 0 1 
-10.6239 6.62193 0.346115 0 0 0 0.135326 13 7249 1 0 1 
-10.0422 -0.0317433 0.304591 0 0 0 0.14395 13 7250 1 0 1 
7.47157 13.2776 0.277706 0 0 0 0.148175 13 7251 1 0 1 
23.6522 2.95304 0.311358 0 0 0 0.137851 13 7252 1 0 1 
-9.55141 4.15145 0.317329 0 0 0 0.141606 13 7253 1 0 1 
38.9485 11.1553 0.334065 0 0 0 0.136625 13 7254 1 0 1 
36.7159 5.07614 0.339185 0 0 0 0.137441 13 7255 1 0 1 
28.0702 -2.94711 0.354658 0 0 0 0.132097 13 7256 1 0 1 
12.6783 -2.30597 0.353356 0 0 0 0.133329 13 7257 1 0 1 
31.7254 16.5388 0.315708 0 0 0 0.140752 13 7258 1 0 1 
-26.8148 -15.8064 0.354798 0 0 0 0.133513 13 7259 1 0 1 
-3.38081 -13.4542 0.299809 0 0 0 0.144868 13 7260 1 0 1 
-15.5227 8.05766 0.352799 0 0 0 0.133345 13 7261 1 0 1 
-5.77449 -15.733 0.330355 0 0 0 0.137794 13 7262 1 0 1 
3.63629 -13.3502 0.336077 0 0 0 0.137734 13 7263 1 0 1 
2.38816 6.26762 0.30682 0 0 0 0.140386 13 7264 1 0 1 
-26.2147 -14.4506 0.306831 0 0 0 0.144644 13 7265 1 0 1 
-27.7795 -0.365408 0.332154 0 0 0 0.13891 13 7266 1 0 1 
-18.9293 -11.3623 0.281858 0 0 0 0.1475 13 7267 1 0 1 
-3.68733 8.23407 0.354459 0 0 0 0.132781 13 7268 1 0 1 
-17.7327 -17.1351 0.287288 0 0 0 0.145598 13 7269 1 0 1 
-29.4839 11.3706 0.305513 0 0 0 0.144762 13 7270 1 0 1 
-1.77015 3.17653 0.30164 0 0 0 0.144552 13 7271 1 0 1 
-11.7372 4.17965 0.295717 0 0 0 0.14511 13 7272 1 0 1 
0.967857 -9.06272 0.318678 0 0 0 0.139948 13 7273 1 0 1 
-3.37305 -15.9491 0.348489 0 0 0 0.133536 13 7274 1 0 1 
-21.3442 2.74657 0.310928 0 0 0 0.142867 13 7275 1 0 1 
-11.5765 10.2556 0.357828 0 0 0 0.132327 13 7276 1 0 1 
-16.7016 19.6191 0.296526 0 0 0 0.144318 13 7277 1 0 1 
15.9939 20.2966 0.327876 0 0 0 0.137584 13 7278 1 0 1 
8.20317 -26.3653 0.333957 0 0 0 0.137659 13 7279 1 0 1 
-3.64353 -2.43156 0.326234 0 0 0 0.140046 13 7280 1 0 1 
-4.0412 -29.1302 0.297977 0 0 0 0.146774 13 7281 1 0 1 
33.3298 -18.3717 0.389444 0 0 0 0.129394 13 7282 1 0 1 
-0.881586 -17.6983 0.359784 0 0 0 0.133206 13 7283 1 0 1 
-13.2574 -1.30603 0.321501 0 0 0 0.141545 13 7284 1 0 1 
15.2649 12.1729 0.319652 0 0 0 0.139705 13 7285 1 0 1 
-0.129116 -16.7323 0.381525 0 0 0 0.130039 13 7286 1 0 1 
10.3538 2.36842 0.308963 0 0 0 0.143175 13 7287 1 0 1 
20.1032 33.5681 0.364006 0 0 0 0.131341 13 7288 1 0 1 
-20.2637 -7.90609 0.346204 0 0 0 0.13525 13 7289 1 0 1 
18.8591 -1.37388 0.344645 0 0 0 0.136967 13 7290 1 0 1 
1.57624 6.1183 0.312715 0 0 0 0.141102 13 7291 1 0 1 
-16.4143 -20.3211 0.299365 0 0 0 0.145998 13 7292 1 0 1 
-14.3817 -7.06443 0.348632 0 0 0 0.133981 13 7293 1 0 1 
-12.8671 6.61658 0.344014 0 0 0 0.134015 13 7294 1 0 1 
-3.48073 13.2413 0.302854 0 0 0 0.143933 13 7295 1 0 1 
2.85906 -36.2503 0.314883 0 0 0 0.141687 13 7296 1 0 1 
17.435 5.08983 0.342744 0 0 0 0.138696 13 7297 1 0 1 
-14.1624 2.86709 0.29664 0 0 0 0.137134 13 7298 1 0 1 
12.4057 -17.276 0.297748 0 0 0 0.14526 13 7299 1 0 1 
19.2059 8.28031 0.311106 0 0 0 0.139707 13 7300 1 0 1 
12.8481 -18.5515 0.32119 0 0 0 0.13909 13 7301 1 0 1 
3.06319 -0.144236 0.302511 0 0 0 0.140284 13 7302 1 0 1 
-16.249 -10.7169 0.304152 0 0 0 0.142108 13 7303 1 0 1 
-6.17505 -19.4689 0.318674 0 0 0 0.140579 13 7304 1 0 1 
13.4074 2.13572 0.349824 0 0 0 0.134837 13 7305 1 0 1 
-5.79924 18.8962 0.333071 0 0 0 0.136501 13 7306 1 0 1 
15.7832 18.2203 0.339342 0 0 0 0.135838 13 7307 1 0 1 
28.4247 4.63062 0.335366 0 0 0 0.138739 13 7308 1 0 1 
15.9845 -15.6904 0.349213 0 0 0 0.136568 13 7309 1 0 1 
-16.7804 -1.18974 0.31654 0 0 0 0.140477 13 7310 1 0 1 
-27.2486 -37.8554 0.329611 0 0 0 0.140649 13 7311 1 0 1 
14.2788 -1.49927 0.300594 0 0 0 0.14356 13 7312 1 0 1 
-13.1341 7.87263 0.349107 0 0 0 0.135529 13 7313 1 0 1 
1.60849 -1.97069 0.345814 0 0 0 0.1345 13 7314 1 0 1 
-5.47328 -38.9031 0.291721 0 0 0 0.145608 13 7315 1 0 1 
-12.8502 6.765 0.316103 0 0 0 0.141677 13 7316 1 0 1 
-0.683236 0.0772899 0.329175 0 0 0 0.136063 13 7317 1 0 1 
5.84378 -3.93239 0.313062 0 0 0 0.142513 13 7318 1 0 1 
-7.88538 -10.1361 0.330468 0 0 0 0.137442 13 7319 1 0 1 
-21.1043 2.09227 0.303747 0 0 0 0.143079 13 7320 1 0 1 
-5.93933 -0.63532 0.327053 0 0 0 0.140577 13 7321 1 0 1 
20.8404 11.6947 0.346978 0 0 0 0.134068 13 7322 1 0 1 
-3.65643 2.66346 0.317706 0 0 0 0.140397 13 7323 1 0 1 
16.6538 -12.0519 0.368983 0 0 0 0.130111 13 7324 1 0 1 
0.914712 -4.8101 0.289076 0 0 0 0.147633 13 7325 1 0 1 
32.4 33.9201 0.298914 0 0 0 0.142886 13 7326 1 0 1 
-5.71109 -21.4176 0.352578 0 0 0 0.134405 13 7327 1 0 1 
4.13714 22.2125 0.346547 0 0 0 0.134613 13 7328 1 0 1 
-19.1443 15.0385 0.305053 0 0 0 0.142952 13 7329 1 0 1 
-26.3738 -6.68 0.331077 0 0 0 0.137779 13 7330 1 0 1 
8.7716 3.69695 0.328607 0 0 0 0.138401 13 7331 1 0 1 
12.14 -0.657073 0.385662 0 0 0 0.129024 13 7332 1 0 1 
-24.715 15.9424 0.320337 0 0 0 0.140523 13 7333 1 0 1 
21.2056 -20.3213 0.284373 0 0 0 0.148047 13 7334 1 0 1 
-2.87597 -14.4239 0.356271 0 0 0 0.134893 13 7335 1 0 1 
-1.87964 11.8322 0.318644 0 0 0 0.140934 13 7336 1 0 1 
-16.3933 -21.149 0.29898 0 0 0 0.145182 13 7337 1 0 1 
19.691 -16.5872 0.333028 0 0 0 0.138489 13 7338 1 0 1 
5.06681 1.06738 0.38371 0 0 0 0.130056 13 7339 1 0 1 
12.5876 -3.40746 0.308272 0 0 0 0.140976 13 7340 1 0 1 
-28.3968 -1.35425 0.315112 0 0 0 0.140974 13 7341 1 0 1 
10.4992 -11.6778 0.348915 0 0 0 0.136111 13 7342 1 0 1 
-1.57683 -5.10769 0.260275 0 0 0 0.153474 13 7343 1 0 1 
-23.2614 -25.6223 0.293805 0 0 0 0.145324 13 7344 1 0 1 
-23.868 4.01805 0.327432 0 0 0 0.139794 13 7345 1 0 1 
-11.3063 23.1642 0.271613 0 0 0 0.151114 13 7346 1 0 1 
-8.3354 4.7074 0.327434 0 0 0 0.137875 13 7347 1 0 1 
6.49334 -8.82932 0.329203 0 0 0 0.137435 13 7348 1 0 1 
-10.7098 -26.6539 0.315692 0 0 0 0.141477 13 7349 1 0 1 
25.8253 20.9049 0.28803 0 0 0 0.146429 13 7350 1 0 1 
7.12996 19.3078 0.299733 0 0 0 0.145133 13 7351 1 0 1 
2.0769 -3.2804 0.332503 0 0 0 0.137389 13 7352 1 0 1 
-19.1826 -5.39054 0.328149 0 0 0 0.137458 13 7353 1 0 1 
-4.01094 -0.554878 0.292916 0 0 0 0.146123 13 7354 1 0 1 
-14.4835 16.7619 0.38018 0 0 0 0.131463 13 7355 1 0 1 
3.91098 19.0744 0.330331 0 0 0 0.137431 13 7356 1 0 1 
-9.99128 -6.59767 0.330858 0 0 0 0.134376 13 7357 1 0 1 
-10.9892 -10.4671 0.302195 0 0 0 0.144128 13 7358 1 0 1 
-14.7761 14.0104 0.333723 0 0 0 0.138618 13 7359 1 0 1 
-8.3562 -11.1448 0.328642 0 0 0 0.138866 13 7360 1 0 1 
-6.67477 2.92073 0.272322 0 0 0 0.150911 13 7361 1 0 1 
16.0128 -26.1175 0.288895 0 0 0 0.146722 13 7362 1 0 1 
-0.399877 11.1908 0.339957 0 0 0 0.137365 13 7363 1 0 1 
5.40508 -1.31947 0.323075 0 0 0 0.139882 13 7364 1 0 1 
-11.1972 4.62839 0.298184 0 0 0 0.143954 13 7365 1 0 1 
-18.2775 6.79828 0.334748 0 0 0 0.136963 13 7366 1 0 1 
-5.26631 19.8054 0.357178 0 0 0 0.133244 13 7367 1 0 1 
-39.379 -1.35205 0.317086 0 0 0 0.140885 13 7368 1 0 1 
39.7003 12.4211 0.349652 0 0 0 0.135376 13 7369 1 0 1 
-14.4227 -23.0392 0.304621 0 0 0 0.139499 13 7370 1 0 1 
16.849 -3.97912 0.302844 0 0 0 0.144604 13 7371 1 0 1 
18.4281 -24.2102 0.317049 0 0 0 0.1409 13 7372 1 0 1 
0.62861 -36.6398 0.310804 0 0 0 0.142854 13 7373 1 0 1 
3.75408 -17.1681 0.289605 0 0 0 0.147697 13 7374 1 0 1 
-3.053 24.6763 0.336382 0 0 0 0.13771 13 7375 1 0 1 
20.437 -17.3382 0.302347 0 0 0 0.143545 13 7376 1 0 1 
12.7023 -15.4559 0.290207 0 0 0 0.146747 13 7377 1 0 1 
-25.3414 0.699869 0.300172 0 0 0 0.14339 13 7378 1 0 1 
3.8131 24.1283 0.342357 0 0 0 0.137165 13 7379 1 0 1 
-2.37929 3.2237 0.353998 0 0 0 0.134429 13 7380 1 0 1 
1.98434 -5.71959 0.339618 0 0 0 0.135261 13 7381 1 0 1 
15.8148 23.8997 0.325995 0 0 0 0.138343 13 7382 1 0 1 
-0.748262 -22.5938 0.32972 0 0 0 0.139338 13 7383 1 0 1 
-25.7391 -22.3662 0.317371 0 0 0 0.139628 13 7384 1 0 1 
-3.62651 -13.3329 0.265572 0 0 0 0.153024 13 7385 1 0 1 
-18.9575 -6.94296 0.310442 0 0 0 0.143224 13 7386 1 0 1 
-2.68647 -27.8047 0.331742 0 0 0 0.136915 13 7387 1 0 1 
14.3633 -4.47605 0.336372 0 0 0 0.139338 13 7388 1 0 1 
-18.5288 2.33883 0.336002 0 0 0 0.137143 13 7389 1 0 1 
-21.6373 4.23538 0.347226 0 0 0 0.135496 13 7390 1 0 1 
16.5286 -22.3747 0.31379 0 0 0 0.142345 13 7391 1 0 1 
14.2195 -11.7617 0.311546 0 0 0 0.139921 13 7392 1 0 1 
-12.4238 23.2253 0.371692 0 0 0 0.132633 13 7393 1 0 1 
-28.1518 3.18997 0.328699 0 0 0 0.137774 13 7394 1 0 1 
16.0398 -10.4151 0.295597 0 0 0 0.146728 13 7395 1 0 1 
20.9465 8.51821 0.342034 0 0 0 0.138441 13 7396 1 0 1 
-22.7985 -2.51049 0.332881 0 0 0 0.136275 13 7397 1 0 1 
-19.496 -17.324 0.323022 0 0 0 0.140096 13 7398 1 0 1 
18.787 -15.9669 0.318438 0 0 0 0.138833 13 7399 1 0 1 
3.93097 -0.00357113 0.308704 0 0 0 0.143634 13 7400 1 0 1 
-27.2012 18.3201 0.316798 0 0 0 0.138524 13 7401 1 0 1 
-20.8714 -8.81885 0.322965 0 0 0 0.140457 13 7402 1 0 1 
17.4932 0.0601889 0.323745 0 0 0 0.136656 13 7403 1 0 1 
11.0979 -4.81055 0.332129 0 0 0 0.139051 13 7404 1 0 1 
4.79213 0.681227 0.338678 0 0 0 0.136641 13 7405 1 0 1 
-4.58246 -6.6855 0.256401 0 0 0 0.15201 13 7406 1 0 1 
12.6595 -17.2003 0.342167 0 0 0 0.13487 13 7407 1 0 1 
21.0379 14.7173 0.339724 0 0 0 0.135357 13 7408 1 0 1 
-5.41523 -3.43139 0.303753 0 0 0 0.145075 13 7409 1 0 1 
3.93615 1.88086 0.346511 0 0 0 0.137842 13 7410 1 0 1 
-8.67389 15.8412 0.375377 0 0 0 0.129298 13 7411 1 0 1 
-16.2779 -1.41693 0.359202 0 0 0 0.133266 13 7412 1 0 1 
-9.1763 41.3648 0.291749 0 0 0 0.14553 13 7413 1 0 1 
17.6524 2.54825 0.34088 0 0 0 0.134722 13 7414 1 0 1 
-9.98293 15.3959 0.296865 0 0 0 0.144957 13 7415 1 0 1 
8.38404 -15.8674 0.344378 0 0 0 0.135742 13 7416 1 0 1 
-23.7366 -20.9056 0.317999 0 0 0 0.140149 13 7417 1 0 1 
8.65928 -11.684 0.338357 0 0 0 0.138548 13 7418 1 0 1 
-28.6375 -14.6362 0.330992 0 0 0 0.138719 13 7419 1 0 1 
-1.16478 28.8863 0.290113 0 0 0 0.145768 13 7420 1 0 1 
20.828 -11.4422 0.38484 0 0 0 0.128861 13 7421 1 0 1 
-2.97586 -24.0622 0.320524 0 0 0 0.139015 13 7422 1 0 1 
8.5713 -8.22922 0.320591 0 0 0 0.136729 13 7423 1 0 1 
-5.65081 29.878 0.302004 0 0 0 0.144168 13 7424 1 0 1 
-9.78249 9.8272 0.347584 0 0 0 0.133605 13 7425 1 0 1 
-0.667469 5.7142 0.345179 0 0 0 0.134326 13 7426 1 0 1 
-14.3741 0.0786719 0.311367 0 0 0 0.142458 13 7427 1 0 1 
6.61852 34.297 0.321399 0 0 0 0.13949 13 7428 1 0 1 
-9.27731 9.9812 0.304982 0 0 0 0.140672 13 7429 1 0 1 
-12.6785 7.02095 0.332208 0 0 0 0.136596 13 7430 1 0 1 
2.68866 23.8173 0.350903 0 0 0 0.134822 13 7431 1 0 1 
8.9773 9.72508 0.340945 0 0 0 0.136445 13 7432 1 0 1 
-10.8299 -17.0854 0.34518 0 0 0 0.137597 13 7433 1 0 1 
-1.42445 -20.0098 0.33117 0 0 0 0.137311 13 7434 1 0 1 
9.9043 2.09877 0.360284 0 0 0 0.133146 13 7435 1 0 1 
4.83891 -17.0929 0.310164 0 0 0 0.142755 13 7436 1 0 1 
-7.9284 -17.2242 0.360199 0 0 0 0.134205 13 7437 1 0 1 
-8.36955 12.5187 0.338113 0 0 0 0.137049 13 7438 1 0 1 
5.16799 13.7557 0.340721 0 0 0 0.135367 13 7439 1 0 1 
-3.87058 7.02892 0.291787 0 0 0 0.14643 13 7440 1 0 1 
-1.85083 16.5615 0.311831 0 0 0 0.141674 13 7441 1 0 1 
-7.48739 -6.8751 0.294225 0 0 0 0.145915 13 7442 1 0 1 
-15.1379 32.1363 0.337524 0 0 0 0.138631 13 7443 1 0 1 
5.88186 -20.9976 0.35799 0 0 0 0.133584 13 7444 1 0 1 
0.879912 -1.89946 0.357243 0 0 0 0.133206 13 7445 1 0 1 
-16.1181 -20.4441 0.301546 0 0 0 0.143935 13 7446 1 0 1 
7.90975 20.4608 0.296551 0 0 0 0.145236 13 7447 1 0 1 
15.6787 -9.95258 0.347077 0 0 0 0.137851 13 7448 1 0 1 
2.89165 0.455467 0.342894 0 0 0 0.134781 13 7449 1 0 1 
0.923429 3.73223 0.309976 0 0 0 0.14202 13 7450 1 0 1 
-3.63679 -23.4763 0.328124 0 0 0 0.139903 13 7451 1 0 1 
9.13201 -12.4296 0.330318 0 0 0 0.136854 13 7452 1 0 1 
4.33124 -2.77873 0.331749 0 0 0 0.137543 13 7453 1 0 1 
-16.4966 -3.10732 0.262907 0 0 0 0.152667 13 7454 1 0 1 
-11.611 -11.8604 0.327844 0 0 0 0.140016 13 7455 1 0 1 
-0.00755397 7.85326 0.324268 0 0 0 0.136603 13 7456 1 0 1 
-11.0591 -3.86436 0.33119 0 0 0 0.138456 13 7457 1 0 1 
-16.1787 33.0821 0.312695 0 0 0 0.141094 13 7458 1 0 1 
20.0592 -1.58914 0.20955 0 0 0 0.14184 13 7459 1 0 1 
-9.10315 -5.73187 0.313206 0 0 0 0.142272 13 7460 1 0 1 
-2.51663 -29.9581 0.325008 0 0 0 0.138409 13 7461 1 0 1 
-11.6618 4.03356 0.312308 0 0 0 0.140145 13 7462 1 0 1 
-7.4203 9.86268 0.337452 0 0 0 0.136991 13 7463 1 0 1 
18.1967 6.3989 0.283089 0 0 0 0.148117 13 7464 1 0 1 
-1.75894 7.83265 0.385459 0 0 0 0.13051 13 7465 1 0 1 
-17.5347 -2.27758 0.336564 0 0 0 0.136421 13 7466 1 0 1 
-9.74303 6.1579 0.255657 0 0 0 0.156111 13 7467 1 0 1 
19.4295 -14.8971 0.337063 0 0 0 0.136383 13 7468 1 0 1 
0.201539 11.4281 0.31445 0 0 0 0.140953 13 7469 1 0 1 
-6.54649 1.63405 0.307011 0 0 0 0.144454 13 7470 1 0 1 
5.72319 0.128528 0.349469 0 0 0 0.134563 13 7471 1 0 1 
17.8625 9.93392 0.284268 0 0 0 0.147626 13 7472 1 0 1 
2.81867 13.2445 0.323361 0 0 0 0.139667 13 7473 1 0 1 
-13.1766 -1.16064 0.33262 0 0 0 0.139109 13 7474 1 0 1 
9.70802 -4.02899 0.304563 0 0 0 0.14301 13 7475 1 0 1 
9.95666 -5.87276 0.335514 0 0 0 0.138428 13 7476 1 0 1 
-16.8461 -28.3954 0.316817 0 0 0 0.140817 13 7477 1 0 1 
26.3292 -6.11422 0.302465 0 0 0 0.144037 13 7478 1 0 1 
6.66797 -1.65024 0.37158 0 0 0 0.131223 13 7479 1 0 1 
-4.63038 -2.26636 0.320038 0 0 0 0.14092 13 7480 1 0 1 
-12.9128 -3.30515 0.359626 0 0 0 0.132332 13 7481 1 0 1 
18.6026 -2.79215 0.355963 0 0 0 0.134049 13 7482 1 0 1 
-19.601 2.2665 0.314447 0 0 0 0.140962 13 7483 1 0 1 
-26.5231 -6.93677 0.331196 0 0 0 0.136854 13 7484 1 0 1 
-9.66636 -12.7287 0.286549 0 0 0 0.148158 13 7485 1 0 1 
11.3244 -0.438179 0.337529 0 0 0 0.13705 13 7486 1 0 1 
-18.1156 5.04501 0.256085 0 0 0 0.154574 13 7487 1 0 1 
14.2736 -24.8239 0.298191 0 0 0 0.139953 13 7488 1 0 1 
-8.21679 22.3618 0.303267 0 0 0 0.145065 13 7489 1 0 1 
3.54242 -15.8181 0.308185 0 0 0 0.140906 13 7490 1 0 1 
4.28183 -6.34939 0.325061 0 0 0 0.140382 13 7491 1 0 1 
15.9258 22.7023 0.318474 0 0 0 0.141433 13 7492 1 0 1 
6.3149 -15.5774 0.331468 0 0 0 0.13622 13 7493 1 0 1 
-0.711765 9.29539 0.336827 0 0 0 0.136231 13 7494 1 0 1 
-16.7327 -6.84801 0.312627 0 0 0 0.142367 13 7495 1 0 1 
10.1079 39.7176 0.336161 0 0 0 0.139216 13 7496 1 0 1 
-13.5134 14.4049 0.309657 0 0 0 0.142738 13 7497 1 0 1 
-14.8476 -0.409553 0.281489 0 0 0 0.148526 13 7498 1 0 1 
7.43148 4.63454 0.286262 0 0 0 0.146075 13 7499 1 0 1 
-9.74552 -10.1136 0.286422 0 0 0 0.146342 13 7500 1 0 1 
-8.82514 6.71493 0.315322 0 0 0 0.143378 13 7501 1 0 1 
-12.2122 -1.08955 0.303525 0 0 0 0.141488 13 7502 1 0 1 
7.35041 19.2882 0.339192 0 0 0 0.136533 13 7503 1 0 1 
-5.46919 -6.94875 0.322217 0 0 0 0.140362 13 7504 1 0 1 
-14.4104 -1.41813 0.323251 0 0 0 0.139562 13 7505 1 0 1 
3.57782 -2.51489 0.320963 0 0 0 0.140508 13 7506 1 0 1 
-20.2402 -10.8773 0.32365 0 0 0 0.139765 13 7507 1 0 1 
-2.31724 -3.21702 0.303002 0 0 0 0.144928 13 7508 1 0 1 
-23.981 14.1994 0.31572 0 0 0 0.141774 13 7509 1 0 1 
-20.5811 22.4379 0.26384 0 0 0 0.150059 13 7510 1 0 1 
8.8685 -6.33545 0.323155 0 0 0 0.13906 13 7511 1 0 1 
3.27154 -24.4725 0.328498 0 0 0 0.137078 13 7512 1 0 1 
-7.69544 8.05801 0.33885 0 0 0 0.136435 13 7513 1 0 1 
-23.2503 3.53919 0.349949 0 0 0 0.134628 13 7514 1 0 1 
10.7543 -19.9503 0.314275 0 0 0 0.141907 13 7515 1 0 1 
1.02156 -8.17412 0.354283 0 0 0 0.131184 13 7516 1 0 1 
-7.17384 3.33061 0.266587 0 0 0 0.153128 13 7517 1 0 1 
-8.97852 34.4836 0.323463 0 0 0 0.141215 13 7518 1 0 1 
11.2048 21.8528 0.286368 0 0 0 0.146762 13 7519 1 0 1 
10.3674 -6.2201 0.323318 0 0 0 0.139792 13 7520 1 0 1 
-19.4483 3.84984 0.338017 0 0 0 0.136211 13 7521 1 0 1 
1.52371 -30.3393 0.317832 0 0 0 0.14116 13 7522 1 0 1 
39.1703 11.8371 0.357947 0 0 0 0.132503 13 7523 1 0 1 
-13.5304 20.7155 0.364159 0 0 0 0.130606 13 7524 1 0 1 
9.73476 26.2471 0.328301 0 0 0 0.139306 13 7525 1 0 1 
27.1077 -6.93672 0.317903 0 0 0 0.140194 13 7526 1 0 1 
31.1241 7.54138 0.307637 0 0 0 0.1393 13 7527 1 0 1 
-22.9455 3.6069 0.313941 0 0 0 0.142009 13 7528 1 0 1 
10.1075 -11.1142 0.343504 0 0 0 0.135826 13 7529 1 0 1 
7.76061 9.93273 0.305185 0 0 0 0.144723 13 7530 1 0 1 
10.1539 -16.415 0.336959 0 0 0 0.136658 13 7531 1 0 1 
-17.9219 24.759 0.320227 0 0 0 0.141172 13 7532 1 0 1 
-19.5706 4.63104 0.295897 0 0 0 0.143567 13 7533 1 0 1 
-33.376 -11.7315 0.286901 0 0 0 0.147305 13 7534 1 0 1 
-5.28221 0.567687 0.406693 0 0 0 0.127924 13 7535 1 0 1 
5.10016 25.9718 0.299438 0 0 0 0.14508 13 7536 1 0 1 
-7.85469 -29.3713 0.324216 0 0 0 0.139386 13 7537 1 0 1 
-7.38657 2.04412 0.30699 0 0 0 0.140267 13 7538 1 0 1 
24.9859 -11.0526 0.328867 0 0 0 0.138012 13 7539 1 0 1 
7.95434 -18.3441 0.307175 0 0 0 0.143756 13 7540 1 0 1 
-16.8666 -16.3872 0.325454 0 0 0 0.138469 13 7541 1 0 1 
10.8484 -1.42069 0.322243 0 0 0 0.139862 13 7542 1 0 1 
1.47658 9.13944 0.31572 0 0 0 0.140743 13 7543 1 0 1 
4.29283 -14.2076 0.348976 0 0 0 0.134321 13 7544 1 0 1 
18.0937 13.6319 0.293169 0 0 0 0.146386 13 7545 1 0 1 
-11.9339 -19.5969 0.35531 0 0 0 0.133925 13 7546 1 0 1 
-18.6049 19.962 0.314233 0 0 0 0.14122 13 7547 1 0 1 
12.5629 19.4487 0.336673 0 0 0 0.136664 13 7548 1 0 1 
-10.0998 -11.2718 0.342974 0 0 0 0.13533 13 7549 1 0 1 
-7.02574 -25.6112 0.3088 0 0 0 0.141631 13 7550 1 0 1 
-9.20099 23.8344 0.341647 0 0 0 0.137158 13 7551 1 0 1 
24.6724 35.9674 0.328744 0 0 0 0.138652 13 7552 1 0 1 
-1.86498 -3.32296 0.307629 0 0 0 0.142346 13 7553 1 0 1 
-13.8334 10.2091 0.311303 0 0 0 0.142145 13 7554 1 0 1 
-0.8741 9.61322 0.297418 0 0 0 0.143441 13 7555 1 0 1 
4.61248 -2.50653 0.379691 0 0 0 0.130711 13 7556 1 0 1 
-14.8437 -12.7759 0.318674 0 0 0 0.14085 13 7557 1 0 1 
-12.725 -6.4223 0.317722 0 0 0 0.137458 13 7558 1 0 1 
-4.17285 35.0024 0.331193 0 0 0 0.138291 13 7559 1 0 1 
-17.8333 -8.01802 0.313643 0 0 0 0.143441 13 7560 1 0 1 
24.879 -4.04157 0.3191 0 0 0 0.142184 13 7561 1 0 1 
12.5215 -21.3558 0.330185 0 0 0 0.138745 13 7562 1 0 1 
-7.43418 10.0157 0.365492 0 0 0 0.133183 13 7563 1 0 1 
-14.9271 -22.0685 0.319428 0 0 0 0.138991 13 7564 1 0 1 
-19.3496 -5.60341 0.322361 0 0 0 0.139889 13 7565 1 0 1 
-18.1448 18.5631 0.302872 0 0 0 0.13935 13 7566 1 0 1 
12.1797 -10.5599 0.331481 0 0 0 0.135301 13 7567 1 0 1 
-7.48836 -15.5433 0.333523 0 0 0 0.136919 13 7568 1 0 1 
11.4967 -21.2468 0.28752 0 0 0 0.14752 13 7569 1 0 1 
-25.9708 11.9115 0.324638 0 0 0 0.138541 13 7570 1 0 1 
0.366658 -36.3688 0.352525 0 0 0 0.135739 13 7571 1 0 1 
30.273 2.54806 0.359751 0 0 0 0.132824 13 7572 1 0 1 
-8.67379 3.02654 0.296546 0 0 0 0.145587 13 7573 1 0 1 
-6.47403 17.2527 0.283762 0 0 0 0.147958 13 7574 1 0 1 
-21.4464 -30.3325 0.316334 0 0 0 0.141255 13 7575 1 0 1 
14.0528 -27.6849 0.325825 0 0 0 0.139529 13 7576 1 0 1 
-10.3856 0.437994 0.34167 0 0 0 0.137001 13 7577 1 0 1 
-14.8285 -6.11933 0.31662 0 0 0 0.140951 13 7578 1 0 1 
5.32298 -17.3632 0.348209 0 0 0 0.136253 13 7579 1 0 1 
-14.5897 1.96325 0.385867 0 0 0 0.130275 13 7580 1 0 1 
-0.577145 15.571 0.294892 0 0 0 0.146369 13 7581 1 0 1 
-27.5941 -11.645 0.328266 0 0 0 0.139959 13 7582 1 0 1 
26.9107 19.0329 0.328015 0 0 0 0.139148 13 7583 1 0 1 
-6.94667 -8.1888 0.306209 0 0 0 0.144099 13 7584 1 0 1 
-0.79728 7.43732 0.337905 0 0 0 0.135551 13 7585 1 0 1 
10.0044 15.5209 0.261016 0 0 0 0.154002 13 7586 1 0 1 
-5.95443 -8.28221 0.350491 0 0 0 0.134252 13 7587 1 0 1 
15.2527 -19.2653 0.365191 0 0 0 0.133162 13 7588 1 0 1 
-31.5925 -13.1633 0.334932 0 0 0 0.138219 13 7589 1 0 1 
6.42061 7.19521 0.322227 0 0 0 0.139254 13 7590 1 0 1 
-8.86403 -7.73387 0.359069 0 0 0 0.132765 13 7591 1 0 1 
-9.2644 6.65956 0.347044 0 0 0 0.133886 13 7592 1 0 1 
-32.7574 -4.76923 0.341832 0 0 0 0.134555 13 7593 1 0 1 
12.8373 14.0869 0.34295 0 0 0 0.136591 13 7594 1 0 1 
-3.22417 -2.70743 0.312543 0 0 0 0.141554 13 7595 1 0 1 
10.736 -24.9398 0.261624 0 0 0 0.15493 13 7596 1 0 1 
5.7658 10.057 0.312371 0 0 0 0.1418 13 7597 1 0 1 
7.05979 7.68106 0.341503 0 0 0 0.135284 13 7598 1 0 1 
23.4801 -0.0626848 0.327518 0 0 0 0.139285 13 7599 1 0 1 
4.82197 -9.14527 0.325789 0 0 0 0.138693 13 7600 1 0 1 
8.02877 3.06086 0.330835 0 0 0 0.13742 13 7601 1 0 1 
-4.64133 12.5987 0.314406 0 0 0 0.141544 13 7602 1 0 1 
26.3796 -9.27538 0.324184 0 0 0 0.137905 13 7603 1 0 1 
-11.8464 11.0577 0.323302 0 0 0 0.141327 13 7604 1 0 1 
-6.098 -10.9402 0.339493 0 0 0 0.136926 13 7605 1 0 1 
14.1877 -12.8334 0.326643 0 0 0 0.139076 13 7606 1 0 1 
1.94669 -3.26347 0.337725 0 0 0 0.136557 13 7607 1 0 1 
-7.32771 -0.129339 0.293555 0 0 0 0.144704 13 7608 1 0 1 
37.9299 -2.14578 0.340641 0 0 0 0.136209 13 7609 1 0 1 
8.68297 18.7198 0.333693 0 0 0 0.138964 13 7610 1 0 1 
-27.2871 -7.66794 0.335399 0 0 0 0.139826 13 7611 1 0 1 
20.142 29.5556 0.316152 0 0 0 0.141366 13 7612 1 0 1 
-0.871944 -16.7606 0.327874 0 0 0 0.138953 13 7613 1 0 1 
9.56733 4.53125 0.26961 0 0 0 0.151013 13 7614 1 0 1 
-3.8545 24.6483 0.301439 0 0 0 0.145145 13 7615 1 0 1 
-18.8955 -35.2661 0.300115 0 0 0 0.144185 13 7616 1 0 1 
18.4303 -5.52342 0.283502 0 0 0 0.148547 13 7617 1 0 1 
28.088 0.280459 0.353874 0 0 0 0.132252 13 7618 1 0 1 
8.41032 -17.922 0.341863 0 0 0 0.138139 13 7619 1 0 1 
3.01245 16.8275 0.329033 0 0 0 0.138063 13 7620 1 0 1 
18.4557 16.9089 0.314728 0 0 0 0.139879 13 7621 1 0 1 
16.2038 2.39463 0.327065 0 0 0 0.138691 13 7622 1 0 1 
11.7533 18.3124 0.3669 0 0 0 0.131844 13 7623 1 0 1 
21.4846 14.0917 0.295543 0 0 0 0.143879 13 7624 1 0 1 
4.67568 1.28351 0.302576 0 0 0 0.143048 13 7625 1 0 1 
-16.6065 -7.23969 0.337112 0 0 0 0.137654 13 7626 1 0 1 
-22.8801 -12.4998 0.316755 0 0 0 0.141094 13 7627 1 0 1 
-11.1788 -21.5484 0.330762 0 0 0 0.138329 13 7628 1 0 1 
15.0453 1.83396 0.361351 0 0 0 0.132761 13 7629 1 0 1 
4.92224 -11.6352 0.366305 0 0 0 0.132104 13 7630 1 0 1 
10.3481 -8.07133 0.336724 0 0 0 0.136996 13 7631 1 0 1 
-0.301123 10.1278 0.321053 0 0 0 0.140543 13 7632 1 0 1 
10.1994 -4.84235 0.30455 0 0 0 0.137598 13 7633 1 0 1 
-14.0096 -5.56511 0.329014 0 0 0 0.139404 13 7634 1 0 1 
24.0718 22.0422 0.342479 0 0 0 0.137747 13 7635 1 0 1 
-5.93589 -16.3533 0.31525 0 0 0 0.140686 13 7636 1 0 1 
12.3726 4.37923 0.305445 0 0 0 0.142463 13 7637 1 0 1 
4.19534 9.21944 0.355641 0 0 0 0.13165 13 7638 1 0 1 
-13.2822 -20.4428 0.322516 0 0 0 0.140294 13 7639 1 0 1 
-15.5224 -38.3315 0.293303 0 0 0 0.145133 13 7640 1 0 1 
-8.44183 18.8201 0.320854 0 0 0 0.139432 13 7641 1 0 1 
-20.4474 -10.8507 0.317024 0 0 0 0.13852 13 7642 1 0 1 
-9.12943 -22.9234 0.35234 0 0 0 0.133892 13 7643 1 0 1 
37.2215 6.94798 0.288313 0 0 0 0.147323 13 7644 1 0 1 
-17.9737 6.43826 0.313343 0 0 0 0.142068 13 7645 1 0 1 
11.0515 13.3755 0.325648 0 0 0 0.140722 13 7646 1 0 1 
-25.6997 -0.684883 0.32419 0 0 0 0.140377 13 7647 1 0 1 
-1.88248 -7.85487 0.344386 0 0 0 0.135485 13 7648 1 0 1 
-7.79863 2.35746 0.332152 0 0 0 0.137029 13 7649 1 0 1 
2.42421 2.82494 0.313731 0 0 0 0.137349 13 7650 1 0 1 
-0.2216 -32.6085 0.281767 0 0 0 0.147381 13 7651 1 0 1 
12.1635 -0.755823 0.316017 0 0 0 0.142548 13 7652 1 0 1 
-13.688 27.0268 0.32716 0 0 0 0.138056 13 7653 1 0 1 
9.50737 9.04385 0.290543 0 0 0 0.146227 13 7654 1 0 1 
12.6513 2.8934 0.294832 0 0 0 0.143977 13 7655 1 0 1 
14.0385 -1.68435 0.350658 0 0 0 0.135302 13 7656 1 0 1 
-22.1152 -7.19128 0.337484 0 0 0 0.136759 13 7657 1 0 1 
-14.5945 1.2968 0.337139 0 0 0 0.135868 13 7658 1 0 1 
1.86489 12.6427 0.307357 0 0 0 0.144437 13 7659 1 0 1 
-14.7876 9.88872 0.291074 0 0 0 0.145006 13 7660 1 0 1 
-21.8133 -7.03326 0.31952 0 0 0 0.140625 13 7661 1 0 1 
26.2593 18.1311 0.319261 0 0 0 0.140081 13 7662 1 0 1 
11.8202 -7.475 0.361315 0 0 0 0.13246 13 7663 1 0 1 
-7.80936 -4.49792 0.347687 0 0 0 0.134408 13 7664 1 0 1 
-8.98358 -21.8509 0.299804 0 0 0 0.144466 13 7665 1 0 1 
15.8187 6.96991 0.270619 0 0 0 0.151539 13 7666 1 0 1 
-11.0375 2.39671 0.319316 0 0 0 0.138163 13 7667 1 0 1 
-24.2703 9.91935 0.352698 0 0 0 0.135561 13 7668 1 0 1 
3.67698 33.8372 0.302472 0 0 0 0.144447 13 7669 1 0 1 
7.84731 -13.5301 0.328422 0 0 0 0.137378 13 7670 1 0 1 
-0.876519 2.9446 0.296397 0 0 0 0.145604 13 7671 1 0 1 
-23.263 11.1743 0.350663 0 0 0 0.134591 13 7672 1 0 1 
-28.8993 -24.8084 0.297677 0 0 0 0.142102 13 7673 1 0 1 
17.9973 6.75541 0.283146 0 0 0 0.147426 13 7674 1 0 1 
10.8899 -14.191 0.31455 0 0 0 0.14089 13 7675 1 0 1 
-13.3665 -14.482 0.289567 0 0 0 0.148251 13 7676 1 0 1 
4.20529 3.57807 0.361998 0 0 0 0.131774 13 7677 1 0 1 
8.0448 3.14963 0.309706 0 0 0 0.143481 13 7678 1 0 1 
0.727805 -9.34235 0.32081 0 0 0 0.139744 13 7679 1 0 1 
10.4295 7.76303 0.324046 0 0 0 0.137128 13 7680 1 0 1 
30.9142 7.18187 0.300571 0 0 0 0.145123 13 7681 1 0 1 
-11.3966 -2.89586 0.340885 0 0 0 0.135487 13 7682 1 0 1 
-1.41266 13.6298 0.307545 0 0 0 0.143561 13 7683 1 0 1 
4.93964 16.0097 0.323963 0 0 0 0.140821 13 7684 1 0 1 
13.9042 7.36038 0.333031 0 0 0 0.138618 13 7685 1 0 1 
25.3958 -8.91575 0.33128 0 0 0 0.136361 13 7686 1 0 1 
11.0103 25.9457 0.349248 0 0 0 0.135882 13 7687 1 0 1 
-17.6478 -12.4374 0.322128 0 0 0 0.139691 13 7688 1 0 1 
-3.24028 -6.87019 0.324002 0 0 0 0.140596 13 7689 1 0 1 
5.1878 1.2363 0.33879 0 0 0 0.136932 13 7690 1 0 1 
-21.3426 -16.2223 0.310742 0 0 0 0.138655 13 7691 1 0 1 
1.83606 12.5189 0.320213 0 0 0 0.138383 13 7692 1 0 1 
-17.1334 10.7255 0.332016 0 0 0 0.138399 13 7693 1 0 1 
-5.43303 10.6107 0.338414 0 0 0 0.137241 13 7694 1 0 1 
1.99919 20.8297 0.325323 0 0 0 0.139192 13 7695 1 0 1 
0.302455 -25.1762 0.356017 0 0 0 0.134254 13 7696 1 0 1 
-3.11795 19.5032 0.349128 0 0 0 0.133341 13 7697 1 0 1 
13.3821 -12.0881 0.303209 0 0 0 0.143562 13 7698 1 0 1 
9.96079 -10.0618 0.320002 0 0 0 0.139935 13 7699 1 0 1 
4.87972 39.23 0.330033 0 0 0 0.139144 13 7700 1 0 1 
-2.25116 1.93442 0.353726 0 0 0 0.13394 13 7701 1 0 1 
-15.644 5.74529 0.332841 0 0 0 0.137324 13 7702 1 0 1 
23.3065 10.1404 0.329952 0 0 0 0.138079 13 7703 1 0 1 
-13.8059 16.9107 0.334879 0 0 0 0.137703 13 7704 1 0 1 
23.3241 -2.37825 0.31548 0 0 0 0.139663 13 7705 1 0 1 
8.26519 -9.23698 0.304844 0 0 0 0.14269 13 7706 1 0 1 
14.7657 -32.7454 0.30377 0 0 0 0.14277 13 7707 1 0 1 
-14.3592 5.97582 0.319265 0 0 0 0.141791 13 7708 1 0 1 
-15.8731 -6.32199 0.338841 0 0 0 0.137993 13 7709 1 0 1 
-6.57706 22.4107 0.317179 0 0 0 0.141831 13 7710 1 0 1 
8.67838 2.29752 0.348636 0 0 0 0.135733 13 7711 1 0 1 
-11.1874 -30.252 0.357624 0 0 0 0.133482 13 7712 1 0 1 
-3.89499 -2.58428 0.314362 0 0 0 0.141701 13 7713 1 0 1 
-16.8419 -6.23478 0.339978 0 0 0 0.137365 13 7714 1 0 1 
8.01204 13.8149 0.273719 0 0 0 0.148742 13 7715 1 0 1 
15.7523 -14.1093 0.320372 0 0 0 0.140548 13 7716 1 0 1 
-0.0348472 -0.801379 0.327727 0 0 0 0.14003 13 7717 1 0 1 
-24.8736 25.8058 0.359312 0 0 0 0.131863 13 7718 1 0 1 
-3.38132 -12.7007 0.353657 0 0 0 0.134984 13 7719 1 0 1 
1.03496 -9.61582 0.313273 0 0 0 0.142823 13 7720 1 0 1 
-16.1759 7.79587 0.291907 0 0 0 0.146129 13 7721 1 0 1 
32.2108 -26.5936 0.317627 0 0 0 0.1388 13 7722 1 0 1 
19.4427 -15.0886 0.345828 0 0 0 0.135526 13 7723 1 0 1 
-14.1117 25.5462 0.297448 0 0 0 0.145245 13 7724 1 0 1 
-8.71434 -5.68181 0.317213 0 0 0 0.141737 13 7725 1 0 1 
1.96826 17.2566 0.314512 0 0 0 0.140076 13 7726 1 0 1 
23.5693 18.4994 0.300576 0 0 0 0.145018 13 7727 1 0 1 
-2.21613 -12.7195 0.31694 0 0 0 0.139618 13 7728 1 0 1 
-8.8897 -1.68128 0.306988 0 0 0 0.141857 13 7729 1 0 1 
28.1533 -5.11915 0.36102 0 0 0 0.133099 13 7730 1 0 1 
19.7076 -13.565 0.290674 0 0 0 0.147792 13 7731 1 0 1 
1.08871 3.82103 0.303408 0 0 0 0.140838 13 7732 1 0 1 
18.9182 14.9173 0.280866 0 0 0 0.148271 13 7733 1 0 1 
26.5922 -16.771 0.329982 0 0 0 0.138855 13 7734 1 0 1 
-9.5887 3.27139 0.380626 0 0 0 0.130948 13 7735 1 0 1 
-6.96733 26.3373 0.323649 0 0 0 0.140614 13 7736 1 0 1 
7.06331 6.23317 0.260302 0 0 0 0.153718 13 7737 1 0 1 
3.44645 4.35222 0.330157 0 0 0 0.138829 13 7738 1 0 1 
-5.99009 16.3247 0.260909 0 0 0 0.154672 13 7739 1 0 1 
-9.84617 26.0421 0.318751 0 0 0 0.140538 13 7740 1 0 1 
-27.3107 -12.8789 0.326956 0 0 0 0.140506 13 7741 1 0 1 
12.5937 0.479107 0.321983 0 0 0 0.138439 13 7742 1 0 1 
12.0045 -4.63918 0.304882 0 0 0 0.145178 13 7743 1 0 1 
-1.52252 15.0411 0.362682 0 0 0 0.133155 13 7744 1 0 1 
-9.42567 -31.2966 0.298022 0 0 0 0.144928 13 7745 1 0 1 
4.44279 -18.7113 0.331787 0 0 0 0.138124 13 7746 1 0 1 
9.28072 -6.03281 0.324214 0 0 0 0.138116 13 7747 1 0 1 
-15.0516 10.542 0.355814 0 0 0 0.131513 13 7748 1 0 1 
5.13801 23.2835 0.349175 0 0 0 0.135349 13 7749 1 0 1 
6.61273 15.752 0.312273 0 0 0 0.141508 13 7750 1 0 1 
-2.74416 17.6635 0.296387 0 0 0 0.144593 13 7751 1 0 1 
-3.3237 -7.53496 0.340792 0 0 0 0.13583 13 7752 1 0 1 
25.9121 -9.37961 0.33938 0 0 0 0.137038 13 7753 1 0 1 
-8.04584 9.67868 0.284846 0 0 0 0.14736 13 7754 1 0 1 
-15.6881 20.5264 0.288016 0 0 0 0.147037 13 7755 1 0 1 
-2.46547 2.74379 0.315213 0 0 0 0.14247 13 7756 1 0 1 
-3.9849 -13.6909 0.33941 0 0 0 0.137244 13 7757 1 0 1 
10.6889 -15.1177 0.324314 0 0 0 0.141019 13 7758 1 0 1 
-4.56953 -2.20239 0.307813 0 0 0 0.143598 13 7759 1 0 1 
24.163 -5.00321 0.28194 0 0 0 0.149154 13 7760 1 0 1 
19.1955 -0.349865 0.294156 0 0 0 0.144588 13 7761 1 0 1 
-2.07634 -1.95101 0.263093 0 0 0 0.154346 13 7762 1 0 1 
-8.48044 -3.76545 0.348116 0 0 0 0.13541 13 7763 1 0 1 
28.1772 6.55203 0.318254 0 0 0 0.141043 13 7764 1 0 1 
-1.52451 3.47117 0.323672 0 0 0 0.139563 13 7765 1 0 1 
0.720558 7.95128 0.285699 0 0 0 0.146663 13 7766 1 0 1 
10.1119 5.41906 0.320751 0 0 0 0.138719 13 7767 1 0 1 
4.22075 -24.0705 0.29667 0 0 0 0.144126 13 7768 1 0 1 
2.36431 25.4522 0.325897 0 0 0 0.138351 13 7769 1 0 1 
-7.6894 21.6816 0.350106 0 0 0 0.135568 13 7770 1 0 1 
6.11818 -27.7639 0.302744 0 0 0 0.143842 13 7771 1 0 1 
15.7783 -6.01571 0.314943 0 0 0 0.13939 13 7772 1 0 1 
0.908134 2.55985 0.303086 0 0 0 0.144042 13 7773 1 0 1 
6.94559 -6.1774 0.350245 0 0 0 0.134489 13 7774 1 0 1 
-7.80888 -3.42891 0.310325 0 0 0 0.143161 13 7775 1 0 1 
-7.88645 16.3214 0.312859 0 0 0 0.14274 13 7776 1 0 1 
-2.81042 -23.0861 0.305562 0 0 0 0.143941 13 7777 1 0 1 
-3.5151 24.1626 0.349272 0 0 0 0.13355 13 7778 1 0 1 
1.71736 -20.835 0.36579 0 0 0 0.131976 13 7779 1 0 1 
-7.08666 21.9724 0.33644 0 0 0 0.132256 13 7780 1 0 1 
-14.9392 10.2506 0.303587 0 0 0 0.144083 13 7781 1 0 1 
-31.6563 8.97285 0.28878 0 0 0 0.145445 13 7782 1 0 1 
17.061 0.906867 0.329901 0 0 0 0.137139 13 7783 1 0 1 
-9.56323 -3.24468 0.308378 0 0 0 0.143083 13 7784 1 0 1 
5.94548 -1.52955 0.261594 0 0 0 0.153389 13 7785 1 0 1 
6.03988 3.74926 0.271089 0 0 0 0.150853 13 7786 1 0 1 
-0.405461 1.91239 0.345508 0 0 0 0.137363 13 7787 1 0 1 
-7.56369 15.5832 0.307116 0 0 0 0.141838 13 7788 1 0 1 
56.1365 -17.1973 0.314828 0 0 0 0.141194 13 7789 1 0 1 
16.8973 -27.3787 0.271513 0 0 0 0.150657 13 7790 1 0 1 
18.9662 12.4258 0.343428 0 0 0 0.135992 13 7791 1 0 1 
-14.0058 20.4719 0.345214 0 0 0 0.136764 13 7792 1 0 1 
-20.156 -5.9926 0.347646 0 0 0 0.133267 13 7793 1 0 1 
9.69378 -25.3635 0.319283 0 0 0 0.139094 13 7794 1 0 1 
-10.4326 7.27566 0.328931 0 0 0 0.138822 13 7795 1 0 1 
-5.15684 -11.2862 0.323018 0 0 0 0.138613 13 7796 1 0 1 
-29.9415 -1.04035 0.334701 0 0 0 0.136584 13 7797 1 0 1 
25.3567 -5.17727 0.347199 0 0 0 0.133943 13 7798 1 0 1 
1.25589 -5.50321 0.345591 0 0 0 0.135393 13 7799 1 0 1 
10.7291 19.6963 0.344733 0 0 0 0.135112 13 7800 1 0 1 
39.6466 -1.3464 0.303441 0 0 0 0.144051 13 7801 1 0 1 
3.18637 -18.6721 0.338402 0 0 0 0.136498 13 7802 1 0 1 
-12.1458 -5.18156 0.280513 0 0 0 0.148326 13 7803 1 0 1 
12.5744 15.5811 0.33422 0 0 0 0.135955 13 7804 1 0 1 
-8.19114 -16.8053 0.333114 0 0 0 0.137695 13 7805 1 0 1 
13.2041 -19.0218 0.343532 0 0 0 0.138175 13 7806 1 0 1 
9.51876 -4.39995 0.32359 0 0 0 0.139151 13 7807 1 0 1 
-20.6592 7.95702 0.32442 0 0 0 0.13996 13 7808 1 0 1 
-1.55369 -28.3433 0.308546 0 0 0 0.144227 13 7809 1 0 1 
8.1047 -16.9731 0.348752 0 0 0 0.134953 13 7810 1 0 1 
2.09692 10.6047 0.330353 0 0 0 0.138575 13 7811 1 0 1 
-22.0286 -10.6781 0.322308 0 0 0 0.13988 13 7812 1 0 1 
-3.49702 -19.7094 0.344027 0 0 0 0.136621 13 7813 1 0 1 
7.60316 -13.7702 0.298069 0 0 0 0.144278 13 7814 1 0 1 
3.9568 -6.20996 0.322184 0 0 0 0.137921 13 7815 1 0 1 
-25.6047 -16.594 0.304218 0 0 0 0.143955 13 7816 1 0 1 
11.373 2.54763 0.331903 0 0 0 0.13872 13 7817 1 0 1 
16.3379 -6.26682 0.288721 0 0 0 0.145522 13 7818 1 0 1 
-0.570209 25.852 0.311113 0 0 0 0.142656 13 7819 1 0 1 
-29.9069 11.9029 0.311055 0 0 0 0.142072 13 7820 1 0 1 
8.13818 2.26359 0.279623 0 0 0 0.149254 13 7821 1 0 1 
-13.71 2.77745 0.323029 0 0 0 0.141966 13 7822 1 0 1 
-20.7885 -7.40788 0.292794 0 0 0 0.146527 13 7823 1 0 1 
-7.31818 -21.0562 0.354048 0 0 0 0.134496 13 7824 1 0 1 
10.909 1.16078 0.271794 0 0 0 0.152217 13 7825 1 0 1 
-13.6741 -2.77917 0.317162 0 0 0 0.140112 13 7826 1 0 1 
-9.42664 -5.04464 0.298947 0 0 0 0.144411 13 7827 1 0 1 
10.5217 -1.56389 0.321491 0 0 0 0.138119 13 7828 1 0 1 
2.02466 -15.6421 0.321193 0 0 0 0.140505 13 7829 1 0 1 
29.9243 22.1607 0.294804 0 0 0 0.144542 13 7830 1 0 1 
-31.1772 -7.98292 0.335128 0 0 0 0.136663 13 7831 1 0 1 
-4.45825 2.36885 0.329274 0 0 0 0.137835 13 7832 1 0 1 
-4.52391 13.3367 0.314073 0 0 0 0.140722 13 7833 1 0 1 
-9.01008 -3.46607 0.307855 0 0 0 0.142616 13 7834 1 0 1 
14.6694 -27.9812 0.319873 0 0 0 0.140239 13 7835 1 0 1 
-1.21138 -19.9701 0.33639 0 0 0 0.136365 13 7836 1 0 1 
-15.2753 13.6427 0.334348 0 0 0 0.136826 13 7837 1 0 1 
0.11657 20.734 0.318398 0 0 0 0.139618 13 7838 1 0 1 
-16.6101 -15.6975 0.311333 0 0 0 0.143536 13 7839 1 0 1 
-7.26181 4.2895 0.302016 0 0 0 0.14479 13 7840 1 0 1 
23.3323 -11.7975 0.326085 0 0 0 0.138589 13 7841 1 0 1 
4.30959 10.9246 0.333138 0 0 0 0.138856 13 7842 1 0 1 
-11.5576 -14.5792 0.334389 0 0 0 0.138092 13 7843 1 0 1 
-2.5483 5.5453 0.337341 0 0 0 0.136058 13 7844 1 0 1 
-13.8007 1.00583 0.371415 0 0 0 0.133135 13 7845 1 0 1 
9.59337 23.0354 0.32349 0 0 0 0.140448 13 7846 1 0 1 
-1.08735 0.29752 0.33229 0 0 0 0.138941 13 7847 1 0 1 
-0.0757602 -11.4605 0.291412 0 0 0 0.145525 13 7848 1 0 1 
-15.4851 -3.89566 0.319777 0 0 0 0.141208 13 7849 1 0 1 
-35.3293 8.39517 0.312046 0 0 0 0.141741 13 7850 1 0 1 
-9.15893 12.1508 0.340187 0 0 0 0.135511 13 7851 1 0 1 
-11.6971 2.40492 0.318981 0 0 0 0.140529 13 7852 1 0 1 
4.91995 4.07394 0.323751 0 0 0 0.139057 13 7853 1 0 1 
-25.6148 -14.4535 0.316608 0 0 0 0.141664 13 7854 1 0 1 
35.8207 -4.83724 0.34583 0 0 0 0.134483 13 7855 1 0 1 
12.6698 -9.11875 0.27365 0 0 0 0.148712 13 7856 1 0 1 
-7.87138 -12.9658 0.320871 0 0 0 0.139448 13 7857 1 0 1 
-4.0209 9.18724 0.373934 0 0 0 0.131792 13 7858 1 0 1 
-17.5273 7.92709 0.35729 0 0 0 0.133676 13 7859 1 0 1 
-19.3429 7.46468 0.345494 0 0 0 0.134784 13 7860 1 0 1 
2.32431 21.178 0.306025 0 0 0 0.14427 13 7861 1 0 1 
-2.42225 -11.1483 0.341317 0 0 0 0.137559 13 7862 1 0 1 
-0.29383 16.7624 0.28242 0 0 0 0.147975 13 7863 1 0 1 
-34.1017 -5.55405 0.379593 0 0 0 0.129817 13 7864 1 0 1 
-7.72781 30.613 0.356942 0 0 0 0.136785 13 7865 1 0 1 
-12.2978 -23.9668 0.29021 0 0 0 0.146637 13 7866 1 0 1 
0.104494 15.9409 0.293607 0 0 0 0.141393 13 7867 1 0 1 
39.2719 34.5201 0.319776 0 0 0 0.13611 13 7868 1 0 1 
-0.617331 -1.67821 0.312028 0 0 0 0.140449 13 7869 1 0 1 
-3.94289 10.177 0.337464 0 0 0 0.136379 13 7870 1 0 1 
-10.1855 3.77415 0.32881 0 0 0 0.139534 13 7871 1 0 1 
-7.52765 23.2407 0.310861 0 0 0 0.142705 13 7872 1 0 1 
-8.77984 -6.37264 0.313326 0 0 0 0.142619 13 7873 1 0 1 
-6.4512 14.4961 0.321952 0 0 0 0.138648 13 7874 1 0 1 
12.5609 -5.99129 0.275688 0 0 0 0.150655 13 7875 1 0 1 
9.50703 6.67158 0.323111 0 0 0 0.140339 13 7876 1 0 1 
18.0137 22.5955 0.32448 0 0 0 0.139422 13 7877 1 0 1 
-15.4311 14.1903 0.326943 0 0 0 0.139952 13 7878 1 0 1 
-9.81567 30.1264 0.31324 0 0 0 0.142433 13 7879 1 0 1 
30.8991 -16.8022 0.299392 0 0 0 0.144506 13 7880 1 0 1 
10.0089 7.9459 0.338916 0 0 0 0.136781 13 7881 1 0 1 
7.88261 3.53728 0.308957 0 0 0 0.142476 13 7882 1 0 1 
5.38183 -15.7403 0.317911 0 0 0 0.143234 13 7883 1 0 1 
22.4502 -21.8054 0.322102 0 0 0 0.139825 13 7884 1 0 1 
-1.56306 -8.69943 0.244592 0 0 0 0.150092 13 7885 1 0 1 
5.01194 -4.91489 0.308306 0 0 0 0.144353 13 7886 1 0 1 
-34.3473 -12.912 0.316869 0 0 0 0.14035 13 7887 1 0 1 
-21.4139 -8.29238 0.285794 0 0 0 0.147062 13 7888 1 0 1 
-13.5356 7.44629 0.298136 0 0 0 0.144697 13 7889 1 0 1 
2.31248 10.5778 0.328274 0 0 0 0.136969 13 7890 1 0 1 
-5.92379 -3.97651 0.32831 0 0 0 0.140681 13 7891 1 0 1 
-16.1752 -10.7083 0.313699 0 0 0 0.141389 13 7892 1 0 1 
-11.872 11.2866 0.351041 0 0 0 0.134746 13 7893 1 0 1 
-13.6168 -3.51638 0.283915 0 0 0 0.147459 13 7894 1 0 1 
4.07298 -14.5493 0.306661 0 0 0 0.142756 13 7895 1 0 1 
-2.54498 4.45329 0.337426 0 0 0 0.138874 13 7896 1 0 1 
9.28425 -12.1171 0.336505 0 0 0 0.13911 13 7897 1 0 1 
-7.9943 9.39929 0.290412 0 0 0 0.146773 13 7898 1 0 1 
18.6499 22.8701 0.345992 0 0 0 0.135605 13 7899 1 0 1 
-12.1745 2.98228 0.328812 0 0 0 0.139767 13 7900 1 0 1 
8.76587 -7.50829 0.3076 0 0 0 0.141385 13 7901 1 0 1 
-22.4132 -2.00902 0.282871 0 0 0 0.147253 13 7902 1 0 1 
10.8606 -12.9047 0.297203 0 0 0 0.144683 13 7903 1 0 1 
5.68792 -18.2208 0.277447 0 0 0 0.149714 13 7904 1 0 1 
8.56058 -4.19464 0.31802 0 0 0 0.136639 13 7905 1 0 1 
27.4312 -12.3571 0.320555 0 0 0 0.139769 13 7906 1 0 1 
-11.056 -19.0386 0.314946 0 0 0 0.143056 13 7907 1 0 1 
-7.77257 10.0302 0.310793 0 0 0 0.141394 13 7908 1 0 1 
-18.5088 21.4429 0.304207 0 0 0 0.144281 13 7909 1 0 1 
-14.0671 -4.44422 0.402554 0 0 0 0.128377 13 7910 1 0 1 
19.2207 12.6887 0.296451 0 0 0 0.145804 13 7911 1 0 1 
-6.23861 13.4538 0.365197 0 0 0 0.131247 13 7912 1 0 1 
3.8721 8.4546 0.332719 0 0 0 0.13868 13 7913 1 0 1 
-5.30675 -4.06185 0.3183 0 0 0 0.139341 13 7914 1 0 1 
6.99919 8.30148 0.360221 0 0 0 0.13297 13 7915 1 0 1 
-14.0263 11.905 0.311453 0 0 0 0.14021 13 7916 1 0 1 
11.5533 -8.07338 0.333915 0 0 0 0.137777 13 7917 1 0 1 
20.0735 24.3483 0.336838 0 0 0 0.138311 13 7918 1 0 1 
-0.67272 -27.962 0.305773 0 0 0 0.142703 13 7919 1 0 1 
6.53993 -10.4146 0.323493 0 0 0 0.140555 13 7920 1 0 1 
29.5049 -18.3134 0.309707 0 0 0 0.142607 13 7921 1 0 1 
17.8965 21.3717 0.335087 0 0 0 0.13814 13 7922 1 0 1 
8.53999 -7.38486 0.307349 0 0 0 0.142214 13 7923 1 0 1 
1.92339 12.3737 0.342872 0 0 0 0.136448 13 7924 1 0 1 
3.6251 24.1355 0.304452 0 0 0 0.142794 13 7925 1 0 1 
18.2487 9.16097 0.429358 0 0 0 0.125197 13 7926 1 0 1 
-22.7931 12.2789 0.310799 0 0 0 0.143762 13 7927 1 0 1 
6.68292 -6.05629 0.332072 0 0 0 0.137969 13 7928 1 0 1 
-7.70931 -13.7117 0.309554 0 0 0 0.141519 13 7929 1 0 1 
32.4202 1.63254 0.299129 0 0 0 0.146133 13 7930 1 0 1 
-2.44883 9.6072 0.334212 0 0 0 0.136804 13 7931 1 0 1 
0.919779 2.44991 0.346216 0 0 0 0.135214 13 7932 1 0 1 
-1.84705 -13.1791 0.340441 0 0 0 0.13626 13 7933 1 0 1 
-7.86063 -13.9573 0.274367 0 0 0 0.150383 13 7934 1 0 1 
13.5213 -8.06963 0.304041 0 0 0 0.140801 13 7935 1 0 1 
-16.2465 -7.12294 0.285687 0 0 0 0.147546 13 7936 1 0 1 
10.4488 12.4891 0.307037 0 0 0 0.141925 13 7937 1 0 1 
-7.4286 16.9856 0.366534 0 0 0 0.132077 13 7938 1 0 1 
-28.1181 -6.11479 0.27804 0 0 0 0.147944 13 7939 1 0 1 
-17.3574 -1.43796 0.302933 0 0 0 0.143313 13 7940 1 0 1 
-21.1117 -25.2947 0.340714 0 0 0 0.137025 13 7941 1 0 1 
5.92281 -8.56532 0.297909 0 0 0 0.146077 13 7942 1 0 1 
-31.2531 -2.11727 0.285126 0 0 0 0.148096 13 7943 1 0 1 
-2.82491 -5.87836 0.356865 0 0 0 0.133648 13 7944 1 0 1 
-17.5809 -19.2502 0.300951 0 0 0 0.144807 13 7945 1 0 1 
-19.7069 1.43838 0.299745 0 0 0 0.144369 13 7946 1 0 1 
-16.8162 38.8112 0.329018 0 0 0 0.138702 13 7947 1 0 1 
2.0391 1.0317 0.359946 0 0 0 0.132273 13 7948 1 0 1 
-0.887795 16.4508 0.326772 0 0 0 0.139157 13 7949 1 0 1 
-23.0297 17.1161 0.317146 0 0 0 0.140898 13 7950 1 0 1 
8.36656 -23.0758 0.334216 0 0 0 0.137654 13 7951 1 0 1 
-11.2258 -7.59292 0.292885 0 0 0 0.145825 13 7952 1 0 1 
11.4857 -31.1659 0.338457 0 0 0 0.138054 13 7953 1 0 1 
-19.4123 -2.41 0.322468 0 0 0 0.142163 13 7954 1 0 1 
17.8421 11.3284 0.348829 0 0 0 0.134601 13 7955 1 0 1 
-3.32311 0.853817 0.29208 0 0 0 0.14182 13 7956 1 0 1 
12.5998 -10.1994 0.286925 0 0 0 0.146189 13 7957 1 0 1 
-5.69456 29.2768 0.311254 0 0 0 0.140729 13 7958 1 0 1 
31.4742 1.08544 0.355909 0 0 0 0.13325 13 7959 1 0 1 
10.7185 1.22328 0.3335 0 0 0 0.139136 13 7960 1 0 1 
-18.9966 7.92277 0.283705 0 0 0 0.148288 13 7961 1 0 1 
-6.77612 1.09988 0.366015 0 0 0 0.133977 13 7962 1 0 1 
34.7456 22.1988 0.327417 0 0 0 0.138142 13 7963 1 0 1 
11.6046 9.27793 0.351033 0 0 0 0.133623 13 7964 1 0 1 
-19.1669 0.573389 0.304759 0 0 0 0.144189 13 7965 1 0 1 
10.7371 19.9436 0.304428 0 0 0 0.142513 13 7966 1 0 1 
15.778 -0.894903 0.342299 0 0 0 0.136994 13 7967 1 0 1 
-9.384 -16.6924 0.352609 0 0 0 0.134366 13 7968 1 0 1 
6.26871 -5.17556 0.335922 0 0 0 0.137237 13 7969 1 0 1 
11.9002 14.6318 0.309225 0 0 0 0.142792 13 7970 1 0 1 
-1.57578 -5.43414 0.275003 0 0 0 0.150526 13 7971 1 0 1 
16.2821 -7.54343 0.268208 0 0 0 0.14921 13 7972 1 0 1 
4.06489 20.9015 0.31358 0 0 0 0.142437 13 7973 1 0 1 
10.0531 3.16751 0.305914 0 0 0 0.1426 13 7974 1 0 1 
-0.829089 -18.5174 0.298778 0 0 0 0.145499 13 7975 1 0 1 
1.3407 7.25482 0.310728 0 0 0 0.142686 13 7976 1 0 1 
-7.61902 -3.25881 0.316071 0 0 0 0.141641 13 7977 1 0 1 
-12.8124 -11.0112 0.303141 0 0 0 0.144273 13 7978 1 0 1 
17.7403 17.8755 0.361989 0 0 0 0.131225 13 7979 1 0 1 
-0.507724 12.7666 0.29587 0 0 0 0.144439 13 7980 1 0 1 
9.41789 19.6188 0.350292 0 0 0 0.136089 13 7981 1 0 1 
18.7115 5.65346 0.358288 0 0 0 0.132523 13 7982 1 0 1 
14.0016 14.0142 0.28524 0 0 0 0.131248 13 7983 1 0 1 
-2.42328 19.2723 0.368875 0 0 0 0.132614 13 7984 1 0 1 
-4.11936 -2.95932 0.34089 0 0 0 0.136558 13 7985 1 0 1 
-3.35172 0.343116 0.332643 0 0 0 0.137147 13 7986 1 0 1 
-6.57379 0.407279 0.314465 0 0 0 0.14196 13 7987 1 0 1 
3.15972 12.2537 0.339612 0 0 0 0.13585 13 7988 1 0 1 
12.07 8.5758 0.376914 0 0 0 0.13024 13 7989 1 0 1 
31.1063 5.87802 0.324731 0 0 0 0.139753 13 7990 1 0 1 
11.4941 -7.33185 0.25305 0 0 0 0.156396 13 7991 1 0 1 
-16.0384 22.1217 0.267982 0 0 0 0.152318 13 7992 1 0 1 
30.3845 1.69783 0.288499 0 0 0 0.141589 13 7993 1 0 1 
12.7714 -3.24991 0.281762 0 0 0 0.147767 13 7994 1 0 1 
-9.9095 14.4151 0.361901 0 0 0 0.131991 13 7995 1 0 1 
-3.98822 -2.13955 0.343178 0 0 0 0.136693 13 7996 1 0 1 
29.926 15.691 0.305362 0 0 0 0.143797 13 7997 1 0 1 
1.7559 -10.5466 0.334489 0 0 0 0.137115 13 7998 1 0 1 
-15.537 2.13492 0.3561 0 0 0 0.134237 13 7999 1 0 1 
-8.49341 -4.26844 0.321842 0 0 0 0.141419 13 8000 1 0 1 
17.0472 -15.1615 0.334108 0 0 0 0.139498 13 8001 1 0 1 
8.39116 3.27119 0.273707 0 0 0 0.148065 13 8002 1 0 1 
-23.4592 -7.01483 0.290624 0 0 0 0.14456 13 8003 1 0 1 
-5.06557 35.5347 0.311314 0 0 0 0.143446 13 8004 1 0 1 
-20.366 0.838069 0.328166 0 0 0 0.139366 13 8005 1 0 1 
22.8143 -15.7411 0.32283 0 0 0 0.141713 13 8006 1 0 1 
-15.1701 -2.21997 0.289714 0 0 0 0.145584 13 8007 1 0 1 
12.3699 17.1605 0.344618 0 0 0 0.133403 13 8008 1 0 1 
-16.4758 -0.489167 0.312042 0 0 0 0.140076 13 8009 1 0 1 
21.0231 -5.8735 0.311932 0 0 0 0.142263 13 8010 1 0 1 
-16.096 -19.3442 0.283931 0 0 0 0.146324 13 8011 1 0 1 
-2.60845 -20.6346 0.277134 0 0 0 0.150297 13 8012 1 0 1 
-0.0156275 11.1894 0.315821 0 0 0 0.139587 13 8013 1 0 1 
14.8591 -1.57536 0.305469 0 0 0 0.141824 13 8014 1 0 1 
-11.3703 26.3562 0.301244 0 0 0 0.144931 13 8015 1 0 1 
3.67867 -49.5916 0.350362 0 0 0 0.134417 13 8016 1 0 1 
-3.87181 -21.3813 0.359712 0 0 0 0.132301 13 8017 1 0 1 
-6.47789 -2.96348 0.305208 0 0 0 0.143637 13 8018 1 0 1 
-29.1424 16.3309 0.314438 0 0 0 0.140144 13 8019 1 0 1 
-11.3932 -27.6067 0.30668 0 0 0 0.144845 13 8020 1 0 1 
-2.74843 -5.11985 0.336657 0 0 0 0.135018 13 8021 1 0 1 
6.83801 24.7523 0.323824 0 0 0 0.14078 13 8022 1 0 1 
-9.55518 24.6354 0.303951 0 0 0 0.143156 13 8023 1 0 1 
7.51534 0.508879 0.39463 0 0 0 0.128372 13 8024 1 0 1 
18.8856 -20.2761 0.325524 0 0 0 0.13957 13 8025 1 0 1 
-16.0147 1.14268 0.30177 0 0 0 0.144295 13 8026 1 0 1 
-23.0386 7.46648 0.335815 0 0 0 0.13819 13 8027 1 0 1 
-13.4305 3.75571 0.327033 0 0 0 0.140827 13 8028 1 0 1 
-2.28073 19.4679 0.311756 0 0 0 0.14173 13 8029 1 0 1 
9.49901 12.068 0.313553 0 0 0 0.142687 13 8030 1 0 1 
10.6284 11.7708 0.311092 0 0 0 0.142044 13 8031 1 0 1 
-9.14026 -14.0289 0.341984 0 0 0 0.134488 13 8032 1 0 1 
19.1575 -9.14839 0.328603 0 0 0 0.137927 13 8033 1 0 1 
-2.51598 8.40459 0.318885 0 0 0 0.141777 13 8034 1 0 1 
-2.57618 3.16253 0.380187 0 0 0 0.130982 13 8035 1 0 1 
-19.7454 7.80075 0.29732 0 0 0 0.14546 13 8036 1 0 1 
11.4525 -15.0769 0.306273 0 0 0 0.144324 13 8037 1 0 1 
-13.095 -12.9857 0.305862 0 0 0 0.144057 13 8038 1 0 1 
20.327 -5.74798 0.322923 0 0 0 0.14028 13 8039 1 0 1 
-21.9168 2.9492 0.314255 0 0 0 0.14229 13 8040 1 0 1 
-14.8985 -6.49224 0.342416 0 0 0 0.136383 13 8041 1 0 1 
2.77214 -1.5885 0.360762 0 0 0 0.131513 13 8042 1 0 1 
34.3355 -2.06602 0.332243 0 0 0 0.137106 13 8043 1 0 1 
-1.81129 -21.1453 0.331647 0 0 0 0.136944 13 8044 1 0 1 
-35.1036 -0.219486 0.346051 0 0 0 0.134702 13 8045 1 0 1 
-0.117312 -2.3034 0.325437 0 0 0 0.139603 13 8046 1 0 1 
-9.73846 13.0545 0.314476 0 0 0 0.142003 13 8047 1 0 1 
8.05785 1.94359 0.320422 0 0 0 0.139592 13 8048 1 0 1 
15.6247 24.6119 0.340178 0 0 0 0.135614 13 8049 1 0 1 
10.476 5.76816 0.33328 0 0 0 0.138437 13 8050 1 0 1 
10.92 -10.7137 0.291914 0 0 0 0.145485 13 8051 1 0 1 
-1.8034 6.22573 0.343589 0 0 0 0.136107 13 8052 1 0 1 
0.259368 6.18569 0.305774 0 0 0 0.140619 13 8053 1 0 1 
-19.0089 -8.30568 0.243038 0 0 0 0.160801 13 8054 1 0 1 
8.35351 -4.39969 0.339954 0 0 0 0.136753 13 8055 1 0 1 
-13.7841 -7.22609 0.333321 0 0 0 0.137274 13 8056 1 0 1 
13.9101 11.6449 0.313741 0 0 0 0.140884 13 8057 1 0 1 
6.8651 29.6083 0.285478 0 0 0 0.147717 13 8058 1 0 1 
-1.32294 -26.6825 0.301375 0 0 0 0.141285 13 8059 1 0 1 
-33.144 16.2402 0.323 0 0 0 0.140903 13 8060 1 0 1 
-15.6338 -19.7032 0.306722 0 0 0 0.140697 13 8061 1 0 1 
-10.405 6.44872 0.342417 0 0 0 0.13749 13 8062 1 0 1 
-19.4516 -2.33713 0.303222 0 0 0 0.144657 13 8063 1 0 1 
-33.8156 3.21826 0.314615 0 0 0 0.142126 13 8064 1 0 1 
-6.64309 8.12799 0.340141 0 0 0 0.13495 13 8065 1 0 1 
12.8079 -13.329 0.250021 0 0 0 0.159821 13 8066 1 0 1 
12.2294 18.0835 0.319661 0 0 0 0.140435 13 8067 1 0 1 
8.89051 12.2047 0.329513 0 0 0 0.13907 13 8068 1 0 1 
-22.8901 22.8515 0.30884 0 0 0 0.143018 13 8069 1 0 1 
19.9315 -15.4082 0.341654 0 0 0 0.134982 13 8070 1 0 1 
-1.29281 -10.6738 0.306368 0 0 0 0.14253 13 8071 1 0 1 
-14.1104 -12.9255 0.291679 0 0 0 0.142205 13 8072 1 0 1 
4.20019 1.22548 0.313369 0 0 0 0.141678 13 8073 1 0 1 
2.61608 -16.8734 0.348393 0 0 0 0.134781 13 8074 1 0 1 
-22.6963 -8.53417 0.319176 0 0 0 0.139967 13 8075 1 0 1 
-10.1657 7.67745 0.329212 0 0 0 0.137948 13 8076 1 0 1 
3.38316 -7.39435 0.279412 0 0 0 0.148471 13 8077 1 0 1 
6.29461 -15.4056 0.314979 0 0 0 0.142713 13 8078 1 0 1 
12.2919 -0.0658114 0.315448 0 0 0 0.141683 13 8079 1 0 1 
-5.26987 -6.86697 0.305181 0 0 0 0.142529 13 8080 1 0 1 
21.1599 1.02848 0.34423 0 0 0 0.135388 13 8081 1 0 1 
-13.2209 -1.7856 0.280839 0 0 0 0.148356 13 8082 1 0 1 
-23.2722 -21.949 0.343359 0 0 0 0.1339 13 8083 1 0 1 
22.3044 8.68169 0.312938 0 0 0 0.139224 13 8084 1 0 1 
-35.1873 -24.9769 0.345524 0 0 0 0.137642 13 8085 1 0 1 
-2.36968 -14.9542 0.349947 0 0 0 0.13724 13 8086 1 0 1 
-21.6659 -11.2636 0.332637 0 0 0 0.137862 13 8087 1 0 1 
-8.073 -14.9338 0.353827 0 0 0 0.132394 13 8088 1 0 1 
-1.44358 -14.8331 0.321509 0 0 0 0.140116 13 8089 1 0 1 
-3.14014 -0.427772 0.363176 0 0 0 0.131755 13 8090 1 0 1 
-2.61676 -2.32171 0.316002 0 0 0 0.140946 13 8091 1 0 1 
-4.42606 -0.365906 0.301196 0 0 0 0.144902 13 8092 1 0 1 
-0.220751 27.4083 0.322818 0 0 0 0.139692 13 8093 1 0 1 
10.3094 10.873 0.332687 0 0 0 0.139205 13 8094 1 0 1 
-13.8325 -15.3665 0.263669 0 0 0 0.153797 13 8095 1 0 1 
-7.08965 -13.0749 0.356472 0 0 0 0.134257 13 8096 1 0 1 
-2.93513 10.2177 0.323863 0 0 0 0.138557 13 8097 1 0 1 
2.10246 28.3003 0.304679 0 0 0 0.142836 13 8098 1 0 1 
-17.2059 -19.2504 0.247884 0 0 0 0.158241 13 8099 1 0 1 
-21.8928 5.18539 0.307735 0 0 0 0.144265 13 8100 1 0 1 
-12.4378 1.97509 0.324493 0 0 0 0.140281 13 8101 1 0 1 
-14.9672 -11.1366 0.320049 0 0 0 0.142268 13 8102 1 0 1 
29.9235 7.51822 0.351717 0 0 0 0.135303 13 8103 1 0 1 
17.6043 2.81258 0.267499 0 0 0 0.152939 13 8104 1 0 1 
3.98651 -12.6195 0.365861 0 0 0 0.132418 13 8105 1 0 1 
-3.69144 -2.70869 0.350516 0 0 0 0.136315 13 8106 1 0 1 
4.03405 2.21169 0.34102 0 0 0 0.13556 13 8107 1 0 1 
15.7946 2.0382 0.335701 0 0 0 0.139011 13 8108 1 0 1 
-26.0852 36.2601 0.297615 0 0 0 0.145455 13 8109 1 0 1 
9.58931 -29.1663 0.345293 0 0 0 0.135941 13 8110 1 0 1 
8.9019 -1.55859 0.337976 0 0 0 0.137068 13 8111 1 0 1 
-8.74581 4.75111 0.335142 0 0 0 0.137996 13 8112 1 0 1 
-13.9353 22.8419 0.354377 0 0 0 0.1352 13 8113 1 0 1 
-9.54702 -2.35825 0.297362 0 0 0 0.145658 13 8114 1 0 1 
6.93391 -9.70963 0.280788 0 0 0 0.149666 13 8115 1 0 1 
5.37026 0.979319 0.341982 0 0 0 0.137272 13 8116 1 0 1 
-21.2488 -30.7935 0.292678 0 0 0 0.147205 13 8117 1 0 1 
-13.2053 -18.3224 0.327015 0 0 0 0.137617 13 8118 1 0 1 
-18.9838 8.82773 0.373501 0 0 0 0.131207 13 8119 1 0 1 
-37.8168 10.6019 0.350446 0 0 0 0.135089 13 8120 1 0 1 
27.5072 12.1663 0.348155 0 0 0 0.135927 13 8121 1 0 1 
3.23539 9.56149 0.285323 0 0 0 0.144082 13 8122 1 0 1 
2.59583 17.0045 0.305693 0 0 0 0.143171 13 8123 1 0 1 
-17.3163 6.171 0.307352 0 0 0 0.143045 13 8124 1 0 1 
-12.6356 -21.6231 0.279231 0 0 0 0.148329 13 8125 1 0 1 
11.9873 -14.954 0.336944 0 0 0 0.134754 13 8126 1 0 1 
-26.9568 1.57713 0.299838 0 0 0 0.142942 13 8127 1 0 1 
6.67509 9.36651 0.291871 0 0 0 0.145228 13 8128 1 0 1 
-5.13496 -8.6491 0.367064 0 0 0 0.133945 13 8129 1 0 1 
9.0105 0.0650695 0.329751 0 0 0 0.138417 13 8130 1 0 1 
1.10942 24.9133 0.289735 0 0 0 0.146046 13 8131 1 0 1 
10.5078 11.9693 0.305152 0 0 0 0.14261 13 8132 1 0 1 
7.0224 2.79316 0.33116 0 0 0 0.137799 13 8133 1 0 1 
-9.11545 7.45964 0.288966 0 0 0 0.146894 13 8134 1 0 1 
14.212 -1.32405 0.30691 0 0 0 0.143349 13 8135 1 0 1 
-11.8928 1.72267 0.294983 0 0 0 0.145364 13 8136 1 0 1 
12.0423 4.15094 0.358959 0 0 0 0.131267 13 8137 1 0 1 
3.7932 -6.74565 0.307474 0 0 0 0.142285 13 8138 1 0 1 
-5.79205 14.3185 0.32011 0 0 0 0.139931 13 8139 1 0 1 
-6.43347 -8.02092 0.325703 0 0 0 0.138779 13 8140 1 0 1 
-17.205 -4.68252 0.310177 0 0 0 0.142456 13 8141 1 0 1 
-6.59901 -6.53843 0.32537 0 0 0 0.137597 13 8142 1 0 1 
-39.4159 -6.59035 0.345703 0 0 0 0.135261 13 8143 1 0 1 
-9.65698 -22.4508 0.358674 0 0 0 0.133359 13 8144 1 0 1 
5.26708 -5.59743 0.335103 0 0 0 0.135185 13 8145 1 0 1 
4.70444 5.21137 0.307759 0 0 0 0.142837 13 8146 1 0 1 
13.4568 13.6338 0.34021 0 0 0 0.135914 13 8147 1 0 1 
-16.3569 1.82505 0.303702 0 0 0 0.144977 13 8148 1 0 1 
-5.52159 4.37783 0.345709 0 0 0 0.132884 13 8149 1 0 1 
-6.15551 -1.31158 0.329923 0 0 0 0.137789 13 8150 1 0 1 
-3.51474 -17.3208 0.295921 0 0 0 0.145552 13 8151 1 0 1 
-22.344 -18.4856 0.33674 0 0 0 0.135358 13 8152 1 0 1 
4.06954 -13.7485 0.298874 0 0 0 0.145299 13 8153 1 0 1 
3.2633 -6.69544 0.288448 0 0 0 0.146521 13 8154 1 0 1 
-23.9389 -25.8432 0.295477 0 0 0 0.146069 13 8155 1 0 1 
23.7761 0.280038 0.329845 0 0 0 0.138578 13 8156 1 0 1 
-19.3315 -7.88632 0.334126 0 0 0 0.136684 13 8157 1 0 1 
-4.52351 35.836 0.316113 0 0 0 0.140726 13 8158 1 0 1 
-11.2855 -11.6051 0.327932 0 0 0 0.137587 13 8159 1 0 1 
3.14063 17.2281 0.309414 0 0 0 0.139097 13 8160 1 0 1 
-13.019 3.21114 0.31952 0 0 0 0.138866 13 8161 1 0 1 
-4.0775 15.7397 0.337901 0 0 0 0.136667 13 8162 1 0 1 
1.57276 -10.4073 0.349128 0 0 0 0.134772 13 8163 1 0 1 
-1.01572 2.79953 0.28784 0 0 0 0.146303 13 8164 1 0 1 
-5.91587 17.7292 0.316471 0 0 0 0.142086 13 8165 1 0 1 
0.579728 4.80712 0.294008 0 0 0 0.144893 13 8166 1 0 1 
2.40868 8.38219 0.341965 0 0 0 0.136097 13 8167 1 0 1 
5.04012 -17.2576 0.31991 0 0 0 0.140781 13 8168 1 0 1 
-15.8958 13.6514 0.325965 0 0 0 0.139253 13 8169 1 0 1 
4.90323 7.59351 0.300724 0 0 0 0.145395 13 8170 1 0 1 
18.0288 -13.3947 0.371933 0 0 0 0.13195 13 8171 1 0 1 
-5.9597 28.5555 0.346125 0 0 0 0.135748 13 8172 1 0 1 
-8.6264 18.3614 0.283251 0 0 0 0.149006 13 8173 1 0 1 
9.07459 30.8768 0.313188 0 0 0 0.141602 13 8174 1 0 1 
24.0952 -19.8278 0.295626 0 0 0 0.1457 13 8175 1 0 1 
10.5539 -16.9066 0.319287 0 0 0 0.140334 13 8176 1 0 1 
1.61544 16.5681 0.338659 0 0 0 0.136135 13 8177 1 0 1 
-1.81878 -2.15922 0.364857 0 0 0 0.13164 13 8178 1 0 1 
14.1343 3.01831 0.295434 0 0 0 0.144095 13 8179 1 0 1 
-26.0192 -9.48932 0.351871 0 0 0 0.134933 13 8180 1 0 1 
-6.56346 8.76192 0.340996 0 0 0 0.136949 13 8181 1 0 1 
27.4353 10.1147 0.362722 0 0 0 0.133203 13 8182 1 0 1 
-21.408 6.62445 0.291985 0 0 0 0.147076 13 8183 1 0 1 
12.4397 16.4499 0.34125 0 0 0 0.137253 13 8184 1 0 1 
5.47632 11.3884 0.316546 0 0 0 0.140365 13 8185 1 0 1 
10.7909 7.31575 0.362002 0 0 0 0.132729 13 8186 1 0 1 
0.328095 -14.2488 0.272856 0 0 0 0.150487 13 8187 1 0 1 
8.79843 -6.4324 0.305496 0 0 0 0.144462 13 8188 1 0 1 
24.3893 9.00551 0.356692 0 0 0 0.133952 13 8189 1 0 1 
15.6185 -2.68983 0.281046 0 0 0 0.147375 13 8190 1 0 1 
15.2914 -10.5261 0.314476 0 0 0 0.141883 13 8191 1 0 1 
-0.386998 15.534 0.330082 0 0 0 0.139798 13 8192 1 0 1 
17.2885 18.7203 0.278366 0 0 0 0.148029 13 8193 1 0 1 
10.4289 -9.11469 0.329715 0 0 0 0.138568 13 8194 1 0 1 
-18.9218 28.5141 0.304872 0 0 0 0.143197 13 8195 1 0 1 
3.94867 8.18266 0.338926 0 0 0 0.135812 13 8196 1 0 1 
-0.333879 -0.326843 0.312274 0 0 0 0.141307 13 8197 1 0 1 
15.3367 18.9933 0.292608 0 0 0 0.146377 13 8198 1 0 1 
-2.10222 -25.5658 0.337675 0 0 0 0.133256 13 8199 1 0 1 
26.3022 11.3753 0.328529 0 0 0 0.141039 13 8200 1 0 1 
-2.89457 -14.2359 0.353769 0 0 0 0.135036 13 8201 1 0 1 
11.4815 2.08482 0.340692 0 0 0 0.13539 13 8202 1 0 1 
-12.2791 3.74034 0.281158 0 0 0 0.148096 13 8203 1 0 1 
10.4967 17.3151 0.339482 0 0 0 0.137179 13 8204 1 0 1 
-0.785132 -14.3112 0.302777 0 0 0 0.14276 13 8205 1 0 1 
-4.74387 23.1834 0.275496 0 0 0 0.147742 13 8206 1 0 1 
-20.1325 -17.8189 0.293709 0 0 0 0.146194 13 8207 1 0 1 
4.01772 29.9245 0.321167 0 0 0 0.140902 13 8208 1 0 1 
-4.88568 7.73383 0.331385 0 0 0 0.138584 13 8209 1 0 1 
16.9785 -7.44883 0.317052 0 0 0 0.140807 13 8210 1 0 1 
37.1289 14.8649 0.354778 0 0 0 0.133246 13 8211 1 0 1 
33.1841 -9.41738 0.328631 0 0 0 0.138581 13 8212 1 0 1 
9.008 4.16004 0.313666 0 0 0 0.143086 13 8213 1 0 1 
-1.68438 11.715 0.316066 0 0 0 0.141094 13 8214 1 0 1 
-5.28503 21.5396 0.346934 0 0 0 0.134322 13 8215 1 0 1 
-2.04188 -23.2965 0.351817 0 0 0 0.13438 13 8216 1 0 1 
-2.96325 14.8697 0.3233 0 0 0 0.139806 13 8217 1 0 1 
6.48881 11.0176 0.318964 0 0 0 0.14207 13 8218 1 0 1 
3.62151 13.0958 0.32489 0 0 0 0.139238 13 8219 1 0 1 
-3.94127 6.42507 0.273826 0 0 0 0.15002 13 8220 1 0 1 
1.20358 -7.30253 0.251211 0 0 0 0.157322 13 8221 1 0 1 
10.5822 -7.92037 0.332222 0 0 0 0.1369 13 8222 1 0 1 
12.0054 6.21453 0.319275 0 0 0 0.139715 13 8223 1 0 1 
-4.19168 1.97127 0.285373 0 0 0 0.14669 13 8224 1 0 1 
28.0425 -0.737938 0.353586 0 0 0 0.135173 13 8225 1 0 1 
-56.8788 5.92125 0.329057 0 0 0 0.138969 13 8226 1 0 1 
-5.65997 -20.2222 0.287561 0 0 0 0.146721 13 8227 1 0 1 
17.8129 -11.8475 0.308205 0 0 0 0.142979 13 8228 1 0 1 
0.689158 -4.79841 0.311852 0 0 0 0.139903 13 8229 1 0 1 
11.602 5.5659 0.380102 0 0 0 0.131237 13 8230 1 0 1 
-5.46995 -17.2768 0.284182 0 0 0 0.148769 13 8231 1 0 1 
12.6936 -17.6287 0.327146 0 0 0 0.140358 13 8232 1 0 1 
17.7715 -1.6928 0.306728 0 0 0 0.143575 13 8233 1 0 1 
-11.3209 19.7755 0.375 0 0 0 0.131562 13 8234 1 0 1 
26.538 0.710475 0.344895 0 0 0 0.135757 13 8235 1 0 1 
-10.3088 12.8259 0.346129 0 0 0 0.136214 13 8236 1 0 1 
17.6057 5.98535 0.360103 0 0 0 0.133904 13 8237 1 0 1 
30.2978 -31.532 0.378125 0 0 0 0.131296 13 8238 1 0 1 
14.2778 34.7278 0.340292 0 0 0 0.134592 13 8239 1 0 1 
8.82231 -3.45277 0.328088 0 0 0 0.139186 13 8240 1 0 1 
-24.757 3.14713 0.315724 0 0 0 0.141336 13 8241 1 0 1 
-10.6656 7.99788 0.360578 0 0 0 0.132082 13 8242 1 0 1 
-4.29264 6.6503 0.323549 0 0 0 0.140473 13 8243 1 0 1 
-14.3739 16.3185 0.343135 0 0 0 0.134907 13 8244 1 0 1 
-25.5408 -2.71131 0.308212 0 0 0 0.144461 13 8245 1 0 1 
-2.41023 28.3154 0.34764 0 0 0 0.135235 13 8246 1 0 1 
19.8189 -8.46427 0.29092 0 0 0 0.14675 13 8247 1 0 1 
13.7216 14.3527 0.330099 0 0 0 0.139216 13 8248 1 0 1 
13.2821 11.9315 0.324497 0 0 0 0.139562 13 8249 1 0 1 
3.43928 -8.40943 0.35283 0 0 0 0.133709 13 8250 1 0 1 
-8.8232 12.2505 0.32165 0 0 0 0.141519 13 8251 1 0 1 
5.65531 -4.34578 0.329832 0 0 0 0.140514 13 8252 1 0 1 
22.5894 19.0565 0.298564 0 0 0 0.14128 13 8253 1 0 1 
-7.65117 -1.93093 0.320534 0 0 0 0.140493 13 8254 1 0 1 
-11.6977 1.36236 0.359081 0 0 0 0.132781 13 8255 1 0 1 
-20.1111 15.6514 0.328446 0 0 0 0.137345 13 8256 1 0 1 
-3.6372 -3.22987 0.343543 0 0 0 0.135918 13 8257 1 0 1 
-4.01843 -17.1884 0.311988 0 0 0 0.140829 13 8258 1 0 1 
0.0746165 0.851036 0.283947 0 0 0 0.143013 13 8259 1 0 1 
-29.6265 -27.0861 0.344407 0 0 0 0.13372 13 8260 1 0 1 
-18.1903 -14.1897 0.31395 0 0 0 0.142567 13 8261 1 0 1 
23.1259 -2.26505 0.348919 0 0 0 0.136642 13 8262 1 0 1 
-11.3838 -8.75747 0.349972 0 0 0 0.134177 13 8263 1 0 1 
27.583 -24.5857 0.331275 0 0 0 0.13746 13 8264 1 0 1 
5.37739 1.26836 0.33159 0 0 0 0.137165 13 8265 1 0 1 
-0.634863 -3.55171 0.313036 0 0 0 0.143047 13 8266 1 0 1 
-17.6397 -14.7134 0.326628 0 0 0 0.137511 13 8267 1 0 1 
4.40443 -30.566 0.284032 0 0 0 0.148315 13 8268 1 0 1 
5.17464 -30.0096 0.299115 0 0 0 0.146453 13 8269 1 0 1 
7.55111 0.585529 0.410917 0 0 0 0.126523 13 8270 1 0 1 
19.1376 16.0525 0.293047 0 0 0 0.146054 13 8271 1 0 1 
-6.17924 9.42897 0.276471 0 0 0 0.150458 13 8272 1 0 1 
-2.93916 -26.3193 0.331515 0 0 0 0.138281 13 8273 1 0 1 
-0.373634 6.80797 0.33792 0 0 0 0.137197 13 8274 1 0 1 
9.67161 6.96 0.342727 0 0 0 0.135918 13 8275 1 0 1 
3.11237 9.972 0.336462 0 0 0 0.137226 13 8276 1 0 1 
7.55532 -13.1418 0.314473 0 0 0 0.141923 13 8277 1 0 1 
-1.33065 14.2358 0.346951 0 0 0 0.136853 13 8278 1 0 1 
-23.1681 14.5449 0.282241 0 0 0 0.147754 13 8279 1 0 1 
12.365 16.5785 0.29997 0 0 0 0.143325 13 8280 1 0 1 
-14.7408 0.458435 0.307028 0 0 0 0.143191 13 8281 1 0 1 
-10.5147 -7.49004 0.268585 0 0 0 0.151703 13 8282 1 0 1 
-25.8778 17.701 0.304432 0 0 0 0.144551 13 8283 1 0 1 
-14.4736 -21.3956 0.297965 0 0 0 0.145537 13 8284 1 0 1 
-18.2586 11.8299 0.32715 0 0 0 0.136857 13 8285 1 0 1 
11.1538 12.5483 0.331076 0 0 0 0.138148 13 8286 1 0 1 
6.40511 3.37437 0.272612 0 0 0 0.148738 13 8287 1 0 1 
18.5833 -4.33579 0.307527 0 0 0 0.142753 13 8288 1 0 1 
-0.599932 3.85323 0.293423 0 0 0 0.145668 13 8289 1 0 1 
16.1195 15.6526 0.302913 0 0 0 0.143914 13 8290 1 0 1 
-3.49644 -9.30802 0.349707 0 0 0 0.135649 13 8291 1 0 1 
-1.09642 7.41538 0.28766 0 0 0 0.144824 13 8292 1 0 1 
11.1822 -17.165 0.312544 0 0 0 0.141578 13 8293 1 0 1 
-4.83331 -6.03573 0.30707 0 0 0 0.141124 13 8294 1 0 1 
-32.5303 33.2009 0.333829 0 0 0 0.138779 13 8295 1 0 1 
8.64071 -0.0493426 0.3676 0 0 0 0.132117 13 8296 1 0 1 
-23.0728 -2.77921 0.357866 0 0 0 0.135707 13 8297 1 0 1 
-6.88634 -11.3377 0.292286 0 0 0 0.145379 13 8298 1 0 1 
3.90496 -0.42221 0.322573 0 0 0 0.138359 13 8299 1 0 1 
12.7474 -5.36918 0.286496 0 0 0 0.147686 13 8300 1 0 1 
-29.0651 -2.92686 0.372497 0 0 0 0.130997 13 8301 1 0 1 
15.4772 8.67658 0.341787 0 0 0 0.13626 13 8302 1 0 1 
2.03984 -20.6151 0.331617 0 0 0 0.138705 13 8303 1 0 1 
-19.7834 14.0669 0.293834 0 0 0 0.141843 13 8304 1 0 1 
-11.9743 5.44628 0.322526 0 0 0 0.138796 13 8305 1 0 1 
23.669 10.1292 0.362914 0 0 0 0.133449 13 8306 1 0 1 
-0.464787 7.11724 0.31367 0 0 0 0.142432 13 8307 1 0 1 
20.8353 1.53036 0.31129 0 0 0 0.141859 13 8308 1 0 1 
15.586 14.8194 0.351247 0 0 0 0.134728 13 8309 1 0 1 
-4.44 -3.04725 0.318591 0 0 0 0.141066 13 8310 1 0 1 
-0.292306 -7.91716 0.265978 0 0 0 0.133186 13 8311 1 0 1 
-17.1461 -2.5677 0.353755 0 0 0 0.133915 13 8312 1 0 1 
13.0454 9.6771 0.356076 0 0 0 0.13288 13 8313 1 0 1 
-2.53596 2.72808 0.329654 0 0 0 0.138825 13 8314 1 0 1 
-13.9598 4.17946 0.308595 0 0 0 0.143535 13 8315 1 0 1 
1.83348 -13.8945 0.307309 0 0 0 0.143178 13 8316 1 0 1 
22.7734 -9.07998 0.3063 0 0 0 0.144285 13 8317 1 0 1 
11.6949 -20.3307 0.339474 0 0 0 0.137043 13 8318 1 0 1 
-14.3775 5.37679 0.346282 0 0 0 0.136472 13 8319 1 0 1 
6.67482 3.2048 0.321656 0 0 0 0.140891 13 8320 1 0 1 
-18.2741 -15.037 0.286999 0 0 0 0.14423 13 8321 1 0 1 
-0.372069 -20.0256 0.325409 0 0 0 0.137217 13 8322 1 0 1 
8.87212 -10.501 0.311551 0 0 0 0.142586 13 8323 1 0 1 
-15.937 -8.96774 0.315733 0 0 0 0.14061 13 8324 1 0 1 
4.45399 -32.0619 0.339421 0 0 0 0.135032 13 8325 1 0 1 
18.4224 -2.29463 0.332806 0 0 0 0.137677 13 8326 1 0 1 
2.52106 -1.48592 0.311688 0 0 0 0.14287 13 8327 1 0 1 
16.1619 16.0078 0.293923 0 0 0 0.1462 13 8328 1 0 1 
5.79992 -25.7776 0.294016 0 0 0 0.146387 13 8329 1 0 1 
10.6288 -0.149833 0.290688 0 0 0 0.144007 13 8330 1 0 1 
-3.04042 -0.940107 0.284741 0 0 0 0.148674 13 8331 1 0 1 
7.86547 12.4279 0.33401 0 0 0 0.137518 13 8332 1 0 1 
-1.59566 2.25678 0.313262 0 0 0 0.141288 13 8333 1 0 1 
-11.6928 -11.0324 0.306136 0 0 0 0.143917 13 8334 1 0 1 
-4.96268 2.70925 0.340097 0 0 0 0.138704 13 8335 1 0 1 
-8.08708 -6.77988 0.326412 0 0 0 0.138679 13 8336 1 0 1 
3.09587 -22.9365 0.313964 0 0 0 0.142254 13 8337 1 0 1 
-11.4682 0.483213 0.29868 0 0 0 0.144312 13 8338 1 0 1 
3.04315 6.68379 0.334428 0 0 0 0.137212 13 8339 1 0 1 
-12.4187 -9.92452 0.349126 0 0 0 0.13503 13 8340 1 0 1 
18.8895 4.73541 0.304261 0 0 0 0.143304 13 8341 1 0 1 
8.56239 -6.31336 0.393239 0 0 0 0.130128 13 8342 1 0 1 
-7.80424 -13.8422 0.301925 0 0 0 0.14368 13 8343 1 0 1 
0.451522 -12.0987 0.333938 0 0 0 0.136137 13 8344 1 0 1 
-23.1639 19.7968 0.286935 0 0 0 0.147429 13 8345 1 0 1 
5.59611 -1.94605 0.278107 0 0 0 0.149401 13 8346 1 0 1 
12.7698 23.0278 0.307633 0 0 0 0.143254 13 8347 1 0 1 
-3.93639 -34.3499 0.303421 0 0 0 0.14385 13 8348 1 0 1 
-9.28122 3.57959 0.288565 0 0 0 0.14166 13 8349 1 0 1 
11.3655 37.3361 0.278482 0 0 0 0.147659 13 8350 1 0 1 
25.3223 10.7616 0.300921 0 0 0 0.143529 13 8351 1 0 1 
21.6632 -34.3797 0.33488 0 0 0 0.13883 13 8352 1 0 1 
-0.29451 5.29682 0.336513 0 0 0 0.136351 13 8353 1 0 1 
0.147779 13.5802 0.314278 0 0 0 0.14266 13 8354 1 0 1 
9.74996 1.26655 0.350227 0 0 0 0.134854 13 8355 1 0 1 
30.9914 -15.5869 0.330554 0 0 0 0.137099 13 8356 1 0 1 
-7.03418 -17.1515 0.329958 0 0 0 0.134886 13 8357 1 0 1 
-9.22378 29.4068 0.347417 0 0 0 0.134471 13 8358 1 0 1 
-30.9415 -24.6837 0.34905 0 0 0 0.133714 13 8359 1 0 1 
13.7206 -6.03477 0.346658 0 0 0 0.134798 13 8360 1 0 1 
22.8004 42.4919 0.332774 0 0 0 0.138229 13 8361 1 0 1 
-20.1791 -8.7511 0.333488 0 0 0 0.136176 13 8362 1 0 1 
13.5661 14.6779 0.336078 0 0 0 0.136694 13 8363 1 0 1 
19.9706 -20.8674 0.300085 0 0 0 0.14474 13 8364 1 0 1 
-18.2026 -0.204017 0.336938 0 0 0 0.138543 13 8365 1 0 1 
-4.83414 -2.47798 0.274786 0 0 0 0.149972 13 8366 1 0 1 
11.3736 -14.4506 0.338439 0 0 0 0.136373 13 8367 1 0 1 
16.0238 -19.551 0.303908 0 0 0 0.142489 13 8368 1 0 1 
-11.8867 -16.2213 0.35594 0 0 0 0.1314 13 8369 1 0 1 
25.7608 -1.44508 0.325711 0 0 0 0.137991 13 8370 1 0 1 
-16.8522 8.93673 0.32989 0 0 0 0.136686 13 8371 1 0 1 
1.7559 17.5177 0.301795 0 0 0 0.144119 13 8372 1 0 1 
-0.911006 23.5623 0.324948 0 0 0 0.139433 13 8373 1 0 1 
14.5299 3.51656 0.305952 0 0 0 0.142692 13 8374 1 0 1 
-3.63144 -30.6886 0.351036 0 0 0 0.134438 13 8375 1 0 1 
-19.6859 -3.93508 0.346978 0 0 0 0.13568 13 8376 1 0 1 
11.5889 12.7296 0.31388 0 0 0 0.142096 13 8377 1 0 1 
16.1359 0.828575 0.318552 0 0 0 0.140573 13 8378 1 0 1 
-5.72372 -7.82298 0.346801 0 0 0 0.135478 13 8379 1 0 1 
3.27178 20.7385 0.338979 0 0 0 0.136532 13 8380 1 0 1 
-13.7144 31.5403 0.288496 0 0 0 0.146476 13 8381 1 0 1 
10.9294 -17.931 0.286888 0 0 0 0.148392 13 8382 1 0 1 
-16.5747 4.87154 0.337275 0 0 0 0.138239 13 8383 1 0 1 
5.59339 29.3124 0.346855 0 0 0 0.136086 13 8384 1 0 1 
-11.1575 -7.51752 0.350599 0 0 0 0.134397 13 8385 1 0 1 
-16.244 -18.5312 0.315326 0 0 0 0.140825 13 8386 1 0 1 
20.6519 -0.669295 0.318908 0 0 0 0.141166 13 8387 1 0 1 
9.70314 34.8414 0.336418 0 0 0 0.136421 13 8388 1 0 1 
-4.02005 -22.5033 0.364381 0 0 0 0.132368 13 8389 1 0 1 
-2.94739 -22.375 0.338949 0 0 0 0.138028 13 8390 1 0 1 
-14.8344 24.7584 0.337871 0 0 0 0.137221 13 8391 1 0 1 
17.8255 11.9264 0.291874 0 0 0 0.14647 13 8392 1 0 1 
3.91029 -24.2948 0.384333 0 0 0 0.130628 13 8393 1 0 1 
0.617413 11.2283 0.300526 0 0 0 0.143963 13 8394 1 0 1 
-10.5546 -3.3537 0.286217 0 0 0 0.145316 13 8395 1 0 1 
-4.67696 -0.686591 0.350481 0 0 0 0.134557 13 8396 1 0 1 
20.26 4.97384 0.302058 0 0 0 0.145168 13 8397 1 0 1 
-18.7074 7.28335 0.351684 0 0 0 0.134449 13 8398 1 0 1 
4.39196 23.7721 0.314523 0 0 0 0.141738 13 8399 1 0 1 
39.3086 -5.9514 0.308824 0 0 0 0.143523 13 8400 1 0 1 
14.0139 -17.8689 0.323755 0 0 0 0.140759 13 8401 1 0 1 
-12.2314 29.8649 0.34973 0 0 0 0.133196 13 8402 1 0 1 
10.0376 16.5342 0.30426 0 0 0 0.143301 13 8403 1 0 1 
30.7397 12.0946 0.409214 0 0 0 0.129017 13 8404 1 0 1 
-10.4021 2.76766 0.269508 0 0 0 0.151857 13 8405 1 0 1 
1.05552 -4.07612 0.337524 0 0 0 0.138363 13 8406 1 0 1 
-29.0127 -10.2419 0.349894 0 0 0 0.13352 13 8407 1 0 1 
-1.9329 10.735 0.339109 0 0 0 0.135876 13 8408 1 0 1 
2.98722 -14.7635 0.327471 0 0 0 0.139014 13 8409 1 0 1 
-13.6359 21.4036 0.325629 0 0 0 0.140106 13 8410 1 0 1 
16.208 20.7398 0.289512 0 0 0 0.146079 13 8411 1 0 1 
26.7498 -33.1056 0.311508 0 0 0 0.141442 13 8412 1 0 1 
4.3245 -2.12353 0.363666 0 0 0 0.130857 13 8413 1 0 1 
22.9391 -19.9284 0.319179 0 0 0 0.140245 13 8414 1 0 1 
-15.0433 46.5667 0.349331 0 0 0 0.134199 13 8415 1 0 1 
11.6881 11.0087 0.385897 0 0 0 0.129946 13 8416 1 0 1 
-5.21404 -10.7495 0.296688 0 0 0 0.14486 13 8417 1 0 1 
22.1307 -0.277988 0.344785 0 0 0 0.134596 13 8418 1 0 1 
19.2038 -2.02132 0.343884 0 0 0 0.134303 13 8419 1 0 1 
1.03102 -15.9238 0.343775 0 0 0 0.136847 13 8420 1 0 1 
10.4517 29.4842 0.314206 0 0 0 0.138837 13 8421 1 0 1 
-17.9185 -7.87234 0.298987 0 0 0 0.146131 13 8422 1 0 1 
14.3313 12.2942 0.323159 0 0 0 0.140688 13 8423 1 0 1 
-22.0531 10.4808 0.277735 0 0 0 0.148212 13 8424 1 0 1 
29.7962 19.5858 0.307837 0 0 0 0.14365 13 8425 1 0 1 
10.5882 16.8609 0.334403 0 0 0 0.136437 13 8426 1 0 1 
-19.2678 -25.9343 0.323941 0 0 0 0.138934 13 8427 1 0 1 
-2.22966 1.15913 0.302602 0 0 0 0.1443 13 8428 1 0 1 
-1.25189 18.5826 0.300734 0 0 0 0.144464 13 8429 1 0 1 
0.940932 17.7724 0.325001 0 0 0 0.139685 13 8430 1 0 1 
11.8812 -10.6154 0.324195 0 0 0 0.138993 13 8431 1 0 1 
-0.299363 -19.2562 0.296298 0 0 0 0.146043 13 8432 1 0 1 
3.08313 15.8691 0.338331 0 0 0 0.135561 13 8433 1 0 1 
-3.98054 -4.0153 0.320702 0 0 0 0.14067 13 8434 1 0 1 
-8.78855 15.8729 0.322656 0 0 0 0.141026 13 8435 1 0 1 
10.8449 30.8804 0.371542 0 0 0 0.131942 13 8436 1 0 1 
-16.8201 26.5907 0.306698 0 0 0 0.143344 13 8437 1 0 1 
21.5709 -13.1187 0.311649 0 0 0 0.141727 13 8438 1 0 1 
-11.1976 3.17922 0.323371 0 0 0 0.139528 13 8439 1 0 1 
-17.1258 3.48203 0.302135 0 0 0 0.144843 13 8440 1 0 1 
-6.84859 -17.4105 0.279312 0 0 0 0.147852 13 8441 1 0 1 
18.1396 -3.86436 0.336075 0 0 0 0.136435 13 8442 1 0 1 
-9.48104 30.1873 0.294474 0 0 0 0.146557 13 8443 1 0 1 
-30.3667 19.2424 0.319335 0 0 0 0.140212 13 8444 1 0 1 
1.18434 8.43939 0.309659 0 0 0 0.142747 13 8445 1 0 1 
-0.909133 7.0804 0.370856 0 0 0 0.130216 13 8446 1 0 1 
-10.9611 -3.30622 0.292743 0 0 0 0.146402 13 8447 1 0 1 
-9.90046 -7.09882 0.317274 0 0 0 0.14146 13 8448 1 0 1 
-35.1438 -13.3688 0.329414 0 0 0 0.139816 13 8449 1 0 1 
16.4124 3.72976 0.329349 0 0 0 0.13824 13 8450 1 0 1 
-10.8731 -22.8057 0.251247 0 0 0 0.157354 13 8451 1 0 1 
-14.9372 19.1533 0.336827 0 0 0 0.138432 13 8452 1 0 1 
-1.08179 -2.67745 0.305891 0 0 0 0.143242 13 8453 1 0 1 
-6.35654 17.8721 0.28369 0 0 0 0.136862 13 8454 1 0 1 
11.0548 -17.0297 0.343481 0 0 0 0.135503 13 8455 1 0 1 
4.48693 14.0349 0.304953 0 0 0 0.144171 13 8456 1 0 1 
7.17194 -12.3126 0.326989 0 0 0 0.139261 13 8457 1 0 1 
-12.7035 16.6602 0.308349 0 0 0 0.143651 13 8458 1 0 1 
-7.10332 28.9208 0.366385 0 0 0 0.132028 13 8459 1 0 1 
4.30361 8.10752 0.309549 0 0 0 0.143273 13 8460 1 0 1 
8.12473 1.37417 0.301861 0 0 0 0.143126 13 8461 1 0 1 
-11.4878 20.7631 0.279545 0 0 0 0.148404 13 8462 1 0 1 
-0.227464 -9.35187 0.295597 0 0 0 0.144773 13 8463 1 0 1 
-12.6657 -17.6271 0.331653 0 0 0 0.139407 13 8464 1 0 1 
16.6001 -11.0367 0.371163 0 0 0 0.130115 13 8465 1 0 1 
20.2506 0.452775 0.347415 0 0 0 0.135786 13 8466 1 0 1 
-18.2909 -8.10496 0.275411 0 0 0 0.149553 13 8467 1 0 1 
14.4514 -7.07455 0.340182 0 0 0 0.137212 13 8468 1 0 1 
11.668 -2.75389 0.244162 0 0 0 0.159349 13 8469 1 0 1 
-21.6603 6.90509 0.329246 0 0 0 0.138945 13 8470 1 0 1 
16.1678 29.6479 0.322479 0 0 0 0.139407 13 8471 1 0 1 
-1.97407 4.49204 0.304287 0 0 0 0.144299 13 8472 1 0 1 
-0.955231 9.74898 0.360378 0 0 0 0.133381 13 8473 1 0 1 
6.09364 13.2597 0.325273 0 0 0 0.140842 13 8474 1 0 1 
-14.2621 -10.3758 0.315016 0 0 0 0.140173 13 8475 1 0 1 
12.1731 2.75396 0.307853 0 0 0 0.142771 13 8476 1 0 1 
11.5881 5.89349 0.338078 0 0 0 0.138836 13 8477 1 0 1 
9.51968 17.2625 0.368366 0 0 0 0.131481 13 8478 1 0 1 
13.9988 6.89375 0.321355 0 0 0 0.139733 13 8479 1 0 1 
20.1446 -7.14613 0.295367 0 0 0 0.143742 13 8480 1 0 1 
-3.46977 22.6317 0.350411 0 0 0 0.134395 13 8481 1 0 1 
-5.51611 31.6163 0.346834 0 0 0 0.134963 13 8482 1 0 1 
-14.4409 -25.0523 0.394035 0 0 0 0.128689 13 8483 1 0 1 
-7.77181 5.35222 0.342764 0 0 0 0.137421 13 8484 1 0 1 
2.61741 12.6505 0.328201 0 0 0 0.139926 13 8485 1 0 1 
10.7529 22.9762 0.323504 0 0 0 0.140493 13 8486 1 0 1 
-8.87854 3.74781 0.349292 0 0 0 0.134947 13 8487 1 0 1 
-9.67733 -17.8666 0.334984 0 0 0 0.13756 13 8488 1 0 1 
2.10529 22.5301 0.315327 0 0 0 0.14136 13 8489 1 0 1 
-14.6356 -17.8752 0.347126 0 0 0 0.136008 13 8490 1 0 1 
3.28357 -31.8498 0.292699 0 0 0 0.146851 13 8491 1 0 1 
11.9238 -6.66265 0.316611 0 0 0 0.138329 13 8492 1 0 1 
-1.90765 22.1587 0.305214 0 0 0 0.144602 13 8493 1 0 1 
-0.812687 -30.5035 0.290365 0 0 0 0.147411 13 8494 1 0 1 
24.9414 0.826144 0.31529 0 0 0 0.142386 13 8495 1 0 1 
-14.4567 2.24599 0.325572 0 0 0 0.140407 13 8496 1 0 1 
-22.5477 32.2443 0.307261 0 0 0 0.144222 13 8497 1 0 1 
7.43708 6.30835 0.304917 0 0 0 0.14357 13 8498 1 0 1 
9.15731 -3.44224 0.296994 0 0 0 0.143947 13 8499 1 0 1 
-13.7641 -0.69436 0.30669 0 0 0 0.14398 13 8500 1 0 1 
7.37782 9.89617 0.298133 0 0 0 0.144706 13 8501 1 0 1 
-15.8177 -21.3914 0.3271 0 0 0 0.138171 13 8502 1 0 1 
4.153 9.48942 0.353342 0 0 0 0.134747 13 8503 1 0 1 
10.0164 -2.92656 0.323473 0 0 0 0.140517 13 8504 1 0 1 
8.65298 0.855132 0.371957 0 0 0 0.130771 13 8505 1 0 1 
-10.2384 -27.2651 0.339167 0 0 0 0.135859 13 8506 1 0 1 
-2.20417 -16.1434 0.328713 0 0 0 0.138164 13 8507 1 0 1 
4.5302 -11.5857 0.305894 0 0 0 0.143967 13 8508 1 0 1 
12.4665 18.4406 0.333646 0 0 0 0.133817 13 8509 1 0 1 
9.18684 25.484 0.349376 0 0 0 0.134254 13 8510 1 0 1 
17.5448 -20.7696 0.314943 0 0 0 0.139702 13 8511 1 0 1 
-17.8555 27.1468 0.302634 0 0 0 0.142706 13 8512 1 0 1 
11.4349 11.8742 0.296937 0 0 0 0.14458 13 8513 1 0 1 
-3.73223 -7.78826 0.343043 0 0 0 0.133508 13 8514 1 0 1 
3.61096 -12.5685 0.323329 0 0 0 0.139985 13 8515 1 0 1 
21.2255 10.4528 0.378146 0 0 0 0.128597 13 8516 1 0 1 
-13.5314 -12.7554 0.330665 0 0 0 0.140283 13 8517 1 0 1 
7.37426 2.61673 0.366914 0 0 0 0.13177 13 8518 1 0 1 
-9.96947 8.4883 0.361081 0 0 0 0.13198 13 8519 1 0 1 
-7.72314 -0.467483 0.3274 0 0 0 0.139332 13 8520 1 0 1 
39.841 -4.96651 0.338333 0 0 0 0.136448 13 8521 1 0 1 
4.61548 -8.05228 0.298063 0 0 0 0.145255 13 8522 1 0 1 
8.3957 -15.3007 0.311894 0 0 0 0.142912 13 8523 1 0 1 
-2.78354 28.5528 0.314721 0 0 0 0.142343 13 8524 1 0 1 
-11.5202 -17.6888 0.294799 0 0 0 0.145204 13 8525 1 0 1 
2.33502 16.3244 0.277963 0 0 0 0.14864 13 8526 1 0 1 
-5.82079 16.7092 0.338386 0 0 0 0.134382 13 8527 1 0 1 
5.99609 0.292915 0.355572 0 0 0 0.133054 13 8528 1 0 1 
0.0634906 -32.4394 0.315019 0 0 0 0.141179 13 8529 1 0 1 
21.3817 -7.22073 0.351787 0 0 0 0.134604 13 8530 1 0 1 
-12.0249 -0.354972 0.337488 0 0 0 0.136648 13 8531 1 0 1 
-6.59918 6.6281 0.341143 0 0 0 0.137692 13 8532 1 0 1 
-0.647081 -12.7099 0.29364 0 0 0 0.146557 13 8533 1 0 1 
-3.20262 1.33413 0.364833 0 0 0 0.132484 13 8534 1 0 1 
6.17383 -4.24842 0.316785 0 0 0 0.14016 13 8535 1 0 1 
5.66109 5.13094 0.329995 0 0 0 0.138367 13 8536 1 0 1 
-16.7764 4.86224 0.309448 0 0 0 0.142875 13 8537 1 0 1 
4.9054 7.49204 0.343664 0 0 0 0.13678 13 8538 1 0 1 
-7.16195 23.7665 0.269505 0 0 0 0.150437 13 8539 1 0 1 
-35.3961 -35.3173 0.319692 0 0 0 0.141024 13 8540 1 0 1 
-3.74107 -1.1578 0.340064 0 0 0 0.135474 13 8541 1 0 1 
2.96694 -24.0226 0.341488 0 0 0 0.136239 13 8542 1 0 1 
-10.7594 -13.4807 0.353522 0 0 0 0.135539 13 8543 1 0 1 
13.3318 9.24382 0.330926 0 0 0 0.137326 13 8544 1 0 1 
-16.6117 -1.2718 0.317147 0 0 0 0.140949 13 8545 1 0 1 
-8.95118 15.6818 0.337433 0 0 0 0.136166 13 8546 1 0 1 
-10.2858 -19.8498 0.359175 0 0 0 0.131532 13 8547 1 0 1 
-7.48063 -12.1539 0.306489 0 0 0 0.1446 13 8548 1 0 1 
4.22165 -4.75435 0.315416 0 0 0 0.141244 13 8549 1 0 1 
-3.72374 -0.591881 0.329767 0 0 0 0.138747 13 8550 1 0 1 
-14.7438 -1.15346 0.307669 0 0 0 0.142884 13 8551 1 0 1 
18.2272 -28.2488 0.339312 0 0 0 0.137843 13 8552 1 0 1 
37.9448 -16.9856 0.352397 0 0 0 0.134381 13 8553 1 0 1 
-5.70169 5.68738 0.30232 0 0 0 0.144727 13 8554 1 0 1 
21.8509 -22.6292 0.315797 0 0 0 0.141879 13 8555 1 0 1 
4.81719 -10.1666 0.326796 0 0 0 0.139509 13 8556 1 0 1 
17.8919 -2.82579 0.326685 0 0 0 0.137472 13 8557 1 0 1 
-19.4064 19.4561 0.331733 0 0 0 0.137041 13 8558 1 0 1 
20.2941 1.45236 -0.80593 0 0 25.6928 0.129794 13 8559 1 0 1 
7.92426 -3.19742 0.346398 0 0 0 0.138858 13 8560 1 0 1 
-30.9657 4.94279 0.341202 0 0 0 0.135829 13 8561 1 0 1 
41.6955 0.267535 0.31752 0 0 0 0.141027 13 8562 1 0 1 
21.6475 0.626986 0.284158 0 0 0 0.147782 13 8563 1 0 1 
-0.638026 19.8108 0.307396 0 0 0 0.142794 13 8564 1 0 1 
-48.3978 -1.22294 0.313257 0 0 0 0.142508 13 8565 1 0 1 
-18.3075 -27.6499 0.295749 0 0 0 0.145397 13 8566 1 0 1 
12.7501 15.1093 0.346888 0 0 0 0.134983 13 8567 1 0 1 
6.63955 -11.9817 0.320639 0 0 0 0.141771 13 8568 1 0 1 
-12.6708 -10.8534 0.307937 0 0 0 0.14174 13 8569 1 0 1 
8.17816 4.74611 0.36443 0 0 0 0.133261 13 8570 1 0 1 
2.9704 -14.5732 0.314604 0 0 0 0.140749 13 8571 1 0 1 
4.82156 11.9708 0.316735 0 0 0 0.14025 13 8572 1 0 1 
-12.7738 -1.4497 0.320983 0 0 0 0.139375 13 8573 1 0 1 
18.5709 -21.7552 0.302349 0 0 0 0.143776 13 8574 1 0 1 
0.793084 -11.6669 0.327528 0 0 0 0.138641 13 8575 1 0 1 
-2.35535 -1.4117 0.173731 0 0 0 0.142687 13 8576 1 0 1 
6.90322 27.0063 0.301782 0 0 0 0.143907 13 8577 1 0 1 
-8.80094 3.21691 0.319658 0 0 0 0.140616 13 8578 1 0 1 
5.91499 30.5423 0.331157 0 0 0 0.138372 13 8579 1 0 1 
-31.7531 1.05854 0.309428 0 0 0 0.141364 13 8580 1 0 1 
2.33016 0.118389 0.320805 0 0 0 0.140255 13 8581 1 0 1 
-4.69638 5.38758 0.310277 0 0 0 0.142635 13 8582 1 0 1 
16.1174 -7.74623 0.323674 0 0 0 0.138561 13 8583 1 0 1 
2.22397 -11.3864 0.300878 0 0 0 0.144691 13 8584 1 0 1 
4.42004 9.92731 0.354904 0 0 0 0.133029 13 8585 1 0 1 
6.40527 1.78959 0.303084 0 0 0 0.144168 13 8586 1 0 1 
-8.51916 -2.79478 0.358911 0 0 0 0.133226 13 8587 1 0 1 
13.1762 12.8734 0.311735 0 0 0 0.142602 13 8588 1 0 1 
8.94252 4.04117 0.326825 0 0 0 0.137582 13 8589 1 0 1 
-5.82127 9.26443 0.333895 0 0 0 0.137931 13 8590 1 0 1 
-17.3509 -21.9273 0.279974 0 0 0 0.148384 13 8591 1 0 1 
-1.92495 -14.0245 0.31064 0 0 0 0.14181 13 8592 1 0 1 
9.79155 0.457678 0.303277 0 0 0 0.142637 13 8593 1 0 1 
16.6833 -2.22084 0.302134 0 0 0 0.144017 13 8594 1 0 1 
11.978 -1.85234 0.286066 0 0 0 0.145269 13 8595 1 0 1 
-0.589618 -11.4509 0.338752 0 0 0 0.137867 13 8596 1 0 1 
31.6304 -28.7368 0.298747 0 0 0 0.145341 13 8597 1 0 1 
-6.00211 33.5072 0.319779 0 0 0 0.138614 13 8598 1 0 1 
-18.8036 -2.11515 0.321147 0 0 0 0.141508 13 8599 1 0 1 
58.3717 0.130966 0.333991 0 0 0 0.138993 13 8600 1 0 1 
2.46952 -22.7092 0.320143 0 0 0 0.139233 13 8601 1 0 1 
10.0314 2.54642 0.343028 0 0 0 0.136966 13 8602 1 0 1 
3.08398 -10.0293 0.314212 0 0 0 0.140646 13 8603 1 0 1 
12.8449 4.94136 0.328074 0 0 0 0.139989 13 8604 1 0 1 
5.36654 -20.2711 0.318014 0 0 0 0.140564 13 8605 1 0 1 
-21.9877 -12.1087 0.31692 0 0 0 0.141917 13 8606 1 0 1 
-1.20418 -21.5819 0.323052 0 0 0 0.141727 13 8607 1 0 1 
-3.13027 16.7678 0.347054 0 0 0 0.134904 13 8608 1 0 1 
6.11881 5.29581 0.331004 0 0 0 0.137956 13 8609 1 0 1 
-13.4995 0.545732 0.337204 0 0 0 0.137182 13 8610 1 0 1 
-22.8418 -10.1326 0.308811 0 0 0 0.14375 13 8611 1 0 1 
-3.16356 -28.1726 0.295803 0 0 0 0.144832 13 8612 1 0 1 
-3.28729 11.2707 0.339518 0 0 0 0.137224 13 8613 1 0 1 
-3.23524 20.2794 0.33691 0 0 0 0.137019 13 8614 1 0 1 
29.915 -6.23568 0.312244 0 0 0 0.142823 13 8615 1 0 1 
-0.180984 -25.0356 0.330653 0 0 0 0.137822 13 8616 1 0 1 
7.45211 13.9126 0.289401 0 0 0 0.147221 13 8617 1 0 1 
-10.9788 -14.8477 0.345397 0 0 0 0.136579 13 8618 1 0 1 
1.55911 -24.2069 0.309854 0 0 0 0.14332 13 8619 1 0 1 
-3.35846 2.52523 0.288163 0 0 0 0.146406 13 8620 1 0 1 
-15.2844 -9.22303 0.308607 0 0 0 0.141818 13 8621 1 0 1 
-7.96537 -13.8044 0.305605 0 0 0 0.143483 13 8622 1 0 1 
-4.83161 6.04757 0.28396 0 0 0 0.146077 13 8623 1 0 1 
-20.2933 2.44838 0.30903 0 0 0 0.141681 13 8624 1 0 1 
-20.6606 -24.3759 0.332315 0 0 0 0.137512 13 8625 1 0 1 
-18.7106 28.6373 0.345779 0 0 0 0.134934 13 8626 1 0 1 
-3.25341 -4.67547 0.350127 0 0 0 0.134296 13 8627 1 0 1 
-5.43086 10.164 0.30057 0 0 0 0.144982 13 8628 1 0 1 
-15.4248 -14.5761 0.347219 0 0 0 0.133764 13 8629 1 0 1 
25.552 7.96881 0.281464 0 0 0 0.149558 13 8630 1 0 1 
10.1305 0.027724 0.375067 0 0 0 0.131423 13 8631 1 0 1 
19.6554 8.39042 0.301187 0 0 0 0.144 13 8632 1 0 1 
-1.07847 -1.92103 0.304259 0 0 0 0.143592 13 8633 1 0 1 
-5.87098 -18.3115 0.312364 0 0 0 0.14218 13 8634 1 0 1 
-9.66999 3.01197 0.309595 0 0 0 0.14184 13 8635 1 0 1 
2.33588 28.8861 0.323198 0 0 0 0.138112 13 8636 1 0 1 
2.93121 -3.82572 0.323664 0 0 0 0.141552 13 8637 1 0 1 
-4.62738 -15.719 0.311328 0 0 0 0.142529 13 8638 1 0 1 
-13.2555 3.26818 0.317755 0 0 0 0.140047 13 8639 1 0 1 
8.81063 18.0245 0.326382 0 0 0 0.140021 13 8640 1 0 1 
10.9198 -20.8404 0.281084 0 0 0 0.146712 13 8641 1 0 1 
6.00642 -23.4303 0.317759 0 0 0 0.139744 13 8642 1 0 1 
-6.85483 5.34028 0.353155 0 0 0 0.133898 13 8643 1 0 1 
9.11467 28.8523 0.293201 0 0 0 0.145292 13 8644 1 0 1 
16.3719 7.21372 0.33215 0 0 0 0.137036 13 8645 1 0 1 
9.72815 1.33563 0.346599 0 0 0 0.136224 13 8646 1 0 1 
-17.6984 16.496 0.373936 0 0 0 0.131439 13 8647 1 0 1 
-9.91605 -21.93 0.332809 0 0 0 0.138663 13 8648 1 0 1 
-1.53336 -23.9927 0.338302 0 0 0 0.136425 13 8649 1 0 1 
-7.79183 4.13444 0.348829 0 0 0 0.133794 13 8650 1 0 1 
-7.39445 -3.20727 0.318054 0 0 0 0.141334 13 8651 1 0 1 
7.91743 -19.2191 0.328403 0 0 0 0.138809 13 8652 1 0 1 
12.9169 -30.797 0.303168 0 0 0 0.144439 13 8653 1 0 1 
-0.693515 4.61861 0.332964 0 0 0 0.138092 13 8654 1 0 1 
-10.797 -3.9735 0.359693 0 0 0 0.132724 13 8655 1 0 1 
11.6834 9.65753 0.311715 0 0 0 0.14265 13 8656 1 0 1 
9.45655 1.03311 0.330211 0 0 0 0.135508 13 8657 1 0 1 
-6.8993 13.6966 0.290832 0 0 0 0.147095 13 8658 1 0 1 
-13.4969 -27.4884 0.288609 0 0 0 0.147115 13 8659 1 0 1 
5.66564 6.24128 0.311165 0 0 0 0.141485 13 8660 1 0 1 
14.4313 12.1462 0.367173 0 0 0 0.131591 13 8661 1 0 1 
-14.0109 1.89214 0.371457 0 0 0 0.133443 13 8662 1 0 1 
-42.3247 3.10059 0.333412 0 0 0 0.137782 13 8663 1 0 1 
-11.3838 -14.782 0.310522 0 0 0 0.143728 13 8664 1 0 1 
10.7219 1.80816 0.325811 0 0 0 0.139504 13 8665 1 0 1 
5.27299 -8.53275 0.326123 0 0 0 0.139236 13 8666 1 0 1 
9.93227 13.3897 0.324812 0 0 0 0.141042 13 8667 1 0 1 
28.2529 -2.3099 0.268156 0 0 0 0.151772 13 8668 1 0 1 
-7.72295 10.7264 0.34277 0 0 0 0.135833 13 8669 1 0 1 
-15.7729 -12.7258 0.318866 0 0 0 0.139864 13 8670 1 0 1 
12.6534 13.1698 0.352634 0 0 0 0.134506 13 8671 1 0 1 
22.8135 -0.586294 0.36248 0 0 0 0.133689 13 8672 1 0 1 
8.71172 -18.348 0.333008 0 0 0 0.138926 13 8673 1 0 1 
33.0428 8.80148 0.334905 0 0 0 0.138451 13 8674 1 0 1 
11.8989 32.9839 0.272349 0 0 0 0.15063 13 8675 1 0 1 
4.32118 -7.70471 0.28156 0 0 0 0.148929 13 8676 1 0 1 
-10.8493 2.09522 0.322569 0 0 0 0.137418 13 8677 1 0 1 
-0.721401 27.9689 0.336118 0 0 0 0.136196 13 8678 1 0 1 
2.40674 39.714 0.367529 0 0 0 0.132867 13 8679 1 0 1 
15.7818 3.06211 0.356247 0 0 0 0.133047 13 8680 1 0 1 
-16.9057 5.88513 0.308266 0 0 0 0.142734 13 8681 1 0 1 
19.8491 10.311 0.30765 0 0 0 0.142776 13 8682 1 0 1 
-8.7164 -21.2935 0.310905 0 0 0 0.14281 13 8683 1 0 1 
-0.291109 -1.24832 0.302482 0 0 0 0.144284 13 8684 1 0 1 
-14.2731 0.38828 0.347002 0 0 0 0.134572 13 8685 1 0 1 
25.2034 5.02106 0.343745 0 0 0 0.136078 13 8686 1 0 1 
-8.46004 14.3097 0.313392 0 0 0 0.141451 13 8687 1 0 1 
8.31571 12.3462 0.322339 0 0 0 0.140126 13 8688 1 0 1 
-1.55506 20.0438 0.351573 0 0 0 0.13506 13 8689 1 0 1 
1.81217 3.48089 0.305081 0 0 0 0.141956 13 8690 1 0 1 
-0.542998 -14.2813 0.324911 0 0 0 0.140359 13 8691 1 0 1 
4.15303 -15.1641 0.298575 0 0 0 0.144924 13 8692 1 0 1 
-13.6875 -13.3451 0.328767 0 0 0 0.138943 13 8693 1 0 1 
-30.6968 -4.81363 0.293614 0 0 0 0.145963 13 8694 1 0 1 
32.9247 -14.8373 0.343498 0 0 0 0.135637 13 8695 1 0 1 
6.95031 -16.2888 0.340726 0 0 0 0.136451 13 8696 1 0 1 
3.51966 12.4306 0.311692 0 0 0 0.141802 13 8697 1 0 1 
-5.69188 7.02837 0.328757 0 0 0 0.138496 13 8698 1 0 1 
-22.3768 11.2438 0.344614 0 0 0 0.13579 13 8699 1 0 1 
-11.6709 1.19615 0.321661 0 0 0 0.141146 13 8700 1 0 1 
-9.56658 13.2986 0.321406 0 0 0 0.14046 13 8701 1 0 1 
-15.6235 -32.1978 0.343035 0 0 0 0.136423 13 8702 1 0 1 
1.8511 21.7757 0.37011 0 0 0 0.13309 13 8703 1 0 1 
-15.1605 0.698178 0.30257 0 0 0 0.144386 13 8704 1 0 1 
27.1031 -24.136 0.308364 0 0 0 0.140163 13 8705 1 0 1 
-21.1447 -34.0302 0.31789 0 0 0 0.140762 13 8706 1 0 1 
-0.16445 -13.3269 0.337083 0 0 0 0.138775 13 8707 1 0 1 
-3.09971 -0.733467 0.330564 0 0 0 0.137113 13 8708 1 0 1 
2.99798 1.45304 0.351141 0 0 0 0.133116 13 8709 1 0 1 
22.6162 12.486 0.321114 0 0 0 0.140151 13 8710 1 0 1 
-9.43246 5.8058 0.272254 0 0 0 0.142448 13 8711 1 0 1 
-9.89522 -2.47554 0.351035 0 0 0 0.13332 13 8712 1 0 1 
23.5233 -2.57822 0.31712 0 0 0 0.14217 13 8713 1 0 1 
17.8154 -9.29788 0.314152 0 0 0 0.141365 13 8714 1 0 1 
-10.4636 -3.559 0.342793 0 0 0 0.13918 13 8715 1 0 1 
-24.1918 17.9577 0.33555 0 0 0 0.13755 13 8716 1 0 1 
-2.12144 -9.59115 0.289177 0 0 0 0.146011 13 8717 1 0 1 
-14.3917 13.1839 0.341956 0 0 0 0.136888 13 8718 1 0 1 
14.119 -9.13298 0.345222 0 0 0 0.133152 13 8719 1 0 1 
9.99236 7.05204 0.277193 0 0 0 0.149465 13 8720 1 0 1 
-5.46501 16.3384 0.325916 0 0 0 0.140093 13 8721 1 0 1 
0.117699 6.79429 0.338085 0 0 0 0.137843 13 8722 1 0 1 
5.02516 -10.6434 0.332849 0 0 0 0.138612 13 8723 1 0 1 
13.0445 6.75585 0.33147 0 0 0 0.138966 13 8724 1 0 1 
-9.07495 5.29791 0.336938 0 0 0 0.136736 13 8725 1 0 1 
9.43455 -5.67946 0.32268 0 0 0 0.141089 13 8726 1 0 1 
-19.0492 1.79109 0.373915 0 0 0 0.130366 13 8727 1 0 1 
23.5717 -2.56822 0.3068 0 0 0 0.143436 13 8728 1 0 1 
-14.8527 -25.2686 0.29713 0 0 0 0.144361 13 8729 1 0 1 
-11.6923 -2.37897 0.314009 0 0 0 0.140916 13 8730 1 0 1 
-9.22983 -8.43604 0.331787 0 0 0 0.137266 13 8731 1 0 1 
17.1126 3.75554 0.362089 0 0 0 0.133439 13 8732 1 0 1 
-12.843 9.82179 0.317944 0 0 0 0.140146 13 8733 1 0 1 
-21.9521 4.43671 0.278784 0 0 0 0.148738 13 8734 1 0 1 
5.97787 4.66664 0.299166 0 0 0 0.143039 13 8735 1 0 1 
22.51 -7.0906 0.332049 0 0 0 0.13757 13 8736 1 0 1 
14.6124 -3.70683 0.295499 0 0 0 0.145189 13 8737 1 0 1 
-28.2601 4.64531 0.311065 0 0 0 0.142645 13 8738 1 0 1 
-8.02233 -25.584 0.323341 0 0 0 0.141563 13 8739 1 0 1 
-4.77044 5.38956 0.313859 0 0 0 0.141303 13 8740 1 0 1 
11.5683 -3.95621 0.313107 0 0 0 0.141194 13 8741 1 0 1 
-5.43592 -12.5914 0.342323 0 0 0 0.135885 13 8742 1 0 1 
26.5839 7.90542 0.346423 0 0 0 0.134486 13 8743 1 0 1 
21.7537 8.84235 0.306734 0 0 0 0.142818 13 8744 1 0 1 
3.0962 -9.00614 0.341184 0 0 0 0.137071 13 8745 1 0 1 
3.40279 29.1481 0.312789 0 0 0 0.143244 13 8746 1 0 1 
29.2143 -13.5699 0.282954 0 0 0 0.146445 13 8747 1 0 1 
-5.76711 11.2615 0.318933 0 0 0 0.140416 13 8748 1 0 1 
6.10052 -1.81172 0.278077 0 0 0 0.148085 13 8749 1 0 1 
14.3437 4.97315 0.297477 0 0 0 0.143913 13 8750 1 0 1 
-6.00465 -20.1567 0.279956 0 0 0 0.149753 13 8751 1 0 1 
-14.6465 -7.66454 0.362285 0 0 0 0.133005 13 8752 1 0 1 
8.10503 -6.74007 0.31652 0 0 0 0.142241 13 8753 1 0 1 
7.73654 15.1915 0.322045 0 0 0 0.139727 13 8754 1 0 1 
23.8578 -7.32664 0.304654 0 0 0 0.144299 13 8755 1 0 1 
-5.15781 14.8837 0.314683 0 0 0 0.140847 13 8756 1 0 1 
-17.497 -2.65018 0.37179 0 0 0 0.13047 13 8757 1 0 1 
19.8399 -1.23772 0.318681 0 0 0 0.141608 13 8758 1 0 1 
-1.01149 0.302675 0.326125 0 0 0 0.138752 13 8759 1 0 1 
5.09218 -13.3931 0.375383 0 0 0 0.131219 13 8760 1 0 1 
5.12624 18.6621 0.324338 0 0 0 0.139331 13 8761 1 0 1 
-9.2827 4.36542 0.33509 0 0 0 0.136164 13 8762 1 0 1 
20.5947 -7.12821 0.326796 0 0 0 0.139894 13 8763 1 0 1 
0.849509 -4.10211 0.299754 0 0 0 0.144418 13 8764 1 0 1 
-29.9379 25.9902 0.357685 0 0 0 0.133625 13 8765 1 0 1 
-5.40601 9.56644 0.324681 0 0 0 0.138538 13 8766 1 0 1 
-29.1955 5.01246 0.320016 0 0 0 0.139296 13 8767 1 0 1 
-6.55057 -12.6349 0.327224 0 0 0 0.140072 13 8768 1 0 1 
-17.2561 5.27981 0.333225 0 0 0 0.138373 13 8769 1 0 1 
6.58375 5.19399 0.305307 0 0 0 0.14353 13 8770 1 0 1 
11.4847 -15.8971 0.311107 0 0 0 0.142465 13 8771 1 0 1 
-2.91205 22.4317 0.303067 0 0 0 0.144247 13 8772 1 0 1 
8.32104 2.9206 0.279092 0 0 0 0.148644 13 8773 1 0 1 
17.6033 4.60255 0.320295 0 0 0 0.140452 13 8774 1 0 1 
6.81456 10.1089 0.322183 0 0 0 0.139912 13 8775 1 0 1 
-24.7392 17.497 0.31874 0 0 0 0.141156 13 8776 1 0 1 
13.2549 3.85524 0.287507 0 0 0 0.146992 13 8777 1 0 1 
29.188 -23.0932 0.301101 0 0 0 0.144112 13 8778 1 0 1 
11.406 13.8988 0.33415 0 0 0 0.137056 13 8779 1 0 1 
8.2946 6.27225 0.377718 0 0 0 0.129584 13 8780 1 0 1 
14.8074 35.9518 0.356401 0 0 0 0.133939 13 8781 1 0 1 
25.1931 -17.2122 0.302403 0 0 0 0.141431 13 8782 1 0 1 
-0.767762 12.459 0.308991 0 0 0 0.142873 13 8783 1 0 1 
-7.68604 -25.4723 0.395892 0 0 0 0.128561 13 8784 1 0 1 
-3.75626 10.7756 0.294735 0 0 0 0.14402 13 8785 1 0 1 
-5.42895 18.2032 0.357831 0 0 0 0.134802 13 8786 1 0 1 
4.96691 -8.16401 0.359944 0 0 0 0.131458 13 8787 1 0 1 
30.0015 1.33441 0.352791 0 0 0 0.132563 13 8788 1 0 1 
2.21506 -14.6928 0.304155 0 0 0 0.142347 13 8789 1 0 1 
-12.2714 10.2811 0.345626 0 0 0 0.134084 13 8790 1 0 1 
1.60581 18.2736 0.270904 0 0 0 0.150217 13 8791 1 0 1 
4.54217 -26.7183 0.290496 0 0 0 0.145074 13 8792 1 0 1 
0.987496 -8.46299 0.300459 0 0 0 0.144162 13 8793 1 0 1 
-28.2472 -10.2429 0.351979 0 0 0 0.135402 13 8794 1 0 1 
22.6588 -33.0164 0.311521 0 0 0 0.141155 13 8795 1 0 1 
13.4741 -22.372 0.329822 0 0 0 0.138325 13 8796 1 0 1 
-19.6143 4.46411 0.322911 0 0 0 0.139165 13 8797 1 0 1 
-5.56737 13.8735 0.305119 0 0 0 0.141778 13 8798 1 0 1 
6.87572 13.9904 0.34205 0 0 0 0.136579 13 8799 1 0 1 
-2.73199 -11.7691 0.300661 0 0 0 0.144225 13 8800 1 0 1 
-2.28197 12.9476 0.310215 0 0 0 0.14135 13 8801 1 0 1 
7.16861 16.8365 0.312374 0 0 0 0.135896 13 8802 1 0 1 
-6.79664 -10.6358 0.327629 0 0 0 0.140302 13 8803 1 0 1 
19.916 -10.6653 0.342851 0 0 0 0.135356 13 8804 1 0 1 
0.665043 19.3101 0.287838 0 0 0 0.146671 13 8805 1 0 1 
-28.8863 -1.88873 0.330707 0 0 0 0.136786 13 8806 1 0 1 
9.37616 4.7535 0.301522 0 0 0 0.14327 13 8807 1 0 1 
21.4936 -10.4423 0.313344 0 0 0 0.14111 13 8808 1 0 1 
1.45942 -4.20474 0.343584 0 0 0 0.13326 13 8809 1 0 1 
11.8221 -1.67121 0.345658 0 0 0 0.136089 13 8810 1 0 1 
26.3555 -12.2779 0.331481 0 0 0 0.138202 13 8811 1 0 1 
-1.382 9.39869 0.292814 0 0 0 0.144099 13 8812 1 0 1 
-14.8691 -2.82051 0.328971 0 0 0 0.138248 13 8813 1 0 1 
-15.0581 -3.99316 0.355241 0 0 0 0.133795 13 8814 1 0 1 
-3.05758 -15.8857 0.349215 0 0 0 0.13317 13 8815 1 0 1 
11.7449 -5.75793 0.350455 0 0 0 0.135607 13 8816 1 0 1 
-13.9415 26.9435 0.326115 0 0 0 0.138988 13 8817 1 0 1 
-14.5793 -22.3244 0.339718 0 0 0 0.135998 13 8818 1 0 1 
-5.84792 7.35193 0.293571 0 0 0 0.144814 13 8819 1 0 1 
1.40106 8.87715 0.341894 0 0 0 0.137339 13 8820 1 0 1 
5.86234 7.43729 0.266145 0 0 0 0.152358 13 8821 1 0 1 
17.0981 -16.9473 0.336146 0 0 0 0.136846 13 8822 1 0 1 
11.0178 -17.4747 0.340291 0 0 0 0.13465 13 8823 1 0 1 
-17.6075 8.24243 0.319037 0 0 0 0.140569 13 8824 1 0 1 
6.95629 11.5454 0.329238 0 0 0 0.138161 13 8825 1 0 1 
3.1316 2.21988 0.353101 0 0 0 0.135364 13 8826 1 0 1 
10.1295 -17.9151 0.298322 0 0 0 0.144613 13 8827 1 0 1 
7.04413 -7.37387 0.300696 0 0 0 0.145101 13 8828 1 0 1 
-34.923 6.32805 0.274559 0 0 0 0.149663 13 8829 1 0 1 
28.1556 -5.47629 0.356334 0 0 0 0.13391 13 8830 1 0 1 
12.3648 -13.1849 0.297646 0 0 0 0.145261 13 8831 1 0 1 
-8.95473 -11.1977 0.313642 0 0 0 0.137895 13 8832 1 0 1 
22.1276 5.69784 0.331796 0 0 0 0.13903 13 8833 1 0 1 
8.27638 2.59972 0.347606 0 0 0 0.134133 13 8834 1 0 1 
12.9634 -5.80833 0.314737 0 0 0 0.141972 13 8835 1 0 1 
5.40055 1.36228 0.342933 0 0 0 0.138403 13 8836 1 0 1 
-35.3173 13.2105 0.38091 0 0 0 0.129815 13 8837 1 0 1 
20.6747 0.873609 0.280293 0 0 0 0.148067 13 8838 1 0 1 
8.95108 -8.67372 0.293217 0 0 0 0.145613 13 8839 1 0 1 
-8.0751 -6.78293 0.302437 0 0 0 0.144547 13 8840 1 0 1 
6.55063 1.87605 0.287326 0 0 0 0.146065 13 8841 1 0 1 
-19.2942 13.4765 0.30506 0 0 0 0.143136 13 8842 1 0 1 
-21.4958 13.2354 0.346383 0 0 0 0.133967 13 8843 1 0 1 
-18.6857 -6.25248 0.327518 0 0 0 0.139109 13 8844 1 0 1 
8.19533 6.07698 0.37054 0 0 0 0.132657 13 8845 1 0 1 
-2.60142 -17.5582 0.315059 0 0 0 0.14132 13 8846 1 0 1 
11.3055 11.3745 0.346 0 0 0 0.136601 13 8847 1 0 1 
-27.3052 -7.9737 0.345261 0 0 0 0.135719 13 8848 1 0 1 
-1.02881 21.5659 0.351971 0 0 0 0.13499 13 8849 1 0 1 
-0.285661 3.25678 0.352588 0 0 0 0.13404 13 8850 1 0 1 
-13.2828 22.0356 0.293582 0 0 0 0.145777 13 8851 1 0 1 
19.532 26.3657 0.350577 0 0 0 0.134831 13 8852 1 0 1 
12.7423 -12.5421 0.312394 0 0 0 0.142043 13 8853 1 0 1 
6.18717 -12.7939 0.323885 0 0 0 0.13957 13 8854 1 0 1 
-22.2855 -7.35341 0.352842 0 0 0 0.134435 13 8855 1 0 1 
-2.79455 -17.4948 0.331443 0 0 0 0.138907 13 8856 1 0 1 
-8.91866 -0.390806 0.301419 0 0 0 0.14432 13 8857 1 0 1 
9.54739 25.0697 0.329213 0 0 0 0.138909 13 8858 1 0 1 
29.4113 3.19294 0.324576 0 0 0 0.141115 13 8859 1 0 1 
23.1854 18.3558 0.335069 0 0 0 0.13712 13 8860 1 0 1 
-6.66967 -12.5692 0.355811 0 0 0 0.134229 13 8861 1 0 1 
1.15684 -12.0187 0.281503 0 0 0 0.147212 13 8862 1 0 1 
-12.7855 -6.90206 0.331262 0 0 0 0.13822 13 8863 1 0 1 
19.8815 -13.2377 0.347906 0 0 0 0.135385 13 8864 1 0 1 
-4.92251 22.2542 0.353095 0 0 0 0.134273 13 8865 1 0 1 
-1.41817 12.072 0.328742 0 0 0 0.140216 13 8866 1 0 1 
7.14605 24.7516 0.349541 0 0 0 0.134608 13 8867 1 0 1 
-8.23033 2.24478 0.328838 0 0 0 0.138434 13 8868 1 0 1 
-20.033 -2.92615 0.342511 0 0 0 0.134235 13 8869 1 0 1 
0.75534 20.8311 0.290125 0 0 0 0.14575 13 8870 1 0 1 
-19.4394 -11.6565 0.289016 0 0 0 0.144337 13 8871 1 0 1 
-13.0716 1.57467 0.344366 0 0 0 0.134978 13 8872 1 0 1 
16.4945 -19.9347 0.318138 0 0 0 0.140327 13 8873 1 0 1 
21.5384 11.5187 0.31811 0 0 0 0.140729 13 8874 1 0 1 
-2.53954 7.2548 0.31717 0 0 0 0.141442 13 8875 1 0 1 
0.104694 7.48524 0.378377 0 0 0 0.130009 13 8876 1 0 1 
15.7932 -0.949224 0.29862 0 0 0 0.144125 13 8877 1 0 1 
26.8762 -27.4198 0.291234 0 0 0 0.146612 13 8878 1 0 1 
12.2574 11.9563 0.317933 0 0 0 0.14083 13 8879 1 0 1 
8.76489 -4.48726 0.330084 0 0 0 0.138699 13 8880 1 0 1 
-0.205005 -4.6356 0.296963 0 0 0 0.144582 13 8881 1 0 1 
-2.21999 -2.45726 0.330688 0 0 0 0.137514 13 8882 1 0 1 
4.53794 -4.08596 0.276707 0 0 0 0.149485 13 8883 1 0 1 
1.91702 7.06873 0.329694 0 0 0 0.140461 13 8884 1 0 1 
-38.2823 2.14821 0.30712 0 0 0 0.142023 13 8885 1 0 1 
3.86785 -2.31929 0.328771 0 0 0 0.138321 13 8886 1 0 1 
17.5888 -3.3395 0.335551 0 0 0 0.137293 13 8887 1 0 1 
-3.48961 -10.0443 0.353387 0 0 0 0.134213 13 8888 1 0 1 
6.33508 8.46954 0.325804 0 0 0 0.13734 13 8889 1 0 1 
7.90784 -11.9614 0.321986 0 0 0 0.139753 13 8890 1 0 1 
6.62586 -0.00677744 0.373953 0 0 0 0.131472 13 8891 1 0 1 
-19.9316 24.8865 0.352814 0 0 0 0.133925 13 8892 1 0 1 
7.80256 10.8182 0.328516 0 0 0 0.138135 13 8893 1 0 1 
12.6828 -13.4423 0.335062 0 0 0 0.136473 13 8894 1 0 1 
-1.9135 13.5871 0.336625 0 0 0 0.135703 13 8895 1 0 1 
-3.1225 -1.47335 0.32455 0 0 0 0.137613 13 8896 1 0 1 
8.49189 9.2741 0.376133 0 0 0 0.130703 13 8897 1 0 1 
-7.6134 -9.99019 0.324881 0 0 0 0.133088 13 8898 1 0 1 
8.96399 -9.96328 0.390882 0 0 0 0.13005 13 8899 1 0 1 
-3.14419 9.87027 0.308303 0 0 0 0.143345 13 8900 1 0 1 
48.0344 -1.8166 0.275846 0 0 0 0.149297 13 8901 1 0 1 
-3.37283 -19.1126 0.274398 0 0 0 0.150744 13 8902 1 0 1 
-21.1513 11.7082 0.313831 0 0 0 0.142355 13 8903 1 0 1 
6.35518 28.0367 0.334377 0 0 0 0.136341 13 8904 1 0 1 
-5.61841 1.49018 0.331011 0 0 0 0.137809 13 8905 1 0 1 
-5.76439 12.1157 0.283882 0 0 0 0.14778 13 8906 1 0 1 
7.19226 -10.494 0.304822 0 0 0 0.143975 13 8907 1 0 1 
4.08727 6.69091 0.344048 0 0 0 0.136012 13 8908 1 0 1 
34.8592 -5.08753 0.34412 0 0 0 0.134067 13 8909 1 0 1 
-3.51504 -0.103242 0.36665 0 0 0 0.131152 13 8910 1 0 1 
-24.8541 10.163 0.320424 0 0 0 0.13995 13 8911 1 0 1 
-2.66567 4.91284 0.334602 0 0 0 0.136619 13 8912 1 0 1 
-6.06276 -15.6901 0.315842 0 0 0 0.138508 13 8913 1 0 1 
-15.2133 9.21839 0.366977 0 0 0 0.131684 13 8914 1 0 1 
0.46615 -16.4537 0.320412 0 0 0 0.139768 13 8915 1 0 1 
14.8124 19.8912 0.409145 0 0 0 0.1283 13 8916 1 0 1 
10.5741 -30.1247 0.327346 0 0 0 0.139536 13 8917 1 0 1 
-16.6649 2.60118 0.357102 0 0 0 0.132338 13 8918 1 0 1 
-24.0823 -5.5778 0.321971 0 0 0 0.140979 13 8919 1 0 1 
9.44633 8.97286 0.300643 0 0 0 0.145896 13 8920 1 0 1 
6.9445 -8.64761 0.271737 0 0 0 0.147641 13 8921 1 0 1 
7.74843 15.5621 0.344722 0 0 0 0.135416 13 8922 1 0 1 
10.4253 -29.3144 0.325454 0 0 0 0.137306 13 8923 1 0 1 
18.3598 12.1955 0.346191 0 0 0 0.136762 13 8924 1 0 1 
-7.79376 3.59346 0.346827 0 0 0 0.136094 13 8925 1 0 1 
5.08811 32.458 0.296735 0 0 0 0.144915 13 8926 1 0 1 
-14.7139 -9.37472 0.283356 0 0 0 0.146265 13 8927 1 0 1 
32.1085 12.3363 0.32073 0 0 0 0.141644 13 8928 1 0 1 
-12.0378 27.5958 0.283715 0 0 0 0.140315 13 8929 1 0 1 
-15.5376 -15.8242 0.326929 0 0 0 0.140145 13 8930 1 0 1 
-27.7293 -10.1397 0.305867 0 0 0 0.143371 13 8931 1 0 1 
20.2041 -28.1178 0.277787 0 0 0 0.147381 13 8932 1 0 1 
1.35368 26.3881 0.345539 0 0 0 0.135869 13 8933 1 0 1 
2.01457 23.0083 0.298448 0 0 0 0.144803 13 8934 1 0 1 
15.8732 21.3106 0.341815 0 0 0 0.135618 13 8935 1 0 1 
-0.528278 7.41507 0.303543 0 0 0 0.141173 13 8936 1 0 1 
-26.5483 -0.709632 0.308573 0 0 0 0.145035 13 8937 1 0 1 
10.5555 -33.75 0.285136 0 0 0 0.147107 13 8938 1 0 1 
13.7469 -1.82081 0.331378 0 0 0 0.138678 13 8939 1 0 1 
5.16443 -1.28278 0.319065 0 0 0 0.140131 13 8940 1 0 1 
15.9003 -4.05764 0.333159 0 0 0 0.136581 13 8941 1 0 1 
12.2786 32.0609 0.340585 0 0 0 0.136316 13 8942 1 0 1 
-15.4839 -22.5413 0.346504 0 0 0 0.135991 13 8943 1 0 1 
-2.61213 20.5984 0.295327 0 0 0 0.144769 13 8944 1 0 1 
7.71788 -7.59497 0.350722 0 0 0 0.135804 13 8945 1 0 1 
2.09711 19.0533 0.342412 0 0 0 0.136734 13 8946 1 0 1 
36.8087 -6.8574 0.311033 0 0 0 0.142195 13 8947 1 0 1 
1.98894 11.2725 0.336835 0 0 0 0.137057 13 8948 1 0 1 
1.81488 -22.2874 0.376279 0 0 0 0.131834 13 8949 1 0 1 
-28.675 -11.9731 0.336855 0 0 0 0.136992 13 8950 1 0 1 
-3.54304 -5.06201 0.327105 0 0 0 0.140054 13 8951 1 0 1 
-20.8125 -3.87139 0.318985 0 0 0 0.141717 13 8952 1 0 1 
5.09572 -1.88184 0.324841 0 0 0 0.138188 13 8953 1 0 1 
-4.85838 42.5977 0.368372 0 0 0 0.132066 13 8954 1 0 1 
13.258 -6.75766 0.365498 0 0 0 0.131616 13 8955 1 0 1 
4.72034 -34.5593 0.289381 0 0 0 0.146515 13 8956 1 0 1 
13.776 -25.3011 0.304951 0 0 0 0.144367 13 8957 1 0 1 
29.5653 34.3201 0.323397 0 0 0 0.138407 13 8958 1 0 1 
-13.7557 -2.63687 0.262084 0 0 0 0.154333 13 8959 1 0 1 
-1.51814 30.913 0.332974 0 0 0 0.138498 13 8960 1 0 1 
-5.80444 -12.5349 0.279407 0 0 0 0.147415 13 8961 1 0 1 
-0.415546 6.49336 0.349692 0 0 0 0.13479 13 8962 1 0 1 
-20.3578 5.06763 0.353211 0 0 0 0.131041 13 8963 1 0 1 
-25.4181 20.1066 0.314212 0 0 0 0.140737 13 8964 1 0 1 
6.81563 7.10222 0.336696 0 0 0 0.136302 13 8965 1 0 1 
4.78442 -14.3308 0.30696 0 0 0 0.14296 13 8966 1 0 1 
2.04019 6.19025 0.268209 0 0 0 0.151203 13 8967 1 0 1 
-12.4229 0.611052 0.291367 0 0 0 0.147216 13 8968 1 0 1 
2.21467 22.8309 0.393924 0 0 0 0.127728 13 8969 1 0 1 
25.2376 -26.0391 0.303503 0 0 0 0.145099 13 8970 1 0 1 
-3.10869 27.342 0.348869 0 0 0 0.135031 13 8971 1 0 1 
-45.8309 -23.5348 0.30323 0 0 0 0.144327 13 8972 1 0 1 
12.577 11.5407 0.334113 0 0 0 0.135986 13 8973 1 0 1 
-6.08427 14.4085 0.318024 0 0 0 0.139037 13 8974 1 0 1 
-25.36 17.469 0.358938 0 0 0 0.132592 13 8975 1 0 1 
-5.29077 -6.9284 0.335252 0 0 0 0.138134 13 8976 1 0 1 
26.8781 3.63642 0.313514 0 0 0 0.141798 13 8977 1 0 1 
6.75276 -11.2188 0.33402 0 0 0 0.138745 13 8978 1 0 1 
-31.8947 -4.32043 0.371553 0 0 0 0.131503 13 8979 1 0 1 
9.97389 15.5382 0.331006 0 0 0 0.136603 13 8980 1 0 1 
-11.0359 6.47402 0.27064 0 0 0 0.151045 13 8981 1 0 1 
3.72664 16.8516 0.293255 0 0 0 0.146349 13 8982 1 0 1 
8.95161 17.0415 0.287507 0 0 0 0.147478 13 8983 1 0 1 
-26.7189 -2.71322 0.322487 0 0 0 0.140343 13 8984 1 0 1 
-6.161 -8.61911 0.288167 0 0 0 0.14588 13 8985 1 0 1 
2.4646 11.8918 0.34121 0 0 0 0.134142 13 8986 1 0 1 
-3.27 -2.63898 0.334308 0 0 0 0.139032 13 8987 1 0 1 
-3.31895 -8.079 0.34728 0 0 0 0.136882 13 8988 1 0 1 
6.37536 -7.01133 0.291122 0 0 0 0.146542 13 8989 1 0 1 
22.0874 -1.43045 0.284324 0 0 0 0.146538 13 8990 1 0 1 
13.2326 13.6091 0.342508 0 0 0 0.135363 13 8991 1 0 1 
9.37916 -10.86 0.311458 0 0 0 0.142233 13 8992 1 0 1 
13.3391 -0.501427 0.319478 0 0 0 0.140028 13 8993 1 0 1 
4.49495 8.82412 0.287221 0 0 0 0.147873 13 8994 1 0 1 
-31.3229 -14.7865 0.311663 0 0 0 0.142972 13 8995 1 0 1 
-28.4287 -7.99535 0.311603 0 0 0 0.142716 13 8996 1 0 1 
1.56503 -11.1594 0.333612 0 0 0 0.137005 13 8997 1 0 1 
-17.6284 28.269 0.367907 0 0 0 0.131495 13 8998 1 0 1 
-12.0165 -26.8706 0.374149 0 0 0 0.131379 13 8999 1 0 1 
22.3552 3.82587 0.360671 0 0 0 0.132601 13 9000 1 0 1 
6.44018 -2.34545 0.329806 0 0 0 0.137893 13 9001 1 0 1 
-15.0266 20.8844 0.299698 0 0 0 0.145683 13 9002 1 0 1 
17.6932 -6.75912 0.348562 0 0 0 0.13604 13 9003 1 0 1 
9.7883 6.72141 0.358565 0 0 0 0.132693 13 9004 1 0 1 
0.197284 3.88667 0.297656 0 0 0 0.145133 13 9005 1 0 1 
-18.858 -11.4455 0.336032 0 0 0 0.137699 13 9006 1 0 1 
33.2075 7.16082 0.306952 0 0 0 0.143549 13 9007 1 0 1 
-1.25056 -14.0816 0.356536 0 0 0 0.133859 13 9008 1 0 1 
11.9671 16.3782 0.333314 0 0 0 0.137203 13 9009 1 0 1 
19.8848 27.7576 0.279797 0 0 0 0.149002 13 9010 1 0 1 
18.4308 7.68434 0.345849 0 0 0 0.135009 13 9011 1 0 1 
1.55842 19.5051 0.344196 0 0 0 0.135329 13 9012 1 0 1 
24.6127 25.2972 0.379377 0 0 0 0.129697 13 9013 1 0 1 
-18.057 -23.5719 0.309356 0 0 0 0.142769 13 9014 1 0 1 
31.2374 -16.4938 0.32688 0 0 0 0.140184 13 9015 1 0 1 
1.69725 -12.8135 0.313094 0 0 0 0.140793 13 9016 1 0 1 
6.45039 11.3659 0.316054 0 0 0 0.141532 13 9017 1 0 1 
-0.184817 -16.0069 0.272838 0 0 0 0.150246 13 9018 1 0 1 
-3.74526 -1.11902 0.297783 0 0 0 0.145907 13 9019 1 0 1 
-5.42914 15.7541 0.342686 0 0 0 0.134701 13 9020 1 0 1 
-5.01772 -3.06634 0.30458 0 0 0 0.143785 13 9021 1 0 1 
-17.7722 -30.8252 0.298912 0 0 0 0.144262 13 9022 1 0 1 
6.39011 -22.1797 0.340639 0 0 0 0.135241 13 9023 1 0 1 
-21.0671 -9.95401 0.343748 0 0 0 0.137092 13 9024 1 0 1 
-39.9772 7.65165 0.322617 0 0 0 0.138989 13 9025 1 0 1 
-6.30744 -16.7793 0.356078 0 0 0 0.133481 13 9026 1 0 1 
-5.72135 4.98299 0.320272 0 0 0 0.141116 13 9027 1 0 1 
15.1691 24.4126 0.313069 0 0 0 0.14074 13 9028 1 0 1 
3.8467 2.3309 0.344149 0 0 0 0.135566 13 9029 1 0 1 
-14.9851 12.7239 0.281281 0 0 0 0.147815 13 9030 1 0 1 
-8.41618 3.47884 0.311733 0 0 0 0.140798 13 9031 1 0 1 
-10.5593 15.977 0.346228 0 0 0 0.13658 13 9032 1 0 1 
-12.1914 32.8729 0.326595 0 0 0 0.138931 13 9033 1 0 1 
22.1442 4.92432 0.322693 0 0 0 0.138848 13 9034 1 0 1 
-26.3641 12.5489 0.351744 0 0 0 0.134246 13 9035 1 0 1 
-15.6957 -19.6536 0.337879 0 0 0 0.136626 13 9036 1 0 1 
-7.2593 -6.73246 0.320334 0 0 0 0.139829 13 9037 1 0 1 
-2.77343 -25.7587 0.289901 0 0 0 0.146471 13 9038 1 0 1 
-10.2874 14.4107 0.308968 0 0 0 0.143142 13 9039 1 0 1 
38.5501 -5.93379 0.344574 0 0 0 0.135274 13 9040 1 0 1 
10.0054 0.72013 0.353767 0 0 0 0.132765 13 9041 1 0 1 
25.1059 -13.1099 0.307835 0 0 0 0.142285 13 9042 1 0 1 
0.237757 11.183 0.337042 0 0 0 0.13838 13 9043 1 0 1 
-1.74803 23.3099 0.268177 0 0 0 0.151678 13 9044 1 0 1 
1.72675 -12.049 0.325064 0 0 0 0.141424 13 9045 1 0 1 
-5.25734 1.37802 0.349172 0 0 0 0.136475 13 9046 1 0 1 
-12.1653 40.0371 0.316293 0 0 0 0.140588 13 9047 1 0 1 
-23.2439 22.0876 0.348009 0 0 0 0.135482 13 9048 1 0 1 
18.7717 -7.61494 0.363272 0 0 0 0.132909 13 9049 1 0 1 
3.59815 -9.26303 0.356304 0 0 0 0.133077 13 9050 1 0 1 
17.6252 20.3394 0.320603 0 0 0 0.140847 13 9051 1 0 1 
-13.5698 -7.21793 0.336689 0 0 0 0.136457 13 9052 1 0 1 
1.83645 -16.3784 0.301718 0 0 0 0.144234 13 9053 1 0 1 
15.6684 -3.37506 0.329332 0 0 0 0.138566 13 9054 1 0 1 
11.7329 9.98378 0.276047 0 0 0 0.150832 13 9055 1 0 1 
14.5702 4.01446 0.32258 0 0 0 0.137529 13 9056 1 0 1 
-15.965 -1.03345 0.277742 0 0 0 0.148666 13 9057 1 0 1 
-8.60262 10.9419 0.356843 0 0 0 0.134543 13 9058 1 0 1 
-9.16794 -12.4029 0.301885 0 0 0 0.14451 13 9059 1 0 1 
15.7803 3.49981 0.375507 0 0 0 0.13062 13 9060 1 0 1 
-4.05473 -19.1654 0.321557 0 0 0 0.140336 13 9061 1 0 1 
4.93142 1.23542 0.322384 0 0 0 0.139681 13 9062 1 0 1 
25.7081 8.01226 0.349973 0 0 0 0.134728 13 9063 1 0 1 
-3.08862 -5.37057 0.304134 0 0 0 0.14512 13 9064 1 0 1 
-4.16877 3.62747 0.313634 0 0 0 0.140526 13 9065 1 0 1 
-4.63339 21.4472 0.315807 0 0 0 0.142242 13 9066 1 0 1 
32.6295 2.042 0.32164 0 0 0 0.140719 13 9067 1 0 1 
18.467 -0.26227 0.339795 0 0 0 0.135064 13 9068 1 0 1 
4.48428 -6.72659 0.279012 0 0 0 0.14904 13 9069 1 0 1 
16.3507 22.7771 0.323424 0 0 0 0.137047 13 9070 1 0 1 
-19.8293 -7.12114 0.313359 0 0 0 0.1423 13 9071 1 0 1 
-0.503844 -3.47685 0.331533 0 0 0 0.137815 13 9072 1 0 1 
4.3989 26.3682 0.290562 0 0 0 0.145328 13 9073 1 0 1 
-10.5195 -11.2885 0.338369 0 0 0 0.137167 13 9074 1 0 1 
-5.57577 -17.4733 0.343852 0 0 0 0.13629 13 9075 1 0 1 
16.8334 -9.38636 0.28239 0 0 0 0.148711 13 9076 1 0 1 
-0.257977 -6.58235 0.321843 0 0 0 0.139964 13 9077 1 0 1 
10.8297 11.8708 0.345468 0 0 0 0.136569 13 9078 1 0 1 
2.46323 -4.89256 0.23494 0 0 0 0.145023 13 9079 1 0 1 
10.0076 -13.2026 0.32013 0 0 0 0.139337 13 9080 1 0 1 
-20.8883 2.43893 0.306632 0 0 0 0.144494 13 9081 1 0 1 
7.25595 -41.4272 0.364382 0 0 0 0.133039 13 9082 1 0 1 
-25.5023 6.5396 0.286836 0 0 0 0.146804 13 9083 1 0 1 
-17.759 4.32146 0.301381 0 0 0 0.144175 13 9084 1 0 1 
-9.58595 -6.62025 0.290428 0 0 0 0.14627 13 9085 1 0 1 
15.261 6.70463 0.352128 0 0 0 0.13548 13 9086 1 0 1 
12.6603 -22.6792 0.300891 0 0 0 0.14283 13 9087 1 0 1 
-0.716448 14.0739 0.345709 0 0 0 0.135215 13 9088 1 0 1 
6.30753 3.08072 0.318507 0 0 0 0.140189 13 9089 1 0 1 
3.84337 -31.3293 0.291043 0 0 0 0.145606 13 9090 1 0 1 
-8.18137 4.10925 0.333936 0 0 0 0.139733 13 9091 1 0 1 
-2.36938 -15.6988 0.327395 0 0 0 0.138331 13 9092 1 0 1 
27.2562 30.5654 0.327559 0 0 0 0.139366 13 9093 1 0 1 
0.663829 -2.93822 0.306746 0 0 0 0.14278 13 9094 1 0 1 
-1.96158 8.82931 0.321735 0 0 0 0.141678 13 9095 1 0 1 
24.1638 19.9767 0.33092 0 0 0 0.136347 13 9096 1 0 1 
16.7863 16.1993 0.261067 0 0 0 0.153857 13 9097 1 0 1 
17.925 -22.6657 0.304312 0 0 0 0.1437 13 9098 1 0 1 
7.00827 32.1036 0.322086 0 0 0 0.139753 13 9099 1 0 1 
6.88498 -18.2889 0.28445 0 0 0 0.1476 13 9100 1 0 1 
-7.43863 -11.8932 0.311349 0 0 0 0.142028 13 9101 1 0 1 
19.0202 -23.0797 0.328621 0 0 0 0.139125 13 9102 1 0 1 
8.87461 -2.39322 0.329371 0 0 0 0.140152 13 9103 1 0 1 
-7.31988 -25.7053 0.34902 0 0 0 0.135436 13 9104 1 0 1 
2.80453 -11.3714 0.301214 0 0 0 0.143815 13 9105 1 0 1 
-27.4388 3.57602 0.339043 0 0 0 0.135658 13 9106 1 0 1 
7.65967 -7.26706 0.321358 0 0 0 0.141436 13 9107 1 0 1 
14.3174 21.4314 0.329383 0 0 0 0.137756 13 9108 1 0 1 
-11.8402 8.53907 0.325104 0 0 0 0.139211 13 9109 1 0 1 
-28.3569 -3.78745 0.321134 0 0 0 0.140657 13 9110 1 0 1 
-48.3007 2.27458 0.280596 0 0 0 0.145432 13 9111 1 0 1 
6.62158 -17.9688 0.329825 0 0 0 0.139604 13 9112 1 0 1 
23.4695 -2.48118 0.34308 0 0 0 0.13323 13 9113 1 0 1 
4.46925 0.500771 0.342422 0 0 0 0.13698 13 9114 1 0 1 
20.0102 16.9224 0.331712 0 0 0 0.136356 13 9115 1 0 1 
-4.03767 -10.932 0.343115 0 0 0 0.136543 13 9116 1 0 1 
-11.7177 -1.57874 0.347537 0 0 0 0.136191 13 9117 1 0 1 
2.26068 -11.9106 0.28731 0 0 0 0.147354 13 9118 1 0 1 
-14.1357 -20.4692 0.339257 0 0 0 0.137602 13 9119 1 0 1 
14.5425 -10.9423 0.319041 0 0 0 0.139024 13 9120 1 0 1 
-38.8779 -1.29534 0.347293 0 0 0 0.131998 13 9121 1 0 1 
-12.9024 3.77728 0.360144 0 0 0 0.134469 13 9122 1 0 1 
35.5823 -12.8951 0.337793 0 0 0 0.13607 13 9123 1 0 1 
-15.4715 -15.0442 0.313513 0 0 0 0.141901 13 9124 1 0 1 
4.79968 18.5321 0.294456 0 0 0 0.147469 13 9125 1 0 1 
-0.301505 16.6021 0.327025 0 0 0 0.136101 13 9126 1 0 1 
16.4303 6.56533 0.377526 0 0 0 0.131118 13 9127 1 0 1 
-2.05337 3.59639 0.355511 0 0 0 0.133679 13 9128 1 0 1 
5.11256 -20.5452 0.359204 0 0 0 0.133921 13 9129 1 0 1 
1.33239 -2.62747 0.337289 0 0 0 0.1351 13 9130 1 0 1 
-6.70168 -19.8247 0.320464 0 0 0 0.142136 13 9131 1 0 1 
-6.32001 17.8291 0.339556 0 0 0 0.135468 13 9132 1 0 1 
-33.2026 -3.05183 0.291996 0 0 0 0.145049 13 9133 1 0 1 
8.57823 24.4661 0.350903 0 0 0 0.135651 13 9134 1 0 1 
17.3995 4.16538 0.294311 0 0 0 0.145613 13 9135 1 0 1 
-10.5088 16.95 0.289217 0 0 0 0.1452 13 9136 1 0 1 
-25.8712 -8.87689 0.295 0 0 0 0.144625 13 9137 1 0 1 
21.597 -11.7327 0.328515 0 0 0 0.138479 13 9138 1 0 1 
9.95654 12.2736 0.289071 0 0 0 0.14587 13 9139 1 0 1 
-3.3034 12.9061 0.355237 0 0 0 0.133492 13 9140 1 0 1 
-5.90772 16.1238 0.361421 0 0 0 0.132169 13 9141 1 0 1 
3.61874 2.408 0.307751 0 0 0 0.142876 13 9142 1 0 1 
12.7895 1.5693 0.371535 0 0 0 0.132403 13 9143 1 0 1 
10.7348 -8.98636 0.323419 0 0 0 0.14033 13 9144 1 0 1 
-21.7843 -10.2901 0.280848 0 0 0 0.149158 13 9145 1 0 1 
-4.5133 -7.97933 0.31189 0 0 0 0.142134 13 9146 1 0 1 
-3.94829 -11.4482 0.319766 0 0 0 0.141002 13 9147 1 0 1 
11.0687 -5.13323 0.314197 0 0 0 0.140238 13 9148 1 0 1 
12.2664 15.993 0.289258 0 0 0 0.146408 13 9149 1 0 1 
8.63206 -28.1543 0.28646 0 0 0 0.146797 13 9150 1 0 1 
-7.30147 3.9462 0.301929 0 0 0 0.143089 13 9151 1 0 1 
-21.3465 -6.18873 0.328325 0 0 0 0.139055 13 9152 1 0 1 
0.916751 2.15494 0.321872 0 0 0 0.140179 13 9153 1 0 1 
6.97914 3.14351 0.264418 0 0 0 0.15203 13 9154 1 0 1 
4.9325 0.461549 0.320322 0 0 0 0.139797 13 9155 1 0 1 
2.76857 20.7718 0.346821 0 0 0 0.135104 13 9156 1 0 1 
6.36005 5.54846 0.358322 0 0 0 0.132119 13 9157 1 0 1 
19.256 -19.9256 0.352567 0 0 0 0.135646 13 9158 1 0 1 
14.2871 -7.10091 0.30717 0 0 0 0.143825 13 9159 1 0 1 
-26.3739 7.24464 0.343868 0 0 0 0.136731 13 9160 1 0 1 
-9.22073 -30.1003 0.326691 0 0 0 0.139301 13 9161 1 0 1 
-3.59623 1.34173 0.348679 0 0 0 0.133339 13 9162 1 0 1 
14.7158 22.5574 0.305665 0 0 0 0.142272 13 9163 1 0 1 
2.39956 4.49305 0.322729 0 0 0 0.140691 13 9164 1 0 1 
20.0018 7.46669 0.353991 0 0 0 0.134245 13 9165 1 0 1 
-8.38496 3.47939 0.324552 0 0 0 0.139899 13 9166 1 0 1 
7.02335 -8.98129 0.335811 0 0 0 0.134001 13 9167 1 0 1 
-16.5202 18.6474 0.335451 0 0 0 0.136501 13 9168 1 0 1 
8.85768 14.872 0.30247 0 0 0 0.142988 13 9169 1 0 1 
12.2197 -14.6475 0.3241 0 0 0 0.13728 13 9170 1 0 1 
-19.0476 18.3192 0.310765 0 0 0 0.143114 13 9171 1 0 1 
20.4275 23.6847 0.346765 0 0 0 0.135044 13 9172 1 0 1 
16.068 -23.667 0.3046 0 0 0 0.143582 13 9173 1 0 1 
-11.3522 9.12469 0.341379 0 0 0 0.135795 13 9174 1 0 1 
-7.58004 -2.03793 0.338525 0 0 0 0.137256 13 9175 1 0 1 
-24.22 -18.6856 0.276495 0 0 0 0.151338 13 9176 1 0 1 
-3.87207 -14.0125 0.304755 0 0 0 0.143873 13 9177 1 0 1 
-6.05509 0.533268 0.311092 0 0 0 0.142463 13 9178 1 0 1 
10.9907 -23.4707 0.31286 0 0 0 0.142248 13 9179 1 0 1 
21.5038 -0.413564 0.355741 0 0 0 0.135886 13 9180 1 0 1 
11.5806 -21.8681 0.334369 0 0 0 0.136551 13 9181 1 0 1 
-6.07971 16.6036 0.34425 0 0 0 0.136849 13 9182 1 0 1 
-26.5208 -0.287225 0.316496 0 0 0 0.140494 13 9183 1 0 1 
1.57808 -18.337 0.307459 0 0 0 0.142481 13 9184 1 0 1 
-4.27484 1.02726 0.302115 0 0 0 0.144361 13 9185 1 0 1 
-10.6043 -9.73099 0.323289 0 0 0 0.141109 13 9186 1 0 1 
9.21197 -18.4053 0.325221 0 0 0 0.140007 13 9187 1 0 1 
25.7271 -19.7097 0.302227 0 0 0 0.143375 13 9188 1 0 1 
-21.8139 21.0489 0.292898 0 0 0 0.14402 13 9189 1 0 1 
21.6523 16.3964 0.343649 0 0 0 0.136274 13 9190 1 0 1 
-37.084 -4.23172 0.308787 0 0 0 0.142779 13 9191 1 0 1 
19.5976 5.71515 0.308032 0 0 0 0.142808 13 9192 1 0 1 
1.01608 -8.55687 0.324464 0 0 0 0.13961 13 9193 1 0 1 
-5.83335 25.2629 0.29299 0 0 0 0.146523 13 9194 1 0 1 
0.726657 -25.9324 0.314555 0 0 0 0.14271 13 9195 1 0 1 
12.1792 -9.2092 0.30253 0 0 0 0.144278 13 9196 1 0 1 
-12.3327 -0.000791465 0.340221 0 0 0 0.137108 13 9197 1 0 1 
25.143 -19.7725 0.306331 0 0 0 0.14336 13 9198 1 0 1 
-1.08172 -19.4189 0.307438 0 0 0 0.14374 13 9199 1 0 1 
6.67465 -12.7186 0.281346 0 0 0 0.147946 13 9200 1 0 1 
1.97697 39.2605 0.355185 0 0 0 0.132591 13 9201 1 0 1 
-3.61376 28.6365 0.347136 0 0 0 0.136498 13 9202 1 0 1 
-5.31945 6.251 0.307338 0 0 0 0.142582 13 9203 1 0 1 
-7.4968 8.15674 0.311753 0 0 0 0.142476 13 9204 1 0 1 
-9.96676 18.6427 0.29661 0 0 0 0.145192 13 9205 1 0 1 
-20.5292 -7.00045 0.29785 0 0 0 0.144329 13 9206 1 0 1 
-7.28101 10.0957 0.378418 0 0 0 0.130324 13 9207 1 0 1 
6.58307 -16.8624 0.279753 0 0 0 0.148385 13 9208 1 0 1 
9.57289 -4.24052 0.309482 0 0 0 0.142608 13 9209 1 0 1 
-18.7193 -10.3003 0.285721 0 0 0 0.147777 13 9210 1 0 1 
10.0298 -15.2094 0.366207 0 0 0 0.130859 13 9211 1 0 1 
-29.5625 10.7499 0.344975 0 0 0 0.136617 13 9212 1 0 1 
-30.4977 11.0478 0.293579 0 0 0 0.14405 13 9213 1 0 1 
-5.6585 -4.83676 0.340209 0 0 0 0.136147 13 9214 1 0 1 
23.8011 13.5005 0.331997 0 0 0 0.137583 13 9215 1 0 1 
-0.788545 -13.9279 0.360119 0 0 0 0.132767 13 9216 1 0 1 
21.5598 8.76389 0.323037 0 0 0 0.138731 13 9217 1 0 1 
16.0894 -23.3677 0.285928 0 0 0 0.146366 13 9218 1 0 1 
-16.4242 -38.1472 0.338041 0 0 0 0.137436 13 9219 1 0 1 
21.2089 -6.64594 0.319632 0 0 0 0.141395 13 9220 1 0 1 
-10.9909 -0.467876 0.333455 0 0 0 0.136455 13 9221 1 0 1 
10.1135 -21.726 0.356224 0 0 0 0.134829 13 9222 1 0 1 
1.96443 10.4607 0.288512 0 0 0 0.147767 13 9223 1 0 1 
0.00961711 46.8224 0.323222 0 0 0 0.14088 13 9224 1 0 1 
-5.14015 -9.54104 0.348647 0 0 0 0.13349 13 9225 1 0 1 
14.0676 -2.28126 0.355448 0 0 0 0.133437 13 9226 1 0 1 
-20.0234 2.55207 0.298486 0 0 0 0.144684 13 9227 1 0 1 
-7.14025 -7.65568 0.33734 0 0 0 0.136436 13 9228 1 0 1 
-5.17036 -8.72634 0.340564 0 0 0 0.134044 13 9229 1 0 1 
-7.49703 12.2763 0.355303 0 0 0 0.133416 13 9230 1 0 1 
-3.05292 21.1284 0.341744 0 0 0 0.135927 13 9231 1 0 1 
0.960146 13.861 0.326577 0 0 0 0.13861 13 9232 1 0 1 
26.5704 -7.18246 0.312513 0 0 0 0.141241 13 9233 1 0 1 
13.5295 -7.07395 0.368836 0 0 0 0.130669 13 9234 1 0 1 
-1.56743 19.8901 0.338228 0 0 0 0.136223 13 9235 1 0 1 
3.71366 4.30349 0.328005 0 0 0 0.140231 13 9236 1 0 1 
15.8862 1.83976 0.308629 0 0 0 0.142466 13 9237 1 0 1 
-4.24483 14.4096 0.356855 0 0 0 0.133627 13 9238 1 0 1 
-3.90528 5.97941 0.31812 0 0 0 0.141127 13 9239 1 0 1 
20.8295 -0.0573237 0.317 0 0 0 0.141359 13 9240 1 0 1 
14.1454 -21.8477 0.317652 0 0 0 0.140114 13 9241 1 0 1 
18.7842 -28.5077 0.354483 0 0 0 0.133503 13 9242 1 0 1 
-5.07397 -12.0861 0.303071 0 0 0 0.143413 13 9243 1 0 1 
0.224734 -29.7898 0.343012 0 0 0 0.135288 13 9244 1 0 1 
16.5669 -1.14559 0.343351 0 0 0 0.137557 13 9245 1 0 1 
1.45784 -5.14835 0.373943 0 0 0 0.13055 13 9246 1 0 1 
3.42549 5.99674 0.324077 0 0 0 0.137713 13 9247 1 0 1 
28.9924 -0.83435 0.305619 0 0 0 0.141487 13 9248 1 0 1 
-0.196476 -2.58797 0.330495 0 0 0 0.137919 13 9249 1 0 1 
12.8072 11.5283 0.301212 0 0 0 0.144641 13 9250 1 0 1 
30.3702 17.7386 0.33767 0 0 0 0.135994 13 9251 1 0 1 
19.3593 3.18804 0.38653 0 0 0 0.13029 13 9252 1 0 1 
12.0982 -13.1497 0.29532 0 0 0 0.145216 13 9253 1 0 1 
-9.29884 -33.0579 0.370075 0 0 0 0.13212 13 9254 1 0 1 
9.21671 10.7362 0.332887 0 0 0 0.136295 13 9255 1 0 1 
0.324894 -24.1852 0.321844 0 0 0 0.140721 13 9256 1 0 1 
11.2309 -5.41066 0.370819 0 0 0 0.131471 13 9257 1 0 1 
-21.1149 17.622 0.302238 0 0 0 0.14453 13 9258 1 0 1 
-33.9924 -16.5198 0.331894 0 0 0 0.139659 13 9259 1 0 1 
-23.4401 3.07614 0.329155 0 0 0 0.138814 13 9260 1 0 1 
-3.02959 15.6373 0.276973 0 0 0 0.151409 13 9261 1 0 1 
3.3411 7.60645 0.340185 0 0 0 0.134618 13 9262 1 0 1 
-7.26278 -8.86655 0.32352 0 0 0 0.14038 13 9263 1 0 1 
-7.59108 6.08311 0.375509 0 0 0 0.131391 13 9264 1 0 1 
7.19895 -13.2639 0.303609 0 0 0 0.143208 13 9265 1 0 1 
6.25385 25.3792 0.352431 0 0 0 0.137381 13 9266 1 0 1 
19.1008 -5.18319 0.35267 0 0 0 0.13439 13 9267 1 0 1 
-11.1555 5.99647 0.337435 0 0 0 0.135707 13 9268 1 0 1 
1.63379 12.4038 0.337316 0 0 0 0.135184 13 9269 1 0 1 
21.8746 -20.6847 0.345232 0 0 0 0.135817 13 9270 1 0 1 
-2.08777 9.492 0.343646 0 0 0 0.135326 13 9271 1 0 1 
-10.5629 13.8664 0.307486 0 0 0 0.143472 13 9272 1 0 1 
-14.1028 -21.2247 0.270345 0 0 0 0.15149 13 9273 1 0 1 
-8.29105 -6.65643 0.30325 0 0 0 0.144945 13 9274 1 0 1 
-14.1453 3.01407 0.298861 0 0 0 0.143441 13 9275 1 0 1 
3.60203 -13.3249 0.319688 0 0 0 0.141322 13 9276 1 0 1 
-29.6403 -37.4251 0.349538 0 0 0 0.131906 13 9277 1 0 1 
-21.5719 -21.2558 0.342239 0 0 0 0.136788 13 9278 1 0 1 
13.0278 -5.58298 0.326891 0 0 0 0.137314 13 9279 1 0 1 
-13.919 -0.183839 0.321785 0 0 0 0.140042 13 9280 1 0 1 
22.0474 5.74447 0.309631 0 0 0 0.143246 13 9281 1 0 1 
0.350831 -19.4051 0.328404 0 0 0 0.13916 13 9282 1 0 1 
-17.5016 0.630829 0.342326 0 0 0 0.135212 13 9283 1 0 1 
2.4693 11.8273 0.351117 0 0 0 0.134405 13 9284 1 0 1 
17.6281 -31.8716 0.324753 0 0 0 0.13946 13 9285 1 0 1 
10.7585 -18.9723 0.302496 0 0 0 0.143192 13 9286 1 0 1 
-4.46451 -23.134 0.33314 0 0 0 0.137463 13 9287 1 0 1 
8.22158 -19.9799 0.290915 0 0 0 0.14675 13 9288 1 0 1 
-14.1183 0.816438 0.347676 0 0 0 0.134235 13 9289 1 0 1 
7.9726 -17.5749 0.33884 0 0 0 0.136421 13 9290 1 0 1 
-17.4575 -2.29366 0.330634 0 0 0 0.137642 13 9291 1 0 1 
9.58354 -24.2541 0.333782 0 0 0 0.138048 13 9292 1 0 1 
26.1138 6.70768 0.325698 0 0 0 0.139678 13 9293 1 0 1 
-0.27738 6.63783 0.320339 0 0 0 0.140984 13 9294 1 0 1 
-7.58867 6.20812 0.356784 0 0 0 0.134512 13 9295 1 0 1 
-23.2237 7.21503 0.321698 0 0 0 0.13952 13 9296 1 0 1 
-5.6465 7.58883 0.333306 0 0 0 0.138991 13 9297 1 0 1 
-15.4802 14.4602 0.31819 0 0 0 0.141895 13 9298 1 0 1 
-19.6221 -10.306 0.291718 0 0 0 0.145688 13 9299 1 0 1 
29.9434 1.31197 0.343016 0 0 0 0.135496 13 9300 1 0 1 
-9.68579 -18.0011 0.317368 0 0 0 0.140694 13 9301 1 0 1 
-17.6978 9.19147 0.393139 0 0 0 0.129299 13 9302 1 0 1 
-5.4368 35.5196 0.300161 0 0 0 0.144624 13 9303 1 0 1 
-4.10437 -10.2311 0.312525 0 0 0 0.141747 13 9304 1 0 1 
14.8846 -18.4686 0.318927 0 0 0 0.140807 13 9305 1 0 1 
5.94789 -2.76437 0.320204 0 0 0 0.140373 13 9306 1 0 1 
10.0037 13.0992 0.324382 0 0 0 0.139735 13 9307 1 0 1 
-26.9014 16.4501 0.336564 0 0 0 0.135757 13 9308 1 0 1 
-9.12296 11.2256 0.336887 0 0 0 0.136853 13 9309 1 0 1 
-12.3071 26.3395 0.31951 0 0 0 0.141395 13 9310 1 0 1 
-3.3788 8.89023 0.345045 0 0 0 0.134278 13 9311 1 0 1 
-8.68479 -6.50783 0.334859 0 0 0 0.139953 13 9312 1 0 1 
14.2825 -6.82319 0.300515 0 0 0 0.145711 13 9313 1 0 1 
3.82643 10.9501 0.321106 0 0 0 0.140573 13 9314 1 0 1 
0.307914 -18.3963 0.282562 0 0 0 0.148854 13 9315 1 0 1 
11.2496 -27.2649 0.281074 0 0 0 0.149191 13 9316 1 0 1 
1.74762 -8.36992 0.315012 0 0 0 0.142483 13 9317 1 0 1 
-13.5074 30.0672 0.337279 0 0 0 0.136651 13 9318 1 0 1 
9.41814 6.49457 0.36532 0 0 0 0.133423 13 9319 1 0 1 
4.3363 0.675997 0.320243 0 0 0 0.139765 13 9320 1 0 1 
7.95201 -3.83505 0.317198 0 0 0 0.141387 13 9321 1 0 1 
-19.96 26.8013 0.321738 0 0 0 0.139752 13 9322 1 0 1 
-16.8674 -22.9999 0.303234 0 0 0 0.143752 13 9323 1 0 1 
15.121 -4.76686 0.314883 0 0 0 0.142192 13 9324 1 0 1 
4.70474 -8.68754 0.305721 0 0 0 0.143841 13 9325 1 0 1 
3.56894 -13.3279 0.327641 0 0 0 0.139445 13 9326 1 0 1 
-11.3321 -23.0937 0.334915 0 0 0 0.136162 13 9327 1 0 1 
-10.4352 6.50491 0.303127 0 0 0 0.144622 13 9328 1 0 1 
-19.4846 -0.153592 0.319396 0 0 0 0.14093 13 9329 1 0 1 
17.6477 21.289 0.302265 0 0 0 0.143543 13 9330 1 0 1 
-8.78177 -13.2368 0.361338 0 0 0 0.132103 13 9331 1 0 1 
11.2596 -14.41 0.295111 0 0 0 0.143996 13 9332 1 0 1 
5.73468 15.611 0.341187 0 0 0 0.135645 13 9333 1 0 1 
17.7138 -20.7264 0.315136 0 0 0 0.142432 13 9334 1 0 1 
23.445 7.0181 0.325062 0 0 0 0.140783 13 9335 1 0 1 
-13.9227 1.75411 0.334841 0 0 0 0.136394 13 9336 1 0 1 
-5.17139 28.9182 0.335025 0 0 0 0.137249 13 9337 1 0 1 
-46.2493 -18.2152 0.31339 0 0 0 0.141158 13 9338 1 0 1 
-18.2683 -20.7788 0.304929 0 0 0 0.142773 13 9339 1 0 1 
-18.5618 6.10968 0.326045 0 0 0 0.138965 13 9340 1 0 1 
-22.0241 29.4231 0.339018 0 0 0 0.136829 13 9341 1 0 1 
-15.2568 -20.2604 0.31853 0 0 0 0.13989 13 9342 1 0 1 
13.7398 -8.18679 0.324891 0 0 0 0.139852 13 9343 1 0 1 
-6.99124 -1.71586 0.335278 0 0 0 0.137028 13 9344 1 0 1 
13.9227 -14.8194 0.34626 0 0 0 0.135338 13 9345 1 0 1 
11.4793 9.74916 0.329193 0 0 0 0.139342 13 9346 1 0 1 
-20.9213 -5.52246 0.30702 0 0 0 0.14228 13 9347 1 0 1 
-21.8784 7.58864 0.348263 0 0 0 0.13493 13 9348 1 0 1 
8.92152 -7.09774 0.310018 0 0 0 0.143581 13 9349 1 0 1 
-8.00804 -15.2251 0.312638 0 0 0 0.141391 13 9350 1 0 1 
-12.343 22.788 0.313486 0 0 0 0.141546 13 9351 1 0 1 
-3.77633 24.6899 0.3517 0 0 0 0.13041 13 9352 1 0 1 
5.83926 7.33612 0.335437 0 0 0 0.138595 13 9353 1 0 1 
28.309 6.46348 0.337386 0 0 0 0.137202 13 9354 1 0 1 
5.07746 -0.439652 0.325345 0 0 0 0.140284 13 9355 1 0 1 
-16.7888 27.4477 0.33411 0 0 0 0.138886 13 9356 1 0 1 
-6.39579 -6.32474 0.325317 0 0 0 0.139264 13 9357 1 0 1 
20.6842 5.47655 0.313569 0 0 0 0.140945 13 9358 1 0 1 
-18.5929 10.9252 0.295581 0 0 0 0.145963 13 9359 1 0 1 
-31.9304 6.43482 0.290356 0 0 0 0.145393 13 9360 1 0 1 
-6.06369 10.3255 0.316016 0 0 0 0.142103 13 9361 1 0 1 
27.9154 22.8447 0.331314 0 0 0 0.13865 13 9362 1 0 1 
0.816383 9.26767 0.302009 0 0 0 0.143614 13 9363 1 0 1 
22.9177 2.97185 0.378472 0 0 0 0.131008 13 9364 1 0 1 
9.22166 6.83598 0.300743 0 0 0 0.144872 13 9365 1 0 1 
-11.1877 19.8192 0.298192 0 0 0 0.145323 13 9366 1 0 1 
10.3248 14.712 0.363255 0 0 0 0.132786 13 9367 1 0 1 
2.78126 -12.5388 0.355257 0 0 0 0.134065 13 9368 1 0 1 
1.38347 1.08118 0.316879 0 0 0 0.14147 13 9369 1 0 1 
2.14703 -18.1572 0.327431 0 0 0 0.139655 13 9370 1 0 1 
29.4555 -2.93201 0.280055 0 0 0 0.147984 13 9371 1 0 1 
10.2071 -25.0626 0.296643 0 0 0 0.144873 13 9372 1 0 1 
5.77911 25.3851 0.329031 0 0 0 0.138775 13 9373 1 0 1 
-10.542 25.506 0.375314 0 0 0 0.132391 13 9374 1 0 1 
4.86493 14.2043 0.394108 0 0 0 0.128735 13 9375 1 0 1 
18.8635 31.869 0.335482 0 0 0 0.137358 13 9376 1 0 1 
-14.2204 4.97541 0.318295 0 0 0 0.14136 13 9377 1 0 1 
-11.6661 29.3838 0.353388 0 0 0 0.135017 13 9378 1 0 1 
13.5332 -23.4663 0.350897 0 0 0 0.132942 13 9379 1 0 1 
1.60415 -17.1473 0.350752 0 0 0 0.135002 13 9380 1 0 1 
-2.38011 -22.1936 0.380262 0 0 0 0.131687 13 9381 1 0 1 
-25.6213 -8.00528 0.341484 0 0 0 0.13755 13 9382 1 0 1 
-15.8015 -42.0262 0.319017 0 0 0 0.141155 13 9383 1 0 1 
13.6807 -1.97537 0.327462 0 0 0 0.138745 13 9384 1 0 1 
11.144 1.49492 0.351449 0 0 0 0.13268 13 9385 1 0 1 
-5.21836 0.699291 0.297881 0 0 0 0.143867 13 9386 1 0 1 
4.52668 18.0681 0.322125 0 0 0 0.14106 13 9387 1 0 1 
-15.6626 8.86117 0.34105 0 0 0 0.137421 13 9388 1 0 1 
-20.5943 2.17544 0.341797 0 0 0 0.133869 13 9389 1 0 1 
-29.6037 -17.9813 0.358077 0 0 0 0.134828 13 9390 1 0 1 
6.35468 3.83394 0.326936 0 0 0 0.139086 13 9391 1 0 1 
-21.2334 -9.05433 0.286584 0 0 0 0.14638 13 9392 1 0 1 
-2.72322 2.51821 0.353602 0 0 0 0.134548 13 9393 1 0 1 
24.2602 -0.755669 0.30241 0 0 0 0.144871 13 9394 1 0 1 
9.76884 2.34597 0.357919 0 0 0 0.13395 13 9395 1 0 1 
30.8857 -15.1757 0.315768 0 0 0 0.140343 13 9396 1 0 1 
-14.1016 32.0956 0.290236 0 0 0 0.146244 13 9397 1 0 1 
-19.6448 -8.52772 0.288504 0 0 0 0.146501 13 9398 1 0 1 
-7.97622 8.80921 0.331514 0 0 0 0.137079 13 9399 1 0 1 
6.15526 -2.60096 0.321442 0 0 0 0.139296 13 9400 1 0 1 
3.91914 28.3172 0.316371 0 0 0 0.14138 13 9401 1 0 1 
-9.82877 -2.74853 0.328626 0 0 0 0.139031 13 9402 1 0 1 
-15.5341 -15.4691 0.323605 0 0 0 0.13981 13 9403 1 0 1 
0.630639 15.8313 0.347632 0 0 0 0.135237 13 9404 1 0 1 
-16.6646 37.0358 0.309927 0 0 0 0.141543 13 9405 1 0 1 
6.24911 5.75557 0.320609 0 0 0 0.139584 13 9406 1 0 1 
3.762 -22.347 0.331622 0 0 0 0.138399 13 9407 1 0 1 
1.33019 -1.42648 0.292209 0 0 0 0.14624 13 9408 1 0 1 
-31.7956 -8.01388 0.300958 0 0 0 0.143823 13 9409 1 0 1 
9.71706 -12.6613 0.26427 0 0 0 0.153175 13 9410 1 0 1 
7.87505 -2.02629 0.302632 0 0 0 0.142989 13 9411 1 0 1 
-18.3535 20.777 0.322235 0 0 0 0.140666 13 9412 1 0 1 
10.8305 -9.15249 0.35501 0 0 0 0.133227 13 9413 1 0 1 
7.91932 15.3685 0.335597 0 0 0 0.13641 13 9414 1 0 1 
-12.4078 16.3688 0.367699 0 0 0 0.130814 13 9415 1 0 1 
-27.9997 4.49932 0.325088 0 0 0 0.136482 13 9416 1 0 1 
0.440162 -43.1737 0.328726 0 0 0 0.138476 13 9417 1 0 1 
4.77896 -7.84266 0.35537 0 0 0 0.133625 13 9418 1 0 1 
-7.53284 18.2127 0.337929 0 0 0 0.136605 13 9419 1 0 1 
-24.2916 -9.95827 0.303981 0 0 0 0.144258 13 9420 1 0 1 
-9.3336 7.4355 0.333178 0 0 0 0.138236 13 9421 1 0 1 
10.546 -31.7332 0.323017 0 0 0 0.139967 13 9422 1 0 1 
-1.52713 19.0979 0.275852 0 0 0 0.150778 13 9423 1 0 1 
4.46414 6.73335 0.315512 0 0 0 0.141254 13 9424 1 0 1 
1.5556 -12.5695 0.276872 0 0 0 0.150853 13 9425 1 0 1 
-2.43966 -12.2518 0.33373 0 0 0 0.13901 13 9426 1 0 1 
19.3037 5.71756 0.325113 0 0 0 0.137448 13 9427 1 0 1 
-16.1666 -12.0704 0.293729 0 0 0 0.14503 13 9428 1 0 1 
20.5631 13.7803 0.32287 0 0 0 0.139216 13 9429 1 0 1 
-6.67659 7.33095 0.347687 0 0 0 0.136281 13 9430 1 0 1 
-14.6431 -4.51435 0.328108 0 0 0 0.137737 13 9431 1 0 1 
14.0926 31.0147 0.339666 0 0 0 0.135438 13 9432 1 0 1 
-2.30193 -3.44566 0.308906 0 0 0 0.143383 13 9433 1 0 1 
-0.552394 -7.57578 0.312114 0 0 0 0.142174 13 9434 1 0 1 
4.33552 13.4592 0.292762 0 0 0 0.145978 13 9435 1 0 1 
-1.25229 -4.42642 0.330964 0 0 0 0.138153 13 9436 1 0 1 
4.35319 -7.13168 0.326563 0 0 0 0.138581 13 9437 1 0 1 
5.19613 13.9525 0.375933 0 0 0 0.130643 13 9438 1 0 1 
-21.5194 -6.38951 0.325238 0 0 0 0.140904 13 9439 1 0 1 
-11.5513 -16.403 0.313422 0 0 0 0.142058 13 9440 1 0 1 
-5.52742 -1.20418 0.319376 0 0 0 0.140295 13 9441 1 0 1 
2.24552 3.69083 0.350764 0 0 0 0.134582 13 9442 1 0 1 
-8.55257 36.5078 0.292097 0 0 0 0.145007 13 9443 1 0 1 
-6.14177 11.6063 0.339511 0 0 0 0.136843 13 9444 1 0 1 
20.3687 0.621434 0.27901 0 0 0 0.149483 13 9445 1 0 1 
-3.40299 -12.3742 0.321617 0 0 0 0.139139 13 9446 1 0 1 
-4.50124 -32.4007 0.332109 0 0 0 0.138106 13 9447 1 0 1 
-9.00055 0.726901 0.345682 0 0 0 0.133645 13 9448 1 0 1 
15.2067 0.586955 0.317239 0 0 0 0.141982 13 9449 1 0 1 
-25.2031 -25.652 0.350965 0 0 0 0.135484 13 9450 1 0 1 
-11.8039 52.8497 0.328131 0 0 0 0.137972 13 9451 1 0 1 
-7.33415 -0.67405 0.313025 0 0 0 0.141451 13 9452 1 0 1 
-14.0923 23.8676 0.343384 0 0 0 0.136624 13 9453 1 0 1 
-18.9133 -18.0276 0.294292 0 0 0 0.145847 13 9454 1 0 1 
-5.58944 -7.36834 0.351821 0 0 0 0.13307 13 9455 1 0 1 
-7.34649 -16.8469 0.300271 0 0 0 0.144206 13 9456 1 0 1 
-7.8478 13.3238 0.358268 0 0 0 0.132485 13 9457 1 0 1 
-5.19438 -11.9716 0.319892 0 0 0 0.140284 13 9458 1 0 1 
-6.9042 8.2056 0.321464 0 0 0 0.14165 13 9459 1 0 1 
-13.0617 -2.61783 0.313888 0 0 0 0.140759 13 9460 1 0 1 
-10.4858 22.9713 0.352814 0 0 0 0.134038 13 9461 1 0 1 
-7.02037 -8.80114 0.341512 0 0 0 0.137544 13 9462 1 0 1 
-9.11425 2.40166 0.334304 0 0 0 0.137016 13 9463 1 0 1 
2.46404 13.4237 0.24087 0 0 0 0.161021 13 9464 1 0 1 
-17.8427 -9.93094 0.35623 0 0 0 0.135668 13 9465 1 0 1 
-4.39621 21.2387 0.324527 0 0 0 0.140194 13 9466 1 0 1 
14.993 -10.0388 0.323478 0 0 0 0.139392 13 9467 1 0 1 
-3.5188 -13.4007 0.261173 0 0 0 0.142221 13 9468 1 0 1 
5.36873 6.35278 0.358457 0 0 0 0.133332 13 9469 1 0 1 
-9.72858 -2.81965 0.334895 0 0 0 0.137084 13 9470 1 0 1 
-16.4799 10.7059 0.319532 0 0 0 0.141691 13 9471 1 0 1 
11.6371 -18.0811 0.333219 0 0 0 0.136438 13 9472 1 0 1 
14.9982 21.8792 0.359752 0 0 0 0.132625 13 9473 1 0 1 
-5.06615 -16.5931 0.316643 0 0 0 0.142737 13 9474 1 0 1 
-10.6009 19.9265 0.332352 0 0 0 0.139108 13 9475 1 0 1 
27.2993 -9.72086 0.357552 0 0 0 0.133673 13 9476 1 0 1 
21.3066 15.8173 0.325384 0 0 0 0.138881 13 9477 1 0 1 
5.91101 1.95324 0.284493 0 0 0 0.144514 13 9478 1 0 1 
-18.2562 2.61593 0.331848 0 0 0 0.138629 13 9479 1 0 1 
-15.3 -10.3293 0.326858 0 0 0 0.133568 13 9480 1 0 1 
17.9556 10.3642 0.377017 0 0 0 0.131053 13 9481 1 0 1 
2.05845 0.921536 0.329625 0 0 0 0.139302 13 9482 1 0 1 
18.4219 8.91575 0.317233 0 0 0 0.142464 13 9483 1 0 1 
10.4257 -6.72635 0.350296 0 0 0 0.135423 13 9484 1 0 1 
19.3194 10.9072 0.326475 0 0 0 0.139625 13 9485 1 0 1 
14.8473 -5.77411 0.301433 0 0 0 0.144774 13 9486 1 0 1 
-14.9041 -3.58005 0.316171 0 0 0 0.141522 13 9487 1 0 1 
6.8222 1.79491 0.3537 0 0 0 0.134455 13 9488 1 0 1 
18.2357 7.50532 0.33308 0 0 0 0.138253 13 9489 1 0 1 
9.30223 -15.1455 0.328059 0 0 0 0.138397 13 9490 1 0 1 
-27.333 0.0769641 0.315212 0 0 0 0.142257 13 9491 1 0 1 
22.7043 26.5388 0.342136 0 0 0 0.135474 13 9492 1 0 1 
-1.92092 -2.72705 0.333423 0 0 0 0.136728 13 9493 1 0 1 
13.6839 -0.38979 0.336718 0 0 0 0.13521 13 9494 1 0 1 
-8.3839 -5.08238 0.284752 0 0 0 0.146762 13 9495 1 0 1 
-14.6366 -13.5026 0.373756 0 0 0 0.131692 13 9496 1 0 1 
13.5405 -13.2888 0.311558 0 0 0 0.143983 13 9497 1 0 1 
4.10583 0.062418 0.318825 0 0 0 0.140655 13 9498 1 0 1 
-16.5979 -6.13779 0.325713 0 0 0 0.138931 13 9499 1 0 1 
-7.37223 -8.64488 0.377424 0 0 0 0.131614 13 9500 1 0 1 
-1.87643 -8.14674 0.312158 0 0 0 0.141347 13 9501 1 0 1 
-13.5626 7.44139 0.322999 0 0 0 0.140447 13 9502 1 0 1 
8.8644 17.2343 0.334098 0 0 0 0.135864 13 9503 1 0 1 
14.5948 2.79492 0.327066 0 0 0 0.138804 13 9504 1 0 1 
7.03211 20.4756 0.346089 0 0 0 0.134486 13 9505 1 0 1 
12.2109 -1.91753 0.312453 0 0 0 0.140372 13 9506 1 0 1 
21.2046 18.7839 0.32995 0 0 0 0.137376 13 9507 1 0 1 
4.78685 -1.70183 0.366174 0 0 0 0.131388 13 9508 1 0 1 
-12.3071 -11.2892 0.297967 0 0 0 0.144038 13 9509 1 0 1 
-8.35529 4.02311 0.340063 0 0 0 0.137665 13 9510 1 0 1 
7.29638 45.5072 0.344544 0 0 0 0.135834 13 9511 1 0 1 
6.86698 3.32298 0.297798 0 0 0 0.144632 13 9512 1 0 1 
-7.34118 2.05585 0.333476 0 0 0 0.137702 13 9513 1 0 1 
-13.7177 -1.72047 0.330718 0 0 0 0.139908 13 9514 1 0 1 
-6.15329 0.892495 0.358071 0 0 0 0.135386 13 9515 1 0 1 
-2.16847 -0.220353 0.301382 0 0 0 0.144939 13 9516 1 0 1 
8.73164 17.8977 0.266863 0 0 0 0.153606 13 9517 1 0 1 
47.3493 -3.61405 0.306439 0 0 0 0.144269 13 9518 1 0 1 
27.7907 21.3994 0.330555 0 0 0 0.138349 13 9519 1 0 1 
-20.2816 14.0145 0.360263 0 0 0 0.133269 13 9520 1 0 1 
0.0393934 6.12474 0.454621 0 0 0 0.124974 13 9521 1 0 1 
-7.4376 -8.81042 0.327669 0 0 0 0.138514 13 9522 1 0 1 
5.92812 -40.3212 0.29922 0 0 0 0.146322 13 9523 1 0 1 
-2.55516 6.57341 0.338903 0 0 0 0.137138 13 9524 1 0 1 
-11.2975 1.28281 0.317777 0 0 0 0.139133 13 9525 1 0 1 
8.03811 33.2139 0.320012 0 0 0 0.138591 13 9526 1 0 1 
-6.44714 -20.2511 0.344441 0 0 0 0.133149 13 9527 1 0 1 
9.70742 2.48841 0.341425 0 0 0 0.138076 13 9528 1 0 1 
0.748193 5.40615 0.393943 0 0 0 0.129697 13 9529 1 0 1 
11.2519 12.885 0.354261 0 0 0 0.133349 13 9530 1 0 1 
16.29 6.70306 0.330884 0 0 0 0.137162 13 9531 1 0 1 
5.52938 21.2519 0.294957 0 0 0 0.145977 13 9532 1 0 1 
-10.5932 21.8862 0.320975 0 0 0 0.14209 13 9533 1 0 1 
26.3103 -18.3613 0.30925 0 0 0 0.142699 13 9534 1 0 1 
6.67318 2.71256 0.329933 0 0 0 0.137597 13 9535 1 0 1 
15.7589 -4.99087 0.328224 0 0 0 0.138005 13 9536 1 0 1 
-7.1356 -2.20745 0.291641 0 0 0 0.14741 13 9537 1 0 1 
-1.3386 5.65926 0.303592 0 0 0 0.144145 13 9538 1 0 1 
16.457 -20.5288 0.332404 0 0 0 0.137224 13 9539 1 0 1 
16.166 -10.2335 0.282605 0 0 0 0.147686 13 9540 1 0 1 
-3.28461 -14.1833 0.333043 0 0 0 0.139152 13 9541 1 0 1 
29.4157 6.90192 0.347388 0 0 0 0.135173 13 9542 1 0 1 
-7.66245 22.5592 0.305996 0 0 0 0.144375 13 9543 1 0 1 
-23.959 34.3165 0.311209 0 0 0 0.140785 13 9544 1 0 1 
20.9418 -6.4814 0.303394 0 0 0 0.143396 13 9545 1 0 1 
-28.1809 -2.33976 0.321343 0 0 0 0.140964 13 9546 1 0 1 
-9.33986 28.5985 0.342266 0 0 0 0.135127 13 9547 1 0 1 
-13.1755 0.841839 0.353882 0 0 0 0.133389 13 9548 1 0 1 
-4.92022 -28.6103 0.364266 0 0 0 0.131905 13 9549 1 0 1 
30.0728 -13.5491 0.290824 0 0 0 0.145844 13 9550 1 0 1 
-23.6487 -2.6763 0.316391 0 0 0 0.140825 13 9551 1 0 1 
-15.1275 18.6058 0.348461 0 0 0 0.134752 13 9552 1 0 1 
-20.8555 -7.82968 0.30378 0 0 0 0.142723 13 9553 1 0 1 
16.5483 -9.91268 0.30497 0 0 0 0.143742 13 9554 1 0 1 
-19.9494 19.843 0.299999 0 0 0 0.145092 13 9555 1 0 1 
-19.9843 -0.946319 0.389544 0 0 0 0.12806 13 9556 1 0 1 
-33.8918 5.45354 0.260133 0 0 0 0.152303 13 9557 1 0 1 
30.9823 -24.0997 0.345316 0 0 0 0.137308 13 9558 1 0 1 
10.4898 16.6258 0.340464 0 0 0 0.13418 13 9559 1 0 1 
-9.1808 -10.2549 0.348347 0 0 0 0.135097 13 9560 1 0 1 
-5.09433 4.48311 0.339663 0 0 0 0.137583 13 9561 1 0 1 
2.26644 -9.43814 0.345465 0 0 0 0.136206 13 9562 1 0 1 
9.46199 -14.2468 0.306612 0 0 0 0.143631 13 9563 1 0 1 
10.7993 -35.1525 0.358476 0 0 0 0.132905 13 9564 1 0 1 
-7.68834 8.93333 0.314833 0 0 0 0.140094 13 9565 1 0 1 
-12.3537 13.4888 0.31409 0 0 0 0.141413 13 9566 1 0 1 
-13.1812 -13.2402 0.340581 0 0 0 0.134686 13 9567 1 0 1 
7.07198 -32.4959 0.289097 0 0 0 0.14849 13 9568 1 0 1 
8.22364 -19.7642 0.346519 0 0 0 0.134292 13 9569 1 0 1 
5.05359 13.1334 0.320888 0 0 0 0.139872 13 9570 1 0 1 
-11.4277 -15.3202 0.330209 0 0 0 0.13829 13 9571 1 0 1 
8.70954 -30.5445 0.328662 0 0 0 0.139325 13 9572 1 0 1 
4.45844 -43.5713 0.360049 0 0 0 0.13347 13 9573 1 0 1 
-15.5334 3.55962 0.308654 0 0 0 0.143885 13 9574 1 0 1 
-6.95555 22.9075 0.279372 0 0 0 0.148295 13 9575 1 0 1 
-2.07437 -10.2956 0.278816 0 0 0 0.149657 13 9576 1 0 1 
-11.5097 -6.2693 0.30762 0 0 0 0.142729 13 9577 1 0 1 
-23.8656 4.06128 0.28737 0 0 0 0.146955 13 9578 1 0 1 
16.9417 18.9947 0.305183 0 0 0 0.142463 13 9579 1 0 1 
-3.89021 3.22584 0.3152 0 0 0 0.141093 13 9580 1 0 1 
-18.3015 -11.2666 0.30367 0 0 0 0.143419 13 9581 1 0 1 
-10.6735 2.07985 0.347925 0 0 0 0.136303 13 9582 1 0 1 
37.3647 8.54538 0.341223 0 0 0 0.136177 13 9583 1 0 1 
20.2234 -4.54834 0.31585 0 0 0 0.142937 13 9584 1 0 1 
0.656436 49.7599 0.300564 0 0 0 0.144065 13 9585 1 0 1 
-26.4302 -15.3175 0.333763 0 0 0 0.137399 13 9586 1 0 1 
-11.2704 17.5496 0.269442 0 0 0 0.150493 13 9587 1 0 1 
-4.83123 10.9242 0.284187 0 0 0 0.14789 13 9588 1 0 1 
-16.2706 2.92965 0.345264 0 0 0 0.13599 13 9589 1 0 1 
4.03397 -8.24694 0.327983 0 0 0 0.13613 13 9590 1 0 1 
27.6386 -7.84071 0.378434 0 0 0 0.131206 13 9591 1 0 1 
-10.455 -4.50442 0.288174 0 0 0 0.147472 13 9592 1 0 1 
-16.4982 -0.298884 0.361316 0 0 0 0.131976 13 9593 1 0 1 
10.0469 -3.92164 0.342719 0 0 0 0.135941 13 9594 1 0 1 
17.0672 4.82915 0.340106 0 0 0 0.137528 13 9595 1 0 1 
7.98203 16.4376 0.363703 0 0 0 0.133094 13 9596 1 0 1 
-7.10479 -11.7647 0.304551 0 0 0 0.14244 13 9597 1 0 1 
-3.19132 10.0903 0.376084 0 0 0 0.13245 13 9598 1 0 1 
-3.24579 3.25793 0.284944 0 0 0 0.146461 13 9599 1 0 1 
-7.22853 11.7351 0.308352 0 0 0 0.142651 13 9600 1 0 1 
-21.5604 2.92103 0.288011 0 0 0 0.148111 13 9601 1 0 1 
-10.5087 -19.8323 0.340066 0 0 0 0.136909 13 9602 1 0 1 
-22.3744 12.5413 0.270499 0 0 0 0.152067 13 9603 1 0 1 
-13.8687 -11.0241 0.360097 0 0 0 0.134164 13 9604 1 0 1 
-21.2539 -9.98479 0.308916 0 0 0 0.143782 13 9605 1 0 1 
7.96277 15.9245 0.34531 0 0 0 0.13425 13 9606 1 0 1 
-12.9096 24.509 0.312901 0 0 0 0.141683 13 9607 1 0 1 
14.0947 13.4915 0.324311 0 0 0 0.140815 13 9608 1 0 1 
27.7693 7.154 0.347234 0 0 0 0.136571 13 9609 1 0 1 
9.06411 4.8504 0.328154 0 0 0 0.139665 13 9610 1 0 1 
14.8272 -4.59561 0.327838 0 0 0 0.139239 13 9611 1 0 1 
-10.4133 -10.6363 0.307169 0 0 0 0.143494 13 9612 1 0 1 
-3.39926 -25.0674 0.345644 0 0 0 0.135188 13 9613 1 0 1 
-11.827 13.5551 0.319316 0 0 0 0.140851 13 9614 1 0 1 
-27.858 -3.07602 0.298798 0 0 0 0.143815 13 9615 1 0 1 
-20.4668 0.454959 0.348988 0 0 0 0.135833 13 9616 1 0 1 
-1.87293 -20.9864 0.312574 0 0 0 0.142122 13 9617 1 0 1 
-3.0956 -17.6121 0.338794 0 0 0 0.137069 13 9618 1 0 1 
-0.457965 -0.305873 0.342981 0 0 0 0.136393 13 9619 1 0 1 
-2.273 25.9772 0.347959 0 0 0 0.133448 13 9620 1 0 1 
-3.31743 3.71363 0.305758 0 0 0 0.143077 13 9621 1 0 1 
6.63962 14.441 0.3318 0 0 0 0.137794 13 9622 1 0 1 
1.13303 7.65472 0.280185 0 0 0 0.148363 13 9623 1 0 1 
15.3671 5.86128 0.334055 0 0 0 0.137978 13 9624 1 0 1 
5.40993 -20.0434 0.325723 0 0 0 0.139641 13 9625 1 0 1 
-4.90659 10.0091 0.363967 0 0 0 0.132896 13 9626 1 0 1 
5.61267 -11.8 0.307779 0 0 0 0.140301 13 9627 1 0 1 
-4.81939 -11.6127 0.306881 0 0 0 0.143178 13 9628 1 0 1 
9.80927 -20.4848 0.29845 0 0 0 0.14549 13 9629 1 0 1 
-8.09153 -23.2073 0.290422 0 0 0 0.147649 13 9630 1 0 1 
-5.83612 -6.85889 0.284972 0 0 0 0.147882 13 9631 1 0 1 
-19.7043 -15.2299 0.278681 0 0 0 0.148858 13 9632 1 0 1 
-5.76436 1.13276 0.319445 0 0 0 0.136495 13 9633 1 0 1 
-11.3277 -3.98044 0.332478 0 0 0 0.139382 13 9634 1 0 1 
37.7711 -31.7112 0.284729 0 0 0 0.142149 13 9635 1 0 1 
20.331 -10.4611 0.322177 0 0 0 0.139799 13 9636 1 0 1 
5.4767 7.67755 0.329351 0 0 0 0.140105 13 9637 1 0 1 
-5.05873 10.9125 0.309735 0 0 0 0.142801 13 9638 1 0 1 
-8.41157 -12.9887 0.345481 0 0 0 0.135448 13 9639 1 0 1 
-2.33008 1.41966 0.327913 0 0 0 0.138679 13 9640 1 0 1 
10.1398 -11.3912 0.348219 0 0 0 0.135494 13 9641 1 0 1 
1.621 8.56738 0.34882 0 0 0 0.134011 13 9642 1 0 1 
-4.74019 0.614154 0.291245 0 0 0 0.147638 13 9643 1 0 1 
-6.37612 6.46547 0.355763 0 0 0 0.133547 13 9644 1 0 1 
1.6493 -5.0266 0.299226 0 0 0 0.142949 13 9645 1 0 1 
25.8806 30.8526 0.367646 0 0 0 0.132147 13 9646 1 0 1 
36.3957 -3.58465 0.288537 0 0 0 0.146518 13 9647 1 0 1 
12.2132 -17.4207 0.328093 0 0 0 0.138494 13 9648 1 0 1 
2.6094 13.1399 0.284715 0 0 0 0.147698 13 9649 1 0 1 
-4.49127 -6.0903 0.340135 0 0 0 0.136496 13 9650 1 0 1 
3.87178 30.9512 0.302582 0 0 0 0.144615 13 9651 1 0 1 
-6.99524 13.9371 0.29374 0 0 0 0.146613 13 9652 1 0 1 
-15.7163 -0.0891819 0.326778 0 0 0 0.13955 13 9653 1 0 1 
11.8248 8.42043 0.304231 0 0 0 0.144594 13 9654 1 0 1 
-19.2328 -15.0898 0.307264 0 0 0 0.143878 13 9655 1 0 1 
-0.0505924 -4.75945 0.339687 0 0 0 0.137539 13 9656 1 0 1 
4.04884 6.21163 0.342367 0 0 0 0.136376 13 9657 1 0 1 
15.7381 0.131511 0.277279 0 0 0 0.150598 13 9658 1 0 1 
-0.982269 -2.71149 0.35249 0 0 0 0.134411 13 9659 1 0 1 
9.15819 -11.6812 0.361061 0 0 0 0.13107 13 9660 1 0 1 
-7.17578 -16.0296 0.345856 0 0 0 0.133937 13 9661 1 0 1 
24.394 7.88562 0.317061 0 0 0 0.139768 13 9662 1 0 1 
17.1074 0.076365 0.296442 0 0 0 0.145007 13 9663 1 0 1 
-0.593595 14.3754 0.320406 0 0 0 0.14111 13 9664 1 0 1 
-22.671 -12.8924 0.300978 0 0 0 0.145055 13 9665 1 0 1 
24.3053 3.12567 0.331209 0 0 0 0.139128 13 9666 1 0 1 
-2.80254 1.13907 0.309066 0 0 0 0.143165 13 9667 1 0 1 
-18.4122 17.3609 0.313029 0 0 0 0.140942 13 9668 1 0 1 
-34.4065 2.51075 0.312603 0 0 0 0.142502 13 9669 1 0 1 
-32.9593 22.2605 0.298165 0 0 0 0.14554 13 9670 1 0 1 
-0.239428 -4.73879 0.293636 0 0 0 0.147095 13 9671 1 0 1 
16.7335 35.6987 0.351324 0 0 0 0.135434 13 9672 1 0 1 
-10.5485 -6.05269 0.363564 0 0 0 0.132067 13 9673 1 0 1 
3.77393 -22.3883 0.314175 0 0 0 0.141441 13 9674 1 0 1 
13.0262 -8.34765 0.336744 0 0 0 0.136948 13 9675 1 0 1 
37.9717 -28.848 0.317128 0 0 0 0.140669 13 9676 1 0 1 
-2.88735 11.6621 0.316208 0 0 0 0.140942 13 9677 1 0 1 
13.7952 -18.2841 0.320929 0 0 0 0.139727 13 9678 1 0 1 
-3.26028 14.1168 0.317713 0 0 0 0.140226 13 9679 1 0 1 
-19.4989 -3.03597 0.28458 0 0 0 0.147278 13 9680 1 0 1 
-17.3523 -42.2729 0.325495 0 0 0 0.138077 13 9681 1 0 1 
21.7011 -3.44975 0.331295 0 0 0 0.139725 13 9682 1 0 1 
2.65118 -7.66677 0.38479 0 0 0 0.12872 13 9683 1 0 1 
9.81136 -11.4682 0.399925 0 0 0 0.128674 13 9684 1 0 1 
-7.113 -7.632 0.398668 0 0 0 0.128278 13 9685 1 0 1 
11.4618 0.828952 0.352327 0 0 0 0.132698 13 9686 1 0 1 
-9.1049 -7.62814 0.318786 0 0 0 0.140823 13 9687 1 0 1 
-5.39339 -18.4181 0.33957 0 0 0 0.135557 13 9688 1 0 1 
-10.1545 -14.6924 0.291414 0 0 0 0.145862 13 9689 1 0 1 
17.2403 -11.7057 0.288892 0 0 0 0.145721 13 9690 1 0 1 
1.01184 2.9089 0.263503 0 0 0 0.153214 13 9691 1 0 1 
9.53436 14.3735 0.30745 0 0 0 0.143588 13 9692 1 0 1 
0.975975 10.3033 0.316593 0 0 0 0.141556 13 9693 1 0 1 
-38.2842 2.02902 0.337291 0 0 0 0.136454 13 9694 1 0 1 
0.275368 1.59777 0.309635 0 0 0 0.142253 13 9695 1 0 1 
-3.24806 -2.38091 0.325877 0 0 0 0.137787 13 9696 1 0 1 
4.73022 -26.1268 0.284125 0 0 0 0.148545 13 9697 1 0 1 
-17.6257 10.4572 0.273473 0 0 0 0.149215 13 9698 1 0 1 
15.8339 10.3259 0.325876 0 0 0 0.139379 13 9699 1 0 1 
13.7576 16.5838 0.318969 0 0 0 0.137178 13 9700 1 0 1 
-6.78709 5.45757 0.356217 0 0 0 0.134744 13 9701 1 0 1 
10.1089 -3.87357 0.314729 0 0 0 0.139775 13 9702 1 0 1 
27.689 -23.3659 0.323344 0 0 0 0.139447 13 9703 1 0 1 
-5.74362 12.4542 0.335158 0 0 0 0.138573 13 9704 1 0 1 
-12.8415 18.0316 0.359542 0 0 0 0.133496 13 9705 1 0 1 
1.48142 12.4476 0.335017 0 0 0 0.138221 13 9706 1 0 1 
-0.134717 0.928088 0.328819 0 0 0 0.138373 13 9707 1 0 1 
-11.5802 -15.2707 0.287748 0 0 0 0.147194 13 9708 1 0 1 
-20.1589 1.33801 0.330445 0 0 0 0.13737 13 9709 1 0 1 
-8.7739 -2.68519 0.391644 0 0 0 0.128096 13 9710 1 0 1 
-12.0429 30.4826 0.323547 0 0 0 0.139768 13 9711 1 0 1 
-7.48544 -12.1729 0.307065 0 0 0 0.142176 13 9712 1 0 1 
-14.6601 5.67362 0.336739 0 0 0 0.136374 13 9713 1 0 1 
4.11966 15.9975 0.333234 0 0 0 0.137828 13 9714 1 0 1 
1.72044 -20.7413 0.34481 0 0 0 0.134142 13 9715 1 0 1 
16.1381 -8.41603 0.345364 0 0 0 0.134595 13 9716 1 0 1 
-0.0318016 4.22503 0.363663 0 0 0 0.131934 13 9717 1 0 1 
2.37262 3.09441 0.326773 0 0 0 0.137195 13 9718 1 0 1 
15.2271 24.3983 0.330221 0 0 0 0.139588 13 9719 1 0 1 
3.94227 -11.7393 0.323412 0 0 0 0.140916 13 9720 1 0 1 
-31.6895 0.963923 0.324601 0 0 0 0.14028 13 9721 1 0 1 
27.6361 7.71384 0.31473 0 0 0 0.142283 13 9722 1 0 1 
13.637 13.4813 0.318087 0 0 0 0.140049 13 9723 1 0 1 
-14.3695 0.0774543 0.300861 0 0 0 0.144621 13 9724 1 0 1 
-15.2422 -7.24774 0.353704 0 0 0 0.134514 13 9725 1 0 1 
26.3484 -20.2476 0.329658 0 0 0 0.139237 13 9726 1 0 1 
24.2682 14.6827 0.383035 0 0 0 0.130358 13 9727 1 0 1 
-17.7442 0.556009 0.349323 0 0 0 0.134734 13 9728 1 0 1 
-23.1941 8.08793 0.338018 0 0 0 0.136259 13 9729 1 0 1 
-2.80405 -19.7233 0.211163 0 0 0 0.152934 13 9730 1 0 1 
-0.247325 5.82692 0.263936 0 0 0 0.15328 13 9731 1 0 1 
29.4528 17.1928 0.290076 0 0 0 0.146311 13 9732 1 0 1 
-13.1674 -21.4254 0.333748 0 0 0 0.137811 13 9733 1 0 1 
7.01442 10.9767 0.29268 0 0 0 0.145302 13 9734 1 0 1 
13.8657 -6.26569 0.274813 0 0 0 0.137004 13 9735 1 0 1 
-8.49573 -3.77607 0.315986 0 0 0 0.140625 13 9736 1 0 1 
24.1035 13.9041 0.306263 0 0 0 0.142591 13 9737 1 0 1 
2.45491 -18.8807 0.355759 0 0 0 0.134876 13 9738 1 0 1 
-17.1435 12.7828 0.277738 0 0 0 0.149117 13 9739 1 0 1 
4.2066 9.99547 0.311738 0 0 0 0.142666 13 9740 1 0 1 
-8.36967 3.4852 0.354807 0 0 0 0.133957 13 9741 1 0 1 
-10.6315 9.92863 0.301608 0 0 0 0.145254 13 9742 1 0 1 
-23.5044 -8.83595 0.304675 0 0 0 0.139245 13 9743 1 0 1 
-5.68419 11.3352 0.356562 0 0 0 0.132192 13 9744 1 0 1 
20.8224 19.8859 0.317016 0 0 0 0.139576 13 9745 1 0 1 
-26.2284 6.3444 0.3348 0 0 0 0.137814 13 9746 1 0 1 
6.0604 -21.8173 0.345926 0 0 0 0.133853 13 9747 1 0 1 
-16.8206 -6.04927 0.313065 0 0 0 0.141053 13 9748 1 0 1 
-2.96827 7.1817 0.352317 0 0 0 0.133979 13 9749 1 0 1 
13.8719 -1.81512 0.326016 0 0 0 0.140639 13 9750 1 0 1 
4.47938 -3.85436 0.334016 0 0 0 0.138287 13 9751 1 0 1 
-3.72461 -1.64189 0.310566 0 0 0 0.141297 13 9752 1 0 1 
-3.59478 2.91531 0.347696 0 0 0 0.134888 13 9753 1 0 1 
0.455182 -11.6846 0.290546 0 0 0 0.145239 13 9754 1 0 1 
-20.2793 5.26729 0.333442 0 0 0 0.138404 13 9755 1 0 1 
18.9905 -17.0778 0.338787 0 0 0 0.13705 13 9756 1 0 1 
-2.94477 -12.1885 0.342479 0 0 0 0.13727 13 9757 1 0 1 
-16.8057 -13.0936 0.346024 0 0 0 0.134844 13 9758 1 0 1 
1.93085 28.4088 0.365432 0 0 0 0.131892 13 9759 1 0 1 
-22.4763 -15.5568 0.369791 0 0 0 0.130435 13 9760 1 0 1 
-2.74579 -22.8611 0.333944 0 0 0 0.136656 13 9761 1 0 1 
6.99125 -8.1279 0.296787 0 0 0 0.145073 13 9762 1 0 1 
-6.94034 31.1076 0.314975 0 0 0 0.139809 13 9763 1 0 1 
8.46996 8.13539 0.329009 0 0 0 0.137467 13 9764 1 0 1 
-22.7973 17.9769 0.299877 0 0 0 0.142406 13 9765 1 0 1 
-0.585489 -7.24715 0.346247 0 0 0 0.137506 13 9766 1 0 1 
-5.91096 -18.0284 0.330945 0 0 0 0.138353 13 9767 1 0 1 
-7.45267 0.316865 0.350049 0 0 0 0.132565 13 9768 1 0 1 
-13.6294 -6.57695 0.304803 0 0 0 0.143777 13 9769 1 0 1 
0.621184 19.5204 0.362362 0 0 0 0.131441 13 9770 1 0 1 
-1.17966 -23.925 0.294515 0 0 0 0.14634 13 9771 1 0 1 
-13.4904 11.4383 0.246736 0 0 0 0.157625 13 9772 1 0 1 
-11.3018 12.9844 0.267839 0 0 0 0.151574 13 9773 1 0 1 
-7.22661 -2.10964 0.305904 0 0 0 0.141268 13 9774 1 0 1 
23.4164 -10.6695 0.313057 0 0 0 0.140876 13 9775 1 0 1 
-5.52025 -25.376 0.31963 0 0 0 0.140598 13 9776 1 0 1 
-11.6018 2.63651 0.324103 0 0 0 0.139991 13 9777 1 0 1 
-29.4301 11.4624 0.371996 0 0 0 0.13098 13 9778 1 0 1 
-8.20592 7.42237 0.30418 0 0 0 0.143396 13 9779 1 0 1 
-12.7467 2.32716 0.326544 0 0 0 0.13884 13 9780 1 0 1 
5.42962 24.9489 0.323062 0 0 0 0.139694 13 9781 1 0 1 
36.1258 26.9568 0.357536 0 0 0 0.133066 13 9782 1 0 1 
-7.83514 4.23682 0.336867 0 0 0 0.137896 13 9783 1 0 1 
-0.83773 14.6295 0.316766 0 0 0 0.14306 13 9784 1 0 1 
17.5276 13.3374 0.329809 0 0 0 0.138569 13 9785 1 0 1 
18.5645 12.3633 0.32155 0 0 0 0.140568 13 9786 1 0 1 
4.23394 -4.44693 0.353635 0 0 0 0.13457 13 9787 1 0 1 
-3.21555 5.68345 0.227115 0 0 0 0.169981 13 9788 1 0 1 
4.23414 -2.22373 0.333206 0 0 0 0.139222 13 9789 1 0 1 
17.4356 4.28496 0.321647 0 0 0 0.139856 13 9790 1 0 1 
5.27437 -11.5673 0.356167 0 0 0 0.133845 13 9791 1 0 1 
-4.62196 23.3636 0.301499 0 0 0 0.144476 13 9792 1 0 1 
2.88973 7.9012 0.285714 0 0 0 0.148023 13 9793 1 0 1 
19.1647 0.597614 0.275301 0 0 0 0.149714 13 9794 1 0 1 
3.43472 -0.422642 0.310233 0 0 0 0.140383 13 9795 1 0 1 
16.6971 13.8045 0.312186 0 0 0 0.142206 13 9796 1 0 1 
-15.8997 -6.07801 0.350449 0 0 0 0.135103 13 9797 1 0 1 
-7.04141 4.92662 0.318244 0 0 0 0.142155 13 9798 1 0 1 
2.72926 -28.272 0.294683 0 0 0 0.142966 13 9799 1 0 1 
-2.47939 7.58977 0.337416 0 0 0 0.133927 13 9800 1 0 1 
-6.17506 -2.59262 0.30911 0 0 0 0.142061 13 9801 1 0 1 
-10.0199 9.21789 0.276715 0 0 0 0.149415 13 9802 1 0 1 
0.439519 4.70068 0.363235 0 0 0 0.13216 13 9803 1 0 1 
-20.2342 -7.07731 0.318301 0 0 0 0.141508 13 9804 1 0 1 
6.13347 8.69656 0.319869 0 0 0 0.140211 13 9805 1 0 1 
-10.3841 8.09885 0.314883 0 0 0 0.140615 13 9806 1 0 1 
-19.7095 3.79656 0.33944 0 0 0 0.136011 13 9807 1 0 1 
40.4086 10.2727 0.294775 0 0 0 0.145718 13 9808 1 0 1 
-1.40271 -25.3079 0.344385 0 0 0 0.13725 13 9809 1 0 1 
9.40478 -14.9581 0.273727 0 0 0 0.15131 13 9810 1 0 1 
5.12787 21.5115 0.346072 0 0 0 0.136057 13 9811 1 0 1 
9.68961 13.3124 0.328995 0 0 0 0.137368 13 9812 1 0 1 
16.2189 2.97423 0.314617 0 0 0 0.142381 13 9813 1 0 1 
10.5504 -16.2202 0.338177 0 0 0 0.13656 13 9814 1 0 1 
4.91863 -2.78063 0.297915 0 0 0 0.140172 13 9815 1 0 1 
18.4265 20.279 0.316912 0 0 0 0.142393 13 9816 1 0 1 
12.3127 1.58971 0.340965 0 0 0 0.137357 13 9817 1 0 1 
0.797532 10.0042 0.341221 0 0 0 0.135298 13 9818 1 0 1 
5.31359 8.48514 0.347966 0 0 0 0.134565 13 9819 1 0 1 
1.93563 -27.5974 0.346428 0 0 0 0.134944 13 9820 1 0 1 
1.24622 11.7639 0.324187 0 0 0 0.140867 13 9821 1 0 1 
-6.44554 22.1441 0.356463 0 0 0 0.134398 13 9822 1 0 1 
6.74556 3.9971 0.374191 0 0 0 0.132265 13 9823 1 0 1 
-31.261 -1.23608 0.345568 0 0 0 0.135391 13 9824 1 0 1 
-11.7569 10.6945 0.289776 0 0 0 0.145409 13 9825 1 0 1 
9.70922 2.34032 0.315831 0 0 0 0.141803 13 9826 1 0 1 
-7.13897 -4.51956 0.35663 0 0 0 0.133642 13 9827 1 0 1 
12.2196 6.82299 0.414219 0 0 0 0.12728 13 9828 1 0 1 
5.64567 -16.0366 0.283165 0 0 0 0.143901 13 9829 1 0 1 
2.30869 -4.02405 0.316988 0 0 0 0.142558 13 9830 1 0 1 
-4.71069 -4.22714 0.327103 0 0 0 0.138022 13 9831 1 0 1 
14.5564 -10.0172 0.311235 0 0 0 0.141181 13 9832 1 0 1 
13.1248 -7.06683 0.387294 0 0 0 0.129252 13 9833 1 0 1 
-14.9115 25.0455 0.322398 0 0 0 0.140611 13 9834 1 0 1 
-20.7217 -16.209 0.330824 0 0 0 0.137628 13 9835 1 0 1 
-34.9808 23.1841 0.313478 0 0 0 0.142053 13 9836 1 0 1 
9.1875 -4.46426 0.315127 0 0 0 0.142712 13 9837 1 0 1 
-2.81378 14.6606 0.325107 0 0 0 0.139027 13 9838 1 0 1 
38.615 19.8041 0.327325 0 0 0 0.137725 13 9839 1 0 1 
-3.30679 -23.1507 0.307792 0 0 0 0.143935 13 9840 1 0 1 
1.06238 -6.98488 0.291788 0 0 0 0.146678 13 9841 1 0 1 
-0.977902 -13.0827 0.29099 0 0 0 0.145966 13 9842 1 0 1 
2.97537 -39.5922 0.30158 0 0 0 0.143656 13 9843 1 0 1 
4.98479 -18.8217 0.346393 0 0 0 0.134995 13 9844 1 0 1 
2.59527 8.26714 0.274101 0 0 0 0.148573 13 9845 1 0 1 
17.6474 20.3636 0.31283 0 0 0 0.142885 13 9846 1 0 1 
17.8826 -6.80344 0.36771 0 0 0 0.13202 13 9847 1 0 1 
2.36084 19.1471 0.32299 0 0 0 0.140769 13 9848 1 0 1 
-15.9186 -5.1707 0.311606 0 0 0 0.143153 13 9849 1 0 1 
-29.6149 -10.5261 0.302973 0 0 0 0.144585 13 9850 1 0 1 
24.1096 11.7804 0.351307 0 0 0 0.133308 13 9851 1 0 1 
13.0377 -18.1509 0.305037 0 0 0 0.1447 13 9852 1 0 1 
-6.97936 -17.8715 0.334322 0 0 0 0.137297 13 9853 1 0 1 
-29.4114 1.32159 0.333221 0 0 0 0.136602 13 9854 1 0 1 
4.28203 1.79 0.301968 0 0 0 0.144161 13 9855 1 0 1 
-5.76549 9.24188 0.34619 0 0 0 0.134867 13 9856 1 0 1 
5.12301 19.817 0.341073 0 0 0 0.13473 13 9857 1 0 1 
-27.0861 -27.7917 0.310327 0 0 0 0.142936 13 9858 1 0 1 
-14.8783 0.393621 0.366528 0 0 0 0.131996 13 9859 1 0 1 
8.54727 -16.2967 0.30666 0 0 0 0.142891 13 9860 1 0 1 
4.65653 20.7225 0.341676 0 0 0 0.136299 13 9861 1 0 1 
22.9711 14.5516 0.309289 0 0 0 0.141807 13 9862 1 0 1 
-13.0319 -2.68582 0.287884 0 0 0 0.146803 13 9863 1 0 1 
-9.89515 -9.01623 0.301594 0 0 0 0.144286 13 9864 1 0 1 
-0.0294111 -23.4392 0.304613 0 0 0 0.144476 13 9865 1 0 1 
20.9803 9.70449 0.305642 0 0 0 0.14389 13 9866 1 0 1 
25.737 -3.91221 0.33556 0 0 0 0.138271 13 9867 1 0 1 
4.37304 -10.5238 0.31504 0 0 0 0.141088 13 9868 1 0 1 
15.8643 23.81 0.321939 0 0 0 0.138472 13 9869 1 0 1 
-3.1294 11.26 0.319659 0 0 0 0.141575 13 9870 1 0 1 
-5.39601 3.93895 0.308136 0 0 0 0.142482 13 9871 1 0 1 
14.9903 17.1887 0.37198 0 0 0 0.13163 13 9872 1 0 1 
7.04746 8.57143 0.347551 0 0 0 0.136588 13 9873 1 0 1 
3.777 -11.4117 0.305283 0 0 0 0.14451 13 9874 1 0 1 
-22.6855 8.58288 0.329768 0 0 0 0.136396 13 9875 1 0 1 
3.89336 -5.30058 0.331922 0 0 0 0.13872 13 9876 1 0 1 
-9.24459 8.0399 0.288631 0 0 0 0.146296 13 9877 1 0 1 
6.78957 -4.71243 0.349306 0 0 0 0.135819 13 9878 1 0 1 
-0.320547 -2.93813 0.323234 0 0 0 0.139686 13 9879 1 0 1 
-18.3821 29.1909 0.257231 0 0 0 0.130276 13 9880 1 0 1 
-16.0836 0.794025 0.272755 0 0 0 0.139277 13 9881 1 0 1 
3.16018 -6.02866 0.353926 0 0 0 0.135122 13 9882 1 0 1 
4.12045 -13.2953 0.3417 0 0 0 0.136874 13 9883 1 0 1 
6.02699 8.90251 0.364163 0 0 0 0.132778 13 9884 1 0 1 
-22.936 4.3585 0.269723 0 0 0 0.147775 13 9885 1 0 1 
0.176048 21.7733 0.348889 0 0 0 0.134191 13 9886 1 0 1 
3.69867 -14.5906 0.324131 0 0 0 0.140325 13 9887 1 0 1 
15.3521 8.49557 0.346946 0 0 0 0.135748 13 9888 1 0 1 
-14.7062 4.78893 0.33575 0 0 0 0.137925 13 9889 1 0 1 
4.35923 -23.4484 0.316017 0 0 0 0.141978 13 9890 1 0 1 
-28.7698 31.6691 0.330185 0 0 0 0.137129 13 9891 1 0 1 
1.56131 12.8171 0.331793 0 0 0 0.137636 13 9892 1 0 1 
6.61687 -13.8621 0.310623 0 0 0 0.1437 13 9893 1 0 1 
20.4416 -9.97575 0.300683 0 0 0 0.144541 13 9894 1 0 1 
7.19909 6.88064 0.348618 0 0 0 0.133489 13 9895 1 0 1 
21.0898 6.03517 0.30833 0 0 0 0.140978 13 9896 1 0 1 
4.40734 -9.90156 0.31274 0 0 0 0.140819 13 9897 1 0 1 
9.82237 17.7216 0.289776 0 0 0 0.144805 13 9898 1 0 1 
-12.4505 -12.9348 0.297913 0 0 0 0.141291 13 9899 1 0 1 
25.3818 17.0797 0.281052 0 0 0 0.148853 13 9900 1 0 1 
-11.3252 21.2843 0.327948 0 0 0 0.138045 13 9901 1 0 1 
9.71835 18.0972 0.346172 0 0 0 0.136211 13 9902 1 0 1 
28.9608 13.5391 0.298876 0 0 0 0.141104 13 9903 1 0 1 
13.908 -14.2597 0.336468 0 0 0 0.13658 13 9904 1 0 1 
3.58558 -4.14538 0.282492 0 0 0 0.147995 13 9905 1 0 1 
11.0206 23.8057 0.355342 0 0 0 0.134408 13 9906 1 0 1 
34.8958 -9.57721 0.336824 0 0 0 0.13671 13 9907 1 0 1 
17.7678 -2.8264 0.340568 0 0 0 0.136945 13 9908 1 0 1 
12.6772 31.8681 0.316206 0 0 0 0.140867 13 9909 1 0 1 
4.20435 -25.073 0.318033 0 0 0 0.140802 13 9910 1 0 1 
3.51933 2.32681 0.320469 0 0 0 0.142191 13 9911 1 0 1 
-7.01927 -3.309 0.322501 0 0 0 0.141188 13 9912 1 0 1 
-31.6487 6.35409 0.292342 0 0 0 0.146692 13 9913 1 0 1 
-10.2882 -8.61862 0.310968 0 0 0 0.143692 13 9914 1 0 1 
10.5453 4.12721 0.317916 0 0 0 0.140294 13 9915 1 0 1 
20.064 -5.64178 0.365701 0 0 0 0.133249 13 9916 1 0 1 
18.4851 -9.04733 0.325308 0 0 0 0.139856 13 9917 1 0 1 
-3.17639 10.2475 0.346405 0 0 0 0.135163 13 9918 1 0 1 
-5.49871 -0.598345 0.309633 0 0 0 0.14281 13 9919 1 0 1 
-8.93635 -1.40675 0.312625 0 0 0 0.142227 13 9920 1 0 1 
25.9683 13.0195 0.315452 0 0 0 0.141529 13 9921 1 0 1 
18.1719 13.9073 0.345649 0 0 0 0.135959 13 9922 1 0 1 
1.94791 11.7985 0.301723 0 0 0 0.143252 13 9923 1 0 1 
14.7999 29.0576 0.347257 0 0 0 0.136991 13 9924 1 0 1 
10.4761 -18.3829 0.320339 0 0 0 0.140881 13 9925 1 0 1 
2.35937 -0.777225 0.296685 0 0 0 0.144977 13 9926 1 0 1 
-3.7109 -1.40918 0.33698 0 0 0 0.136508 13 9927 1 0 1 
-4.1422 -3.51158 0.345843 0 0 0 0.137271 13 9928 1 0 1 
-3.25969 4.25768 0.34245 0 0 0 0.134652 13 9929 1 0 1 
2.76523 23.9907 0.353309 0 0 0 0.135363 13 9930 1 0 1 
31.3237 -14.6035 0.323435 0 0 0 0.138946 13 9931 1 0 1 
6.88018 -8.44038 0.296371 0 0 0 0.143016 13 9932 1 0 1 
-0.936971 -11.7395 0.326303 0 0 0 0.137628 13 9933 1 0 1 
3.49834 25.8748 0.316467 0 0 0 0.141014 13 9934 1 0 1 
-31.6921 11.6043 0.315332 0 0 0 0.141505 13 9935 1 0 1 
8.95683 18.005 0.327777 0 0 0 0.140023 13 9936 1 0 1 
-17.7858 -16.8569 0.264696 0 0 0 0.15397 13 9937 1 0 1 
34.6336 -21.7997 0.2974 0 0 0 0.145597 13 9938 1 0 1 
10.9737 23.236 0.295141 0 0 0 0.146736 13 9939 1 0 1 
44.0334 10.5393 0.294508 0 0 0 0.147157 13 9940 1 0 1 
16.0042 12.383 0.343106 0 0 0 0.135772 13 9941 1 0 1 
-1.27643 -14.9862 0.279689 0 0 0 0.148953 13 9942 1 0 1 
1.23838 -10.6438 0.302487 0 0 0 0.142352 13 9943 1 0 1 
7.12173 11.5804 0.302738 0 0 0 0.144884 13 9944 1 0 1 
14.9795 -5.99937 0.331377 0 0 0 0.139205 13 9945 1 0 1 
-19.7153 -0.91888 0.330638 0 0 0 0.13823 13 9946 1 0 1 
-10.7758 0.145455 0.340435 0 0 0 0.137197 13 9947 1 0 1 
20.029 13.3291 0.289239 0 0 0 0.145074 13 9948 1 0 1 
30.8536 -19.0419 0.303445 0 0 0 0.142561 13 9949 1 0 1 
5.87461 -12.8567 0.403632 0 0 0 0.127377 13 9950 1 0 1 
4.55883 6.38085 0.377179 0 0 0 0.13039 13 9951 1 0 1 
-2.92601 -0.880967 0.299688 0 0 0 0.144531 13 9952 1 0 1 
17.3945 5.45801 0.322532 0 0 0 0.139728 13 9953 1 0 1 
-22.0938 -2.97274 0.323528 0 0 0 0.139228 13 9954 1 0 1 
11.7335 9.72329 0.316986 0 0 0 0.140617 13 9955 1 0 1 
-6.42344 1.45815 0.302672 0 0 0 0.143986 13 9956 1 0 1 
11.385 -7.64164 0.329495 0 0 0 0.137452 13 9957 1 0 1 
-7.9073 2.25921 0.352019 0 0 0 0.136474 13 9958 1 0 1 
-21.6899 -1.40202 0.330625 0 0 0 0.138461 13 9959 1 0 1 
19.4487 16.178 0.319638 0 0 0 0.141199 13 9960 1 0 1 
7.64142 -6.63298 0.330534 0 0 0 0.139076 13 9961 1 0 1 
11.9923 -9.24507 0.302022 0 0 0 0.144312 13 9962 1 0 1 
9.07259 7.4228 0.361172 0 0 0 0.135606 13 9963 1 0 1 
10.9063 11.2103 0.299634 0 0 0 0.144936 13 9964 1 0 1 
3.62459 -18.501 0.345522 0 0 0 0.137259 13 9965 1 0 1 
-31.0633 -12.836 0.308742 0 0 0 0.140843 13 9966 1 0 1 
23.1945 -24.6777 0.320251 0 0 0 0.136115 13 9967 1 0 1 
-26.0891 6.08887 0.29362 0 0 0 0.145123 13 9968 1 0 1 
-23.4873 -0.275816 0.331656 0 0 0 0.137365 13 9969 1 0 1 
-12.2911 -0.529795 0.358846 0 0 0 0.133311 13 9970 1 0 1 
-9.43115 -27.1318 0.307754 0 0 0 0.140738 13 9971 1 0 1 
0.803201 10.8161 0.324022 0 0 0 0.139024 13 9972 1 0 1 
17.4541 3.38439 0.289216 0 0 0 0.147515 13 9973 1 0 1 
-15.7433 -11.7073 0.330099 0 0 0 0.138705 13 9974 1 0 1 
14.2651 -27.6212 0.328334 0 0 0 0.139662 13 9975 1 0 1 
-10.0683 -1.77033 0.296366 0 0 0 0.145174 13 9976 1 0 1 
-24.5902 -4.16683 0.336171 0 0 0 0.13581 13 9977 1 0 1 
10.0572 -0.885991 0.314019 0 0 0 0.143227 13 9978 1 0 1 
-3.29246 -13.1481 0.290577 0 0 0 0.146767 13 9979 1 0 1 
-16.3564 15.9999 0.328682 0 0 0 0.134756 13 9980 1 0 1 
-32.3125 19.9162 0.347088 0 0 0 0.135534 13 9981 1 0 1 
-7.34568 -13.8447 0.327931 0 0 0 0.13994 13 9982 1 0 1 
17.1909 2.90077 0.275248 0 0 0 0.150089 13 9983 1 0 1 
-22.8405 10.2735 0.355954 0 0 0 0.133526 13 9984 1 0 1 
-1.48106 12.4701 0.325896 0 0 0 0.140944 13 9985 1 0 1 
3.71044 -38.6457 0.334938 0 0 0 0.137361 13 9986 1 0 1 
12.043 -20.8269 0.293605 0 0 0 0.14668 13 9987 1 0 1 
4.20156 16.1994 0.379839 0 0 0 0.129211 13 9988 1 0 1 
-5.59669 -5.03437 0.344308 0 0 0 0.134462 13 9989 1 0 1 
13.3711 6.8456 0.357449 0 0 0 0.132916 13 9990 1 0 1 
9.99328 0.484426 0.340201 0 0 0 0.136237 13 9991 1 0 1 
2.55702 24.5686 0.31145 0 0 0 0.142204 13 9992 1 0 1 
49.2324 3.73623 0.322038 0 0 0 0.140948 13 9993 1 0 1 
-4.72936 -19.5546 0.293153 0 0 0 0.146114 13 9994 1 0 1 
14.7921 -3.28495 0.332664 0 0 0 0.136642 13 9995 1 0 1 
-33.1984 3.70725 0.307602 0 0 0 0.143976 13 9996 1 0 1 
-2.44124 23.4457 0.326778 0 0 0 0.138758 13 9997 1 0 1 
6.44392 -28.5154 0.380623 0 0 0 0.130024 13 9998 1 0 1 
0.313158 -4.04382 0.373564 0 0 0 0.130643 13 9999 1 0 1 
-1.56029 -4.75447 0.33732 0 0 0 0.136225 13 10000 1 0 1 
-14.0373 -17.1827 0.302642 0 0 0 0.142926 13 10001 1 0 1 
17.7487 -18.6715 0.339474 0 0 0 0.137346 13 10002 1 0 1 
-35.713 7.28286 0.354502 0 0 0 0.133283 13 10003 1 0 1 
-32.4493 26.97 0.310389 0 0 0 0.142735 13 10004 1 0 1 
-6.4007 -15.9691 0.32207 0 0 0 0.13909 13 10005 1 0 1 
8.80983 -22.7329 0.291418 0 0 0 0.145995 13 10006 1 0 1 
12.5415 -8.46302 0.328864 0 0 0 0.138368 13 10007 1 0 1 
13.5141 15.6218 0.334716 0 0 0 0.134097 13 10008 1 0 1 
2.36111 -9.89813 0.283981 0 0 0 0.147018 13 10009 1 0 1 
-7.36672 9.37509 0.299535 0 0 0 0.145283 13 10010 1 0 1 
-12.2094 28.7637 0.359141 0 0 0 0.133159 13 10011 1 0 1 
-12.8617 -13.1571 0.304133 0 0 0 0.14361 13 10012 1 0 1 
28.2193 -16.2604 0.341432 0 0 0 0.135814 13 10013 1 0 1 
13.2662 -2.04715 0.330685 0 0 0 0.138636 13 10014 1 0 1 
24.8056 18.5516 0.346261 0 0 0 0.137047 13 10015 1 0 1 
-13.9633 -29.8368 0.294544 0 0 0 0.144069 13 10016 1 0 1 
-11.0845 -10.2674 0.330278 0 0 0 0.138627 13 10017 1 0 1 
19.6121 9.13981 0.350701 0 0 0 0.13496 13 10018 1 0 1 
38.0648 -14.9221 0.321863 0 0 0 0.139282 13 10019 1 0 1 
28.5598 7.176 0.314027 0 0 0 0.141581 13 10020 1 0 1 
25.1494 -13.6558 0.298055 0 0 0 0.146187 13 10021 1 0 1 
-7.07344 -0.598438 0.309558 0 0 0 0.142244 13 10022 1 0 1 
0.561305 26.3913 0.274691 0 0 0 0.150998 13 10023 1 0 1 
5.02127 3.93698 0.321132 0 0 0 0.140761 13 10024 1 0 1 
-0.688296 -14.2532 0.303651 0 0 0 0.14366 13 10025 1 0 1 
-13.3903 -1.41274 0.277423 0 0 0 0.149162 13 10026 1 0 1 
-6.88838 -3.16413 0.319543 0 0 0 0.142013 13 10027 1 0 1 
31.0731 3.54094 0.35756 0 0 0 0.133759 13 10028 1 0 1 
-1.49953 -9.75505 0.302924 0 0 0 0.14327 13 10029 1 0 1 
-19.2004 -16.4244 0.312012 0 0 0 0.140299 13 10030 1 0 1 
-3.82832 6.66819 0.311778 0 0 0 0.144016 13 10031 1 0 1 
6.33156 -10.6267 0.359818 0 0 0 0.132495 13 10032 1 0 1 
-10.2231 10.4141 0.31932 0 0 0 0.139339 13 10033 1 0 1 
-8.593 -1.81318 0.285813 0 0 0 0.14712 13 10034 1 0 1 
9.76318 18.0826 0.322097 0 0 0 0.140711 13 10035 1 0 1 
3.36571 -1.39807 0.324864 0 0 0 0.139161 13 10036 1 0 1 
11.0391 -2.12061 0.325707 0 0 0 0.140369 13 10037 1 0 1 
1.22777 -3.02758 0.372212 0 0 0 0.131159 13 10038 1 0 1 
-32.3993 -14.7999 0.336785 0 0 0 0.132423 13 10039 1 0 1 
5.42051 -23.2956 0.330822 0 0 0 0.139195 13 10040 1 0 1 
8.18054 16.4313 0.336897 0 0 0 0.136449 13 10041 1 0 1 
-0.425528 -33.4359 0.324205 0 0 0 0.141498 13 10042 1 0 1 
2.48718 -20.4802 0.313727 0 0 0 0.14197 13 10043 1 0 1 
6.26882 1.95248 0.298677 0 0 0 0.143861 13 10044 1 0 1 
-38.9136 -13.189 0.305812 0 0 0 0.141436 13 10045 1 0 1 
14.117 5.84888 0.336726 0 0 0 0.137104 13 10046 1 0 1 
-15.9418 -1.76372 0.284665 0 0 0 0.147769 13 10047 1 0 1 
-7.45929 7.91143 0.342626 0 0 0 0.13728 13 10048 1 0 1 
36.6874 23.4726 0.338202 0 0 0 0.138091 13 10049 1 0 1 
-12.7167 4.99487 0.327185 0 0 0 0.138591 13 10050 1 0 1 
25.6465 -22.8867 0.29373 0 0 0 0.14503 13 10051 1 0 1 
-12.4361 11.5829 0.32757 0 0 0 0.138674 13 10052 1 0 1 
-14.1679 -6.33187 0.308767 0 0 0 0.142605 13 10053 1 0 1 
-5.44469 36.7982 0.323098 0 0 0 0.139702 13 10054 1 0 1 
-10.8084 1.1889 0.325669 0 0 0 0.139972 13 10055 1 0 1 
-13.5106 5.77904 0.334849 0 0 0 0.13676 13 10056 1 0 1 
22.8412 13.4718 0.338876 0 0 0 0.138473 13 10057 1 0 1 
-8.9655 13.0593 0.333032 0 0 0 0.137159 13 10058 1 0 1 
0.918509 -8.17699 0.306393 0 0 0 0.143975 13 10059 1 0 1 
9.75566 15.6314 0.327378 0 0 0 0.137995 13 10060 1 0 1 
-9.45841 23.6371 0.336889 0 0 0 0.137962 13 10061 1 0 1 
-25.4253 8.00223 0.292258 0 0 0 0.146794 13 10062 1 0 1 
-8.63399 18.3398 0.331115 0 0 0 0.137613 13 10063 1 0 1 
-28.5295 28.8713 0.319645 0 0 0 0.139322 13 10064 1 0 1 
-10.8784 -1.53725 0.288152 0 0 0 0.147089 13 10065 1 0 1 
18.9559 -12.7793 0.346992 0 0 0 0.13681 13 10066 1 0 1 
-6.85891 5.64693 0.34542 0 0 0 0.134244 13 10067 1 0 1 
-40.5379 -11.7535 0.327382 0 0 0 0.137881 13 10068 1 0 1 
4.70685 21.7774 0.319468 0 0 0 0.137622 13 10069 1 0 1 
8.48945 1.29756 0.355295 0 0 0 0.132649 13 10070 1 0 1 
-0.718075 -8.25958 0.327348 0 0 0 0.139529 13 10071 1 0 1 
26.8553 15.8475 0.311864 0 0 0 0.142649 13 10072 1 0 1 
7.24454 3.08081 0.327979 0 0 0 0.138625 13 10073 1 0 1 
-11.1236 4.08758 0.332656 0 0 0 0.137594 13 10074 1 0 1 
2.06126 29.8999 0.292773 0 0 0 0.146173 13 10075 1 0 1 
-4.59035 -5.40976 0.351365 0 0 0 0.134895 13 10076 1 0 1 
12.5552 -26.2507 0.322022 0 0 0 0.139824 13 10077 1 0 1 
1.04896 -8.26428 0.313042 0 0 0 0.142203 13 10078 1 0 1 
-11.0841 -32.2899 0.301851 0 0 0 0.141783 13 10079 1 0 1 
6.54001 -10.2912 0.325744 0 0 0 0.139146 13 10080 1 0 1 
-2.51934 -12.5502 0.295328 0 0 0 0.146461 13 10081 1 0 1 
-17.0203 6.95857 0.30579 0 0 0 0.13894 13 10082 1 0 1 
24.5923 8.10453 0.331206 0 0 0 0.137974 13 10083 1 0 1 
5.7779 14.4252 0.278812 0 0 0 0.150078 13 10084 1 0 1 
22.7207 -4.34367 0.32962 0 0 0 0.138738 13 10085 1 0 1 
1.11427 12.6005 0.294339 0 0 0 0.1455 13 10086 1 0 1 
4.14901 -15.5125 0.297093 0 0 0 0.144473 13 10087 1 0 1 
-16.813 19.6197 0.344049 0 0 0 0.137031 13 10088 1 0 1 
-22.6244 -6.85907 0.310162 0 0 0 0.140954 13 10089 1 0 1 
-19.5975 4.73634 0.29654 0 0 0 0.144495 13 10090 1 0 1 
-18.1267 -17.5466 0.30926 0 0 0 0.142188 13 10091 1 0 1 
5.1188 -24.6919 0.284463 0 0 0 0.146361 13 10092 1 0 1 
-9.3033 9.99518 0.287303 0 0 0 0.146764 13 10093 1 0 1 
-3.89858 -4.17012 0.374705 0 0 0 0.13209 13 10094 1 0 1 
19.1896 -10.8485 0.315953 0 0 0 0.140883 13 10095 1 0 1 
7.72871 -6.53884 0.354929 0 0 0 0.134482 13 10096 1 0 1 
-8.08611 14.1494 0.327314 0 0 0 0.140543 13 10097 1 0 1 
-9.04196 -12.6892 0.335803 0 0 0 0.137338 13 10098 1 0 1 
23.6437 -7.37339 0.265329 0 0 0 0.152737 13 10099 1 0 1 
2.32647 7.55525 0.320227 0 0 0 0.138293 13 10100 1 0 1 
11.6431 -6.70465 0.338649 0 0 0 0.136389 13 10101 1 0 1 
-8.44727 -14.0019 0.259779 0 0 0 0.155209 13 10102 1 0 1 
-7.92061 -3.82793 0.326454 0 0 0 0.139376 13 10103 1 0 1 
14.6874 -19.0237 0.363881 0 0 0 0.130422 13 10104 1 0 1 
0.215903 2.06081 0.324351 0 0 0 0.136621 13 10105 1 0 1 
18.1056 6.80777 0.346479 0 0 0 0.135952 13 10106 1 0 1 
22.4214 -22.4745 0.285782 0 0 0 0.142075 13 10107 1 0 1 
8.61807 -1.68851 0.312515 0 0 0 0.142352 13 10108 1 0 1 
2.09868 13.5818 0.289232 0 0 0 0.14648 13 10109 1 0 1 
17.1223 4.2197 0.352138 0 0 0 0.132384 13 10110 1 0 1 
-10.2886 17.4975 0.316531 0 0 0 0.140254 13 10111 1 0 1 
2.93472 32.8299 0.319939 0 0 0 0.14169 13 10112 1 0 1 
6.93067 9.15073 0.27274 0 0 0 0.150516 13 10113 1 0 1 
9.22755 18.0712 0.303193 0 0 0 0.143019 13 10114 1 0 1 
-17.8823 16.4204 0.36309 0 0 0 0.132682 13 10115 1 0 1 
-16.27 33.8227 0.31074 0 0 0 0.142851 13 10116 1 0 1 
-15.1622 -25.0438 0.334216 0 0 0 0.134188 13 10117 1 0 1 
-20.2292 -13.5045 0.336093 0 0 0 0.136986 13 10118 1 0 1 
5.6257 -14.366 0.237746 0 0 0 0.147762 13 10119 1 0 1 
-6.5982 -0.123722 0.284263 0 0 0 0.146605 13 10120 1 0 1 
19.8268 9.78273 0.293118 0 0 0 0.143784 13 10121 1 0 1 
16.9053 -18.0437 0.34059 0 0 0 0.133962 13 10122 1 0 1 
3.99774 4.49226 0.341043 0 0 0 0.135094 13 10123 1 0 1 
8.36674 -3.63862 0.292351 0 0 0 0.142351 13 10124 1 0 1 
-21.4036 -24.9667 0.320891 0 0 0 0.138115 13 10125 1 0 1 
-1.7525 6.86857 0.341393 0 0 0 0.136849 13 10126 1 0 1 
6.5662 16.6356 0.331852 0 0 0 0.137086 13 10127 1 0 1 
-17.5297 12.1464 0.376116 0 0 0 0.131178 13 10128 1 0 1 
-0.89016 -25.5594 0.340871 0 0 0 0.135264 13 10129 1 0 1 
2.7585 6.54238 0.281006 0 0 0 0.147765 13 10130 1 0 1 
0.468552 -14.694 0.321315 0 0 0 0.141418 13 10131 1 0 1 
-4.65551 24.2602 0.316862 0 0 0 0.140235 13 10132 1 0 1 
15.0549 -22.9103 0.320822 0 0 0 0.140022 13 10133 1 0 1 
-8.08227 2.12964 0.349646 0 0 0 0.134604 13 10134 1 0 1 
-8.81509 1.49638 0.329801 0 0 0 0.137007 13 10135 1 0 1 
-26.9801 1.0097 0.316678 0 0 0 0.141941 13 10136 1 0 1 
3.4463 -22.3813 0.297913 0 0 0 0.144093 13 10137 1 0 1 
-3.66994 13.2374 0.282118 0 0 0 0.147562 13 10138 1 0 1 
6.56222 -6.53925 0.349671 0 0 0 0.135006 13 10139 1 0 1 
13.0844 8.70696 0.315088 0 0 0 0.140819 13 10140 1 0 1 
16.6834 41.3891 0.328243 0 0 0 0.136821 13 10141 1 0 1 
-3.70279 -22.8108 0.299638 0 0 0 0.14357 13 10142 1 0 1 
16.7278 20.3914 0.334984 0 0 0 0.13673 13 10143 1 0 1 
-5.67193 -27.848 0.321698 0 0 0 0.140551 13 10144 1 0 1 
20.4483 -20.1443 0.314656 0 0 0 0.140598 13 10145 1 0 1 
1.04566 6.62481 0.343311 0 0 0 0.136847 13 10146 1 0 1 
3.40157 -6.2906 0.299985 0 0 0 0.140394 13 10147 1 0 1 
21.9314 7.6635 0.323214 0 0 0 0.140405 13 10148 1 0 1 
12.2926 -1.36992 0.305194 0 0 0 0.143619 13 10149 1 0 1 
2.80951 -4.39157 0.284429 0 0 0 0.147536 13 10150 1 0 1 
21.0527 26.218 0.320876 0 0 0 0.140347 13 10151 1 0 1 
-3.42461 -17.7302 0.355544 0 0 0 0.134397 13 10152 1 0 1 
11.5806 -3.64588 0.377037 0 0 0 0.133148 13 10153 1 0 1 
2.14318 -3.79456 0.329006 0 0 0 0.138702 13 10154 1 0 1 
6.63286 5.7858 0.338476 0 0 0 0.137903 13 10155 1 0 1 
0.398574 -18.956 0.331136 0 0 0 0.136963 13 10156 1 0 1 
5.2042 -15.2476 0.357686 0 0 0 0.134034 13 10157 1 0 1 
1.37157 10.8643 0.346594 0 0 0 0.137078 13 10158 1 0 1 
-17.8231 -21.9537 0.309379 0 0 0 0.143274 13 10159 1 0 1 
17.0249 1.0758 0.320949 0 0 0 0.141335 13 10160 1 0 1 
-10.9131 0.51501 0.32368 0 0 0 0.137277 13 10161 1 0 1 
-38.0233 -8.31268 0.380129 0 0 0 0.130848 13 10162 1 0 1 
1.64983 -33.7256 0.315205 0 0 0 0.142003 13 10163 1 0 1 
-3.58953 8.49576 0.331107 0 0 0 0.138916 13 10164 1 0 1 
0.0297102 14.8275 0.311441 0 0 0 0.141508 13 10165 1 0 1 
-17.9947 -8.4879 0.320767 0 0 0 0.140235 13 10166 1 0 1 
-16.3619 -4.10506 0.379565 0 0 0 0.130207 13 10167 1 0 1 
11.3467 8.59317 0.334664 0 0 0 0.139071 13 10168 1 0 1 
-1.42851 19.2155 0.32547 0 0 0 0.138218 13 10169 1 0 1 
27.8899 4.37977 0.308937 0 0 0 0.144008 13 10170 1 0 1 
23.6896 -5.59095 0.316756 0 0 0 0.138979 13 10171 1 0 1 
0.224581 -5.02044 0.298793 0 0 0 0.145439 13 10172 1 0 1 
-21.3516 -0.885654 0.32114 0 0 0 0.140806 13 10173 1 0 1 
25.0688 0.762245 0.349769 0 0 0 0.133869 13 10174 1 0 1 
20.1315 2.42862 0.271666 0 0 0 0.15162 13 10175 1 0 1 
0.631467 5.72859 0.300452 0 0 0 0.141478 13 10176 1 0 1 
-24.8039 10.7297 0.282769 0 0 0 0.148868 13 10177 1 0 1 
-22.9311 -12.9322 0.321872 0 0 0 0.138844 13 10178 1 0 1 
13.4007 -18.9404 0.319873 0 0 0 0.140725 13 10179 1 0 1 
-10.6744 0.895117 0.329278 0 0 0 0.137554 13 10180 1 0 1 
-3.38684 2.29276 0.32957 0 0 0 0.13929 13 10181 1 0 1 
-8.7477 -11.3068 0.326778 0 0 0 0.13913 13 10182 1 0 1 
1.11633 -17.2654 0.27072 0 0 0 0.146053 13 10183 1 0 1 
1.33716 -5.44499 0.318274 0 0 0 0.142021 13 10184 1 0 1 
8.3671 19.8268 0.332142 0 0 0 0.137408 13 10185 1 0 1 
15.7309 -15.6842 0.337234 0 0 0 0.136331 13 10186 1 0 1 
-11.8505 6.70288 0.34299 0 0 0 0.136092 13 10187 1 0 1 
5.01359 -2.57813 0.311671 0 0 0 0.142538 13 10188 1 0 1 
-23.11 32.0695 0.346726 0 0 0 0.134737 13 10189 1 0 1 
2.11832 -12.8986 0.371509 0 0 0 0.130705 13 10190 1 0 1 
12.7012 -11.2979 0.276543 0 0 0 0.150039 13 10191 1 0 1 
-13.0015 20.7639 0.321549 0 0 0 0.140511 13 10192 1 0 1 
-43.5881 17.3273 0.371823 0 0 0 0.132304 13 10193 1 0 1 
17.3901 8.62974 0.350862 0 0 0 0.134816 13 10194 1 0 1 
-6.59395 12.3412 0.33775 0 0 0 0.136499 13 10195 1 0 1 
26.5228 -6.37308 0.359446 0 0 0 0.132404 13 10196 1 0 1 
-17.5914 -10.7935 0.329742 0 0 0 0.1392 13 10197 1 0 1 
14.4361 -36.7163 0.333139 0 0 0 0.136167 13 10198 1 0 1 
-3.52616 19.0066 0.288891 0 0 0 0.148042 13 10199 1 0 1 
4.38481 18.0801 0.281861 0 0 0 0.14803 13 10200 1 0 1 
13.0514 -1.87589 0.322638 0 0 0 0.139111 13 10201 1 0 1 
-0.863188 2.87619 0.324315 0 0 0 0.140812 13 10202 1 0 1 
5.69561 6.67851 0.320445 0 0 0 0.136509 13 10203 1 0 1 
-17.1585 -7.1046 0.332252 0 0 0 0.137637 13 10204 1 0 1 
20.4722 18.0027 0.35074 0 0 0 0.134125 13 10205 1 0 1 
14.2231 20.8838 0.292925 0 0 0 0.14666 13 10206 1 0 1 
-14.0389 -15.2848 0.307071 0 0 0 0.141306 13 10207 1 0 1 
-5.37626 -3.75601 0.329856 0 0 0 0.138899 13 10208 1 0 1 
-8.70694 11.8374 0.286562 0 0 0 0.148071 13 10209 1 0 1 
-0.946912 -18.1795 0.300442 0 0 0 0.145129 13 10210 1 0 1 
2.38463 7.8427 0.325072 0 0 0 0.13792 13 10211 1 0 1 
10.2121 -29.2854 0.359006 0 0 0 0.13113 13 10212 1 0 1 
13.7659 -7.34962 0.288695 0 0 0 0.146619 13 10213 1 0 1 
-0.49539 1.68289 0.352237 0 0 0 0.135505 13 10214 1 0 1 
15.1886 5.08217 0.288015 0 0 0 0.146596 13 10215 1 0 1 
-24.9929 -21.6444 0.303716 0 0 0 0.14355 13 10216 1 0 1 
4.58023 -9.84315 0.267606 0 0 0 0.151841 13 10217 1 0 1 
-16.3431 -10.0259 0.302552 0 0 0 0.145257 13 10218 1 0 1 
18.6712 7.0204 0.305346 0 0 0 0.14274 13 10219 1 0 1 
-3.48923 0.990559 0.354471 0 0 0 0.134295 13 10220 1 0 1 
6.27575 3.44254 0.371782 0 0 0 0.133643 13 10221 1 0 1 
-11.3204 16.9955 0.297541 0 0 0 0.145975 13 10222 1 0 1 
9.2524 18.5332 0.301695 0 0 0 0.144634 13 10223 1 0 1 
-8.65039 7.20342 0.311239 0 0 0 0.14195 13 10224 1 0 1 
16.2959 4.57551 0.338119 0 0 0 0.138215 13 10225 1 0 1 
-12.3003 -8.15003 0.309365 0 0 0 0.142126 13 10226 1 0 1 
-34.8857 10.1557 0.290146 0 0 0 0.145477 13 10227 1 0 1 
-8.1685 1.65351 0.330041 0 0 0 0.13762 13 10228 1 0 1 
-7.4588 23.5802 0.347655 0 0 0 0.134713 13 10229 1 0 1 
-18.5914 -10.5044 0.33076 0 0 0 0.139449 13 10230 1 0 1 
6.58208 -26.5131 0.303557 0 0 0 0.143885 13 10231 1 0 1 
23.6339 15.6814 0.320043 0 0 0 0.139391 13 10232 1 0 1 
-5.17483 -29.8082 0.332788 0 0 0 0.140411 13 10233 1 0 1 
-44.3833 -5.24578 0.370169 0 0 0 0.131398 13 10234 1 0 1 
20.9777 1.81929 0.352209 0 0 0 0.133717 13 10235 1 0 1 
-16.1974 12.3086 0.328716 0 0 0 0.139137 13 10236 1 0 1 
4.86831 13.3626 0.371885 0 0 0 0.13165 13 10237 1 0 1 
-16.235 -3.91006 0.318694 0 0 0 0.142569 13 10238 1 0 1 
1.93222 -18.8468 0.301517 0 0 0 0.142085 13 10239 1 0 1 
1.48781 10.3062 0.329413 0 0 0 0.137783 13 10240 1 0 1 
-1.60863 26.5048 0.311299 0 0 0 0.142294 13 10241 1 0 1 
-30.314 7.21077 0.321545 0 0 0 0.139322 13 10242 1 0 1 
15.3492 -2.22208 0.327325 0 0 0 0.139735 13 10243 1 0 1 
-11.1768 19.984 0.320489 0 0 0 0.140185 13 10244 1 0 1 
16.9676 -16.6185 0.314333 0 0 0 0.141088 13 10245 1 0 1 
13.9431 8.56088 0.332408 0 0 0 0.137007 13 10246 1 0 1 
-0.62223 3.57421 0.318545 0 0 0 0.140933 13 10247 1 0 1 
-21.0892 7.90869 0.315051 0 0 0 0.140079 13 10248 1 0 1 
1.57475 -2.40359 0.340833 0 0 0 0.137375 13 10249 1 0 1 
-6.66128 12.5014 0.343304 0 0 0 0.135093 13 10250 1 0 1 
-0.829809 8.49795 0.332826 0 0 0 0.136363 13 10251 1 0 1 
-24.6158 7.43574 0.327662 0 0 0 0.139078 13 10252 1 0 1 
14.4108 27.0708 0.28201 0 0 0 0.14886 13 10253 1 0 1 
-7.35818 -1.9343 0.309729 0 0 0 0.143642 13 10254 1 0 1 
4.15972 -10.5109 0.344225 0 0 0 0.136533 13 10255 1 0 1 
-8.04983 -13.3825 0.327387 0 0 0 0.138964 13 10256 1 0 1 
6.26421 6.37703 0.310127 0 0 0 0.142593 13 10257 1 0 1 
-2.93263 -10.0546 0.306296 0 0 0 0.144866 13 10258 1 0 1 
7.21152 -2.57949 0.319062 0 0 0 0.14062 13 10259 1 0 1 
17.7427 6.63649 0.319352 0 0 0 0.141452 13 10260 1 0 1 
0.937951 35.0973 0.310829 0 0 0 0.140682 13 10261 1 0 1 
-3.05182 -0.886796 0.27024 0 0 0 0.152365 13 10262 1 0 1 
5.45654 -4.27203 0.333579 0 0 0 0.137767 13 10263 1 0 1 
10.7959 -7.48156 0.265561 0 0 0 0.152391 13 10264 1 0 1 
-6.85138 2.44426 0.343888 0 0 0 0.135556 13 10265 1 0 1 
2.11034 -1.56551 0.319008 0 0 0 0.140647 13 10266 1 0 1 
15.2032 15.0428 0.336216 0 0 0 0.137981 13 10267 1 0 1 
-4.66438 -3.09819 0.345948 0 0 0 0.136283 13 10268 1 0 1 
18.5197 8.12237 0.333279 0 0 0 0.136359 13 10269 1 0 1 
-13.5572 23.0375 0.333914 0 0 0 0.137069 13 10270 1 0 1 
24.6284 14.7664 0.299312 0 0 0 0.145509 13 10271 1 0 1 
13.5631 19.6921 0.335377 0 0 0 0.138208 13 10272 1 0 1 
7.75497 -0.559012 0.293481 0 0 0 0.146466 13 10273 1 0 1 
12.6032 -6.13728 0.330746 0 0 0 0.137052 13 10274 1 0 1 
2.53639 21.701 0.344122 0 0 0 0.13649 13 10275 1 0 1 
-5.7265 -5.21536 0.277913 0 0 0 0.149526 13 10276 1 0 1 
4.24214 -10.4121 0.326835 0 0 0 0.141117 13 10277 1 0 1 
8.84316 -4.60735 0.346357 0 0 0 0.135355 13 10278 1 0 1 
32.2803 -9.71593 0.288469 0 0 0 0.143604 13 10279 1 0 1 
-17.2828 -38.2475 0.315521 0 0 0 0.142248 13 10280 1 0 1 
-16.1107 18.1404 0.34951 0 0 0 0.134812 13 10281 1 0 1 
4.84622 5.7887 0.286644 0 0 0 0.14838 13 10282 1 0 1 
9.44815 3.96503 0.348493 0 0 0 0.134059 13 10283 1 0 1 
0.299117 -37.941 0.340329 0 0 0 0.139158 13 10284 1 0 1 
1.49742 -26.8472 0.347757 0 0 0 0.135974 13 10285 1 0 1 
-13.6526 2.36274 0.274471 0 0 0 0.150374 13 10286 1 0 1 
-4.90842 -12.8428 0.334983 0 0 0 0.135357 13 10287 1 0 1 
14.02 -1.38626 0.336838 0 0 0 0.137265 13 10288 1 0 1 
-21.7554 -2.12148 0.318151 0 0 0 0.141532 13 10289 1 0 1 
-15.8013 2.24883 0.323368 0 0 0 0.139057 13 10290 1 0 1 
-3.76018 -6.92476 0.33432 0 0 0 0.137378 13 10291 1 0 1 
9.76812 -1.31278 0.293152 0 0 0 0.146909 13 10292 1 0 1 
-18.364 -3.56689 0.31283 0 0 0 0.142706 13 10293 1 0 1 
12.538 8.29423 0.368726 0 0 0 0.13102 13 10294 1 0 1 
5.51233 -13.6133 0.331202 0 0 0 0.13744 13 10295 1 0 1 
12.4767 -6.49509 0.351985 0 0 0 0.133195 13 10296 1 0 1 
-14.6526 29.4275 0.330997 0 0 0 0.137606 13 10297 1 0 1 
11.1819 -37.1033 0.28266 0 0 0 0.147372 13 10298 1 0 1 
-5.871 1.74224 0.332676 0 0 0 0.1375 13 10299 1 0 1 
-12.9555 -29.22 0.34919 0 0 0 0.135031 13 10300 1 0 1 
-13.082 6.39914 0.304162 0 0 0 0.143882 13 10301 1 0 1 
5.53226 18.8198 0.32316 0 0 0 0.139264 13 10302 1 0 1 
-12.2824 -17.8896 0.337262 0 0 0 0.137199 13 10303 1 0 1 
-7.72699 -3.16514 0.306817 0 0 0 0.142972 13 10304 1 0 1 
-4.25518 9.22489 0.340695 0 0 0 0.136834 13 10305 1 0 1 
-8.41009 -23.1449 0.335497 0 0 0 0.137448 13 10306 1 0 1 
-8.41427 -25.4736 0.325128 0 0 0 0.139734 13 10307 1 0 1 
1.47533 5.1694 0.293843 0 0 0 0.145912 13 10308 1 0 1 
-15.2759 -13.2223 0.331888 0 0 0 0.136793 13 10309 1 0 1 
-6.24188 4.64044 0.316614 0 0 0 0.142312 13 10310 1 0 1 
11.97 -14.2275 0.279963 0 0 0 0.150342 13 10311 1 0 1 
15.0848 1.61465 0.365061 0 0 0 0.131766 13 10312 1 0 1 
-17.1204 -0.0996294 0.321714 0 0 0 0.139704 13 10313 1 0 1 
-4.28204 2.24311 0.338357 0 0 0 0.134659 13 10314 1 0 1 
12.1188 -8.44424 0.287604 0 0 0 0.148205 13 10315 1 0 1 
3.63247 23.0833 0.328185 0 0 0 0.137947 13 10316 1 0 1 
-14.1945 -12.9174 0.281307 0 0 0 0.147824 13 10317 1 0 1 
16.6105 15.426 0.313679 0 0 0 0.141932 13 10318 1 0 1 
-6.23221 16.4308 0.287021 0 0 0 0.147333 13 10319 1 0 1 
1.73909 34.5685 0.324472 0 0 0 0.138418 13 10320 1 0 1 
-17.7814 -26.5199 0.312863 0 0 0 0.140951 13 10321 1 0 1 
19.6374 -15.3569 0.379145 0 0 0 0.13135 13 10322 1 0 1 
-16.5533 18.96 0.234155 0 0 0 0.136173 13 10323 1 0 1 
8.80984 12.5264 0.339896 0 0 0 0.137203 13 10324 1 0 1 
24.5534 -44.0949 0.365697 0 0 0 0.132674 13 10325 1 0 1 
3.50822 -21.5672 0.338195 0 0 0 0.13731 13 10326 1 0 1 
3.34349 10.4923 0.282244 0 0 0 0.149185 13 10327 1 0 1 
25.1918 11.4728 0.304958 0 0 0 0.144359 13 10328 1 0 1 
15.7021 9.90114 0.301364 0 0 0 0.143281 13 10329 1 0 1 
10.9792 5.58983 0.323586 0 0 0 0.140228 13 10330 1 0 1 
-13.2445 -3.52487 0.336881 0 0 0 0.136005 13 10331 1 0 1 
11.5824 31.715 0.309338 0 0 0 0.143083 13 10332 1 0 1 
15.3732 5.87424 0.314746 0 0 0 0.140984 13 10333 1 0 1 
-1.23984 11.2351 0.328146 0 0 0 0.140626 13 10334 1 0 1 
2.68404 24.8081 0.351101 0 0 0 0.133925 13 10335 1 0 1 
-33.4377 2.29337 0.291399 0 0 0 0.144806 13 10336 1 0 1 
-2.70369 -6.10598 0.294527 0 0 0 0.145512 13 10337 1 0 1 
-4.31059 17.9817 0.293262 0 0 0 0.14497 13 10338 1 0 1 
6.72423 -16.7179 0.262768 0 0 0 0.143001 13 10339 1 0 1 
9.21198 8.63911 0.304702 0 0 0 0.143979 13 10340 1 0 1 
-0.777248 -1.92308 0.338101 0 0 0 0.137859 13 10341 1 0 1 
2.03659 9.38554 0.32696 0 0 0 0.140517 13 10342 1 0 1 
-8.29733 5.271 0.299774 0 0 0 0.144227 13 10343 1 0 1 
-7.68503 -10.3571 0.33716 0 0 0 0.137109 13 10344 1 0 1 
-13.5812 -0.650848 0.379594 0 0 0 0.12997 13 10345 1 0 1 
-40.3172 7.63404 0.337544 0 0 0 0.139173 13 10346 1 0 1 
-45.4487 11.937 0.335542 0 0 0 0.139977 13 10347 1 0 1 
-16.2919 -22.5224 0.298055 0 0 0 0.145724 13 10348 1 0 1 
15.3916 -3.96717 0.318832 0 0 0 0.140838 13 10349 1 0 1 
-24.2282 19.204 0.308784 0 0 0 0.14237 13 10350 1 0 1 
17.8126 3.05145 0.310259 0 0 0 0.142685 13 10351 1 0 1 
23.6095 8.60349 0.293126 0 0 0 0.145818 13 10352 1 0 1 
-0.424199 -6.72677 0.348979 0 0 0 0.133998 13 10353 1 0 1 
-2.55535 26.5754 0.293431 0 0 0 0.146944 13 10354 1 0 1 
8.55672 9.87948 0.363263 0 0 0 0.133354 13 10355 1 0 1 
22.5901 2.09475 0.335442 0 0 0 0.135682 13 10356 1 0 1 
1.92459 3.83286 0.350154 0 0 0 0.132496 13 10357 1 0 1 
-16.6182 -7.20911 0.292249 0 0 0 0.146243 13 10358 1 0 1 
-7.43962 -9.98335 0.369699 0 0 0 0.13297 13 10359 1 0 1 
16.6693 -25.2284 0.322249 0 0 0 0.141221 13 10360 1 0 1 
-9.86809 34.2023 0.316184 0 0 0 0.142395 13 10361 1 0 1 
-28.9221 -9.4841 0.28627 0 0 0 0.14569 13 10362 1 0 1 
16.3309 -5.25531 0.326274 0 0 0 0.137777 13 10363 1 0 1 
5.73826 -23.414 0.325777 0 0 0 0.13871 13 10364 1 0 1 
8.58419 -13.3716 0.338067 0 0 0 0.135896 13 10365 1 0 1 
13.7296 22.7711 0.326244 0 0 0 0.139096 13 10366 1 0 1 
-3.74271 -5.51676 0.332007 0 0 0 0.136997 13 10367 1 0 1 
-5.27685 8.50504 0.310588 0 0 0 0.141909 13 10368 1 0 1 
-21.2758 0.447998 0.301895 0 0 0 0.143734 13 10369 1 0 1 
26.4062 39.9974 0.317792 0 0 0 0.140541 13 10370 1 0 1 
-10.4424 -21.8003 0.284687 0 0 0 0.146663 13 10371 1 0 1 
3.24903 17.7673 0.353505 0 0 0 0.134318 13 10372 1 0 1 
-19.5608 -22.4238 0.307312 0 0 0 0.14217 13 10373 1 0 1 
-4.48307 4.7409 0.328285 0 0 0 0.138431 13 10374 1 0 1 
20.7278 6.72893 0.305698 0 0 0 0.143089 13 10375 1 0 1 
-10.2108 -5.56228 0.358754 0 0 0 0.133345 13 10376 1 0 1 
1.21421 6.2807 0.315838 0 0 0 0.14209 13 10377 1 0 1 
-9.02596 5.66772 0.330673 0 0 0 0.13651 13 10378 1 0 1 
-0.624853 17.7075 0.328074 0 0 0 0.138223 13 10379 1 0 1 
-17.0876 -7.41528 0.326259 0 0 0 0.138041 13 10380 1 0 1 
3.08681 -3.63697 0.304916 0 0 0 0.14403 13 10381 1 0 1 
33.6537 13.3545 0.348827 0 0 0 0.136956 13 10382 1 0 1 
14.013 3.39627 0.313305 0 0 0 0.143223 13 10383 1 0 1 
-10.3225 14.0166 0.307438 0 0 0 0.14369 13 10384 1 0 1 
4.76029 16.1305 0.295434 0 0 0 0.144754 13 10385 1 0 1 
-8.9251 14.1697 0.283581 0 0 0 0.148279 13 10386 1 0 1 
8.2676 -21.4804 0.340212 0 0 0 0.134077 13 10387 1 0 1 
-12.1896 -10.3527 0.2686 0 0 0 0.1386 13 10388 1 0 1 
27.8397 -11.9684 0.355094 0 0 0 0.134559 13 10389 1 0 1 
-9.62741 17.3882 0.387583 0 0 0 0.129574 13 10390 1 0 1 
2.54199 23.8633 0.317355 0 0 0 0.141144 13 10391 1 0 1 
11.4738 -5.82368 0.3161 0 0 0 0.141192 13 10392 1 0 1 
30.6694 -5.47597 0.353901 0 0 0 0.133849 13 10393 1 0 1 
15.414 5.16634 0.302915 0 0 0 0.144652 13 10394 1 0 1 
17.5998 9.34969 0.31853 0 0 0 0.139995 13 10395 1 0 1 
-7.01466 -8.50429 0.30414 0 0 0 0.144079 13 10396 1 0 1 
10.4715 -1.6571 0.331158 0 0 0 0.136354 13 10397 1 0 1 
7.96234 3.55641 0.306426 0 0 0 0.142484 13 10398 1 0 1 
11.7991 -22.1732 0.28852 0 0 0 0.147189 13 10399 1 0 1 
8.02978 15.5055 0.324095 0 0 0 0.14006 13 10400 1 0 1 
-2.1596 -22.1038 0.314027 0 0 0 0.141909 13 10401 1 0 1 
-3.26459 -13.4797 0.255819 0 0 0 0.157413 13 10402 1 0 1 
2.74522 8.15676 0.358648 0 0 0 0.135779 13 10403 1 0 1 
-0.217911 -5.89672 0.302409 0 0 0 0.143585 13 10404 1 0 1 
-5.38544 14.1416 0.294521 0 0 0 0.145786 13 10405 1 0 1 
30.3205 14.4019 0.341126 0 0 0 0.135735 13 10406 1 0 1 
14.8545 26.6869 0.324772 0 0 0 0.13997 13 10407 1 0 1 
11.9206 2.89564 0.332645 0 0 0 0.138318 13 10408 1 0 1 
-10.9146 -28.3893 0.312955 0 0 0 0.142264 13 10409 1 0 1 
9.32053 -8.81311 0.317389 0 0 0 0.135755 13 10410 1 0 1 
27.0409 27.9664 0.315122 0 0 0 0.141577 13 10411 1 0 1 
0.212306 -34.7229 0.354702 0 0 0 0.134461 13 10412 1 0 1 
13.5909 -0.766074 0.321657 0 0 0 0.138551 13 10413 1 0 1 
-7.28469 31.1658 0.306659 0 0 0 0.140445 13 10414 1 0 1 
11.2114 60.1813 0.344663 0 0 0 0.135886 13 10415 1 0 1 
-3.99048 -0.945409 0.336261 0 0 0 0.137403 13 10416 1 0 1 
2.62526 -12.4112 0.348007 0 0 0 0.13545 13 10417 1 0 1 
6.48445 19.9964 0.340589 0 0 0 0.136278 13 10418 1 0 1 
29.542 26.0964 0.265246 0 0 0 0.152281 13 10419 1 0 1 
6.35404 2.07441 0.31855 0 0 0 0.140974 13 10420 1 0 1 
-5.74022 32.8917 0.317999 0 0 0 0.139987 13 10421 1 0 1 
7.2571 29.6666 0.307319 0 0 0 0.141776 13 10422 1 0 1 
4.66987 4.73312 0.352658 0 0 0 0.135214 13 10423 1 0 1 
24.3926 -10.1198 0.321572 0 0 0 0.141506 13 10424 1 0 1 
-23.4543 8.42644 0.31296 0 0 0 0.142315 13 10425 1 0 1 
-11.024 -1.6584 0.326277 0 0 0 0.138516 13 10426 1 0 1 
-14.563 6.12283 0.287238 0 0 0 0.147712 13 10427 1 0 1 
1.49863 -18.4987 0.386833 0 0 0 0.131481 13 10428 1 0 1 
-11.0082 -2.56196 0.346489 0 0 0 0.135532 13 10429 1 0 1 
-34.5012 -21.032 0.369529 0 0 0 0.131171 13 10430 1 0 1 
11.0583 -6.90969 0.285614 0 0 0 0.14717 13 10431 1 0 1 
-2.62271 -1.95318 0.324332 0 0 0 0.138985 13 10432 1 0 1 
-23.8798 3.6585 0.296107 0 0 0 0.145875 13 10433 1 0 1 
-5.14359 3.16878 0.370404 0 0 0 0.131242 13 10434 1 0 1 
-12.5994 5.91549 0.395315 0 0 0 0.129403 13 10435 1 0 1 
5.10752 13.2616 0.328361 0 0 0 0.13994 13 10436 1 0 1 
-13.9178 -20.7465 0.314992 0 0 0 0.141871 13 10437 1 0 1 
-8.12883 5.68602 0.336824 0 0 0 0.136238 13 10438 1 0 1 
5.53093 -27.8663 0.359291 0 0 0 0.132578 13 10439 1 0 1 
0.212857 4.49777 0.336286 0 0 0 0.138442 13 10440 1 0 1 
41.9293 3.38377 0.287636 0 0 0 0.147168 13 10441 1 0 1 
4.74294 -16.6627 0.330389 0 0 0 0.138303 13 10442 1 0 1 
1.64355 14.3271 0.326954 0 0 0 0.138954 13 10443 1 0 1 
8.87977 15.1266 0.295822 0 0 0 0.145515 13 10444 1 0 1 
-24.762 35.22 0.280737 0 0 0 0.148541 13 10445 1 0 1 
-35.2184 21.2954 0.323838 0 0 0 0.13994 13 10446 1 0 1 
-5.73811 5.69586 0.282271 0 0 0 0.149274 13 10447 1 0 1 
-38.8054 2.59131 0.324859 0 0 0 0.139164 13 10448 1 0 1 
-27.8135 -16.1729 0.347584 0 0 0 0.134662 13 10449 1 0 1 
-9.9022 16.514 0.284009 0 0 0 0.147524 13 10450 1 0 1 
-0.225649 1.1107 0.337676 0 0 0 0.137626 13 10451 1 0 1 
26.8209 24.7094 0.276549 0 0 0 0.146114 13 10452 1 0 1 
-2.40731 -5.15867 0.327831 0 0 0 0.138336 13 10453 1 0 1 
-19.9567 9.13824 0.333139 0 0 0 0.138785 13 10454 1 0 1 
4.65027 -15.0215 0.299718 0 0 0 0.14158 13 10455 1 0 1 
0.00686285 14.9065 0.299742 0 0 0 0.143031 13 10456 1 0 1 
-11.2787 -8.07372 0.32275 0 0 0 0.140093 13 10457 1 0 1 
-18.4093 13.4068 0.353173 0 0 0 0.13435 13 10458 1 0 1 
-24.3523 12.4876 0.315602 0 0 0 0.140328 13 10459 1 0 1 
-0.212071 -8.24436 0.322987 0 0 0 0.139955 13 10460 1 0 1 
-8.47729 9.98845 0.368119 0 0 0 0.132703 13 10461 1 0 1 
-2.73308 -19.0554 0.330464 0 0 0 0.139244 13 10462 1 0 1 
8.42079 -2.76131 0.316171 0 0 0 0.141436 13 10463 1 0 1 
14.0518 9.19916 0.350249 0 0 0 0.133951 13 10464 1 0 1 
15.3383 -7.73318 0.340711 0 0 0 0.135634 13 10465 1 0 1 
-5.14284 6.37618 0.311542 0 0 0 0.141643 13 10466 1 0 1 
8.11056 10.952 0.324872 0 0 0 0.140567 13 10467 1 0 1 
18.9532 7.7269 0.311184 0 0 0 0.14274 13 10468 1 0 1 
9.68898 -2.6999 0.303307 0 0 0 0.145077 13 10469 1 0 1 
-18.4294 -5.50239 0.328815 0 0 0 0.137547 13 10470 1 0 1 
20.33 -22.2634 0.342979 0 0 0 0.137011 13 10471 1 0 1 
-9.05293 -5.38109 0.318865 0 0 0 0.141145 13 10472 1 0 1 
12.1474 0.302211 0.282852 0 0 0 0.148103 13 10473 1 0 1 
16.8683 -6.84814 0.307551 0 0 0 0.140322 13 10474 1 0 1 
-21.1619 1.24623 0.290512 0 0 0 0.146568 13 10475 1 0 1 
-5.70193 18.3393 0.301317 0 0 0 0.140173 13 10476 1 0 1 
-10.5385 2.22812 0.35572 0 0 0 0.133564 13 10477 1 0 1 
8.57074 -13.6059 0.346897 0 0 0 0.131217 13 10478 1 0 1 
31.9731 17.7309 0.346841 0 0 0 0.134197 13 10479 1 0 1 
17.3331 -18.8383 0.2714 0 0 0 0.149787 13 10480 1 0 1 
-5.53028 -7.68621 0.305277 0 0 0 0.141253 13 10481 1 0 1 
4.88322 7.85682 0.331727 0 0 0 0.137455 13 10482 1 0 1 
-12.3751 -1.53498 0.337405 0 0 0 0.137764 13 10483 1 0 1 
16.7258 15.5368 0.364792 0 0 0 0.13293 13 10484 1 0 1 
10.626 -22.022 0.326781 0 0 0 0.139209 13 10485 1 0 1 
-41.5136 5.31961 0.336363 0 0 0 0.134504 13 10486 1 0 1 
6.35799 -9.28169 0.305372 0 0 0 0.144376 13 10487 1 0 1 
4.10692 -21.0805 0.285842 0 0 0 0.148351 13 10488 1 0 1 
-9.30367 -21.7542 0.33719 0 0 0 0.138103 13 10489 1 0 1 
32.3784 -13.2111 0.333716 0 0 0 0.138366 13 10490 1 0 1 
17.4971 5.96436 0.349811 0 0 0 0.135395 13 10491 1 0 1 
13.4293 -0.280299 0.342894 0 0 0 0.136711 13 10492 1 0 1 
-8.19764 21.6651 0.289828 0 0 0 0.145611 13 10493 1 0 1 
15.695 -18.284 0.360454 0 0 0 0.132806 13 10494 1 0 1 
4.80331 -25.2851 0.344441 0 0 0 0.135261 13 10495 1 0 1 
-0.594937 -10.759 0.340381 0 0 0 0.136824 13 10496 1 0 1 
7.30158 10.9703 0.296941 0 0 0 0.14455 13 10497 1 0 1 
6.91177 5.21098 0.371094 0 0 0 0.133337 13 10498 1 0 1 
28.859 -10.9436 0.342725 0 0 0 0.13678 13 10499 1 0 1 
-14.7252 11.1515 0.318905 0 0 0 0.142515 13 10500 1 0 1 
-4.80546 16.74 0.338535 0 0 0 0.138796 13 10501 1 0 1 
-15.5841 -16.0464 0.312992 0 0 0 0.139703 13 10502 1 0 1 
20.106 -10.0402 0.308222 0 0 0 0.139346 13 10503 1 0 1 
4.9273 -9.7976 0.313734 0 0 0 0.141882 13 10504 1 0 1 
13.7032 -6.87991 0.294978 0 0 0 0.144683 13 10505 1 0 1 
11.4436 -33.9888 0.294656 0 0 0 0.145217 13 10506 1 0 1 
-6.1179 1.01181 0.296148 0 0 0 0.145611 13 10507 1 0 1 
3.72801 -0.793422 0.334017 0 0 0 0.137449 13 10508 1 0 1 
-16.8824 -8.14602 0.326967 0 0 0 0.140147 13 10509 1 0 1 
0.0801053 -13.3339 0.292774 0 0 0 0.146003 13 10510 1 0 1 
10.9439 -19.4028 0.347763 0 0 0 0.13484 13 10511 1 0 1 
6.53989 -5.39675 0.340918 0 0 0 0.13528 13 10512 1 0 1 
4.9773 -25.8412 0.32545 0 0 0 0.14168 13 10513 1 0 1 
1.0995 -17.1712 0.32882 0 0 0 0.136734 13 10514 1 0 1 
-11.1833 3.66042 0.340066 0 0 0 0.136534 13 10515 1 0 1 
8.35029 8.73573 0.281084 0 0 0 0.147893 13 10516 1 0 1 
-16.4758 5.14359 0.277262 0 0 0 0.135341 13 10517 1 0 1 
0.392098 2.64848 0.298897 0 0 0 0.144157 13 10518 1 0 1 
-11.75 4.77985 0.312446 0 0 0 0.142333 13 10519 1 0 1 
3.87553 20.2985 0.342896 0 0 0 0.13616 13 10520 1 0 1 
21.0829 -32.4728 0.330501 0 0 0 0.138254 13 10521 1 0 1 
-18.831 16.9375 0.356974 0 0 0 0.131958 13 10522 1 0 1 
-34.2501 -16.9568 0.330825 0 0 0 0.139009 13 10523 1 0 1 
-3.92932 31.5929 0.297452 0 0 0 0.146171 13 10524 1 0 1 
-6.70032 -10.4148 0.310261 0 0 0 0.140892 13 10525 1 0 1 
20.5446 -1.29267 0.289081 0 0 0 0.147073 13 10526 1 0 1 
-19.0199 14.4822 0.349397 0 0 0 0.134949 13 10527 1 0 1 
11.1648 -33.6887 0.388785 0 0 0 0.128911 13 10528 1 0 1 
25.7169 4.25144 0.349155 0 0 0 0.135355 13 10529 1 0 1 
1.81793 -7.90037 0.352931 0 0 0 0.133143 13 10530 1 0 1 
0.360272 15.3591 0.35474 0 0 0 0.133437 13 10531 1 0 1 
13.2121 5.28131 0.341101 0 0 0 0.135929 13 10532 1 0 1 
13.601 -7.5972 0.354268 0 0 0 0.133374 13 10533 1 0 1 
-6.26738 -16.0606 0.315411 0 0 0 0.141607 13 10534 1 0 1 
-24.0879 7.60411 0.308956 0 0 0 0.141037 13 10535 1 0 1 
14.0708 10.6139 0.308007 0 0 0 0.141796 13 10536 1 0 1 
24.2346 -4.54884 0.336333 0 0 0 0.135695 13 10537 1 0 1 
-12.5635 2.93308 0.31714 0 0 0 0.140631 13 10538 1 0 1 
-19.4017 -4.42202 0.327699 0 0 0 0.139447 13 10539 1 0 1 
18.144 -19.2344 0.350129 0 0 0 0.135956 13 10540 1 0 1 
-2.97666 6.03246 0.353225 0 0 0 0.133963 13 10541 1 0 1 
-13.0661 16.2782 0.335899 0 0 0 0.136316 13 10542 1 0 1 
4.31538 36.9548 0.325646 0 0 0 0.1392 13 10543 1 0 1 
8.94886 -19.7917 0.331629 0 0 0 0.138202 13 10544 1 0 1 
-19.7559 -1.40579 0.298363 0 0 0 0.142698 13 10545 1 0 1 
-11.7366 0.210027 0.375808 0 0 0 0.13184 13 10546 1 0 1 
25.7069 -21.6183 0.298028 0 0 0 0.145286 13 10547 1 0 1 
-4.49895 1.41804 0.336485 0 0 0 0.137315 13 10548 1 0 1 
-28.2079 5.41825 0.330743 0 0 0 0.137124 13 10549 1 0 1 
24.1975 15.2282 0.346363 0 0 0 0.134028 13 10550 1 0 1 
-5.31269 -23.5901 0.311663 0 0 0 0.142469 13 10551 1 0 1 
-6.38172 -7.75539 0.303772 0 0 0 0.144202 13 10552 1 0 1 
-4.53414 0.735794 0.28858 0 0 0 0.147967 13 10553 1 0 1 
2.36928 11.3799 0.316143 0 0 0 0.142608 13 10554 1 0 1 
11.356 -26.3129 0.313136 0 0 0 0.141167 13 10555 1 0 1 
-1.94383 2.21813 0.280529 0 0 0 0.148453 13 10556 1 0 1 
-17.9338 -9.50927 0.352125 0 0 0 0.134112 13 10557 1 0 1 
-25.9037 12.217 0.316334 0 0 0 0.141052 13 10558 1 0 1 
-2.13344 3.69571 0.342202 0 0 0 0.136097 13 10559 1 0 1 
-17.3645 8.11619 0.299338 0 0 0 0.141401 13 10560 1 0 1 
10.6472 13.7924 0.304594 0 0 0 0.142594 13 10561 1 0 1 
34.9416 -3.82872 0.34839 0 0 0 0.133176 13 10562 1 0 1 
-42.6078 0.466903 0.39722 0 0 0 0.129318 13 10563 1 0 1 
0.548358 -3.30457 0.24017 0 0 0 0.139265 13 10564 1 0 1 
-21.1179 17.5278 0.347239 0 0 0 0.134043 13 10565 1 0 1 
7.35535 -35.641 0.320726 0 0 0 0.139761 13 10566 1 0 1 
8.06249 0.523896 0.317203 0 0 0 0.141729 13 10567 1 0 1 
-16.2767 -0.441452 0.316707 0 0 0 0.141106 13 10568 1 0 1 
-6.06223 19.4049 0.317906 0 0 0 0.138991 13 10569 1 0 1 
18.6607 4.58766 0.332126 0 0 0 0.138499 13 10570 1 0 1 
-6.61158 11.038 0.322364 0 0 0 0.140072 13 10571 1 0 1 
13.1041 -2.31169 0.337819 0 0 0 0.138943 13 10572 1 0 1 
-18.8807 18.214 0.291698 0 0 0 0.14633 13 10573 1 0 1 
27.8569 -11.2363 0.307038 0 0 0 0.141488 13 10574 1 0 1 
14.5457 -5.79598 0.270689 0 0 0 0.147082 13 10575 1 0 1 
-11.8403 -7.45921 0.297458 0 0 0 0.145926 13 10576 1 0 1 
-11.3513 5.3467 0.308484 0 0 0 0.143948 13 10577 1 0 1 
-38.8624 -14.3048 0.347962 0 0 0 0.136274 13 10578 1 0 1 
12.8167 -3.79251 0.314486 0 0 0 0.14241 13 10579 1 0 1 
-9.78933 -3.58934 0.317385 0 0 0 0.141732 13 10580 1 0 1 
7.91853 5.47066 0.301181 0 0 0 0.144813 13 10581 1 0 1 
-3.37473 1.22184 0.355749 0 0 0 0.133735 13 10582 1 0 1 
6.87276 -0.490836 0.327175 0 0 0 0.137063 13 10583 1 0 1 
-3.67531 -3.37405 0.292711 0 0 0 0.145653 13 10584 1 0 1 
-28.6977 1.10739 0.308859 0 0 0 0.143093 13 10585 1 0 1 
-7.27431 4.28352 0.36934 0 0 0 0.131009 13 10586 1 0 1 
-25.7635 -27.9117 0.323047 0 0 0 0.139507 13 10587 1 0 1 
9.94624 21.1723 0.31599 0 0 0 0.139592 13 10588 1 0 1 
13.3342 6.59001 0.251224 0 0 0 0.156628 13 10589 1 0 1 
-0.107613 -4.75593 0.33534 0 0 0 0.137681 13 10590 1 0 1 
2.66285 11.5743 0.300996 0 0 0 0.142579 13 10591 1 0 1 
10.8228 11.3553 0.302885 0 0 0 0.143743 13 10592 1 0 1 
49.5065 -8.97153 0.289888 0 0 0 0.14624 13 10593 1 0 1 
-3.57579 15.1744 0.344729 0 0 0 0.136086 13 10594 1 0 1 
-22.2608 13.0908 0.324063 0 0 0 0.135298 13 10595 1 0 1 
30.5133 16.4929 0.326363 0 0 0 0.139785 13 10596 1 0 1 
16.1671 -19.1709 0.309473 0 0 0 0.140629 13 10597 1 0 1 
-33.5553 -4.09281 0.330612 0 0 0 0.137779 13 10598 1 0 1 
0.403061 -24.8511 0.328583 0 0 0 0.136359 13 10599 1 0 1 
5.21469 11.202 0.336232 0 0 0 0.137779 13 10600 1 0 1 
8.61316 1.93998 0.340961 0 0 0 0.135764 13 10601 1 0 1 
-27.3367 -7.706 0.329555 0 0 0 0.138913 13 10602 1 0 1 
-5.50088 -15.1229 0.345561 0 0 0 0.134072 13 10603 1 0 1 
17.8203 -1.3243 0.330424 0 0 0 0.138373 13 10604 1 0 1 
13.8627 -16.9402 0.340384 0 0 0 0.136145 13 10605 1 0 1 
-8.52025 -0.143722 0.364415 0 0 0 0.132289 13 10606 1 0 1 
-6.92527 13.5342 0.340285 0 0 0 0.138274 13 10607 1 0 1 
8.87866 0.302859 0.353568 0 0 0 0.134646 13 10608 1 0 1 
-7.45861 27.4086 0.343239 0 0 0 0.135609 13 10609 1 0 1 
9.69675 8.25665 0.305859 0 0 0 0.143917 13 10610 1 0 1 
6.69039 17.112 0.321518 0 0 0 0.139813 13 10611 1 0 1 
-4.10216 -23.1939 0.3109 0 0 0 0.140973 13 10612 1 0 1 
7.18053 18.0376 0.329542 0 0 0 0.139804 13 10613 1 0 1 
1.69949 -37.0291 0.31805 0 0 0 0.142241 13 10614 1 0 1 
-4.45164 -12.2451 0.344925 0 0 0 0.137419 13 10615 1 0 1 
9.08695 -25.4077 0.320681 0 0 0 0.140604 13 10616 1 0 1 
-11.0566 -0.431099 0.280019 0 0 0 0.148392 13 10617 1 0 1 
-1.42602 23.6416 0.339139 0 0 0 0.136897 13 10618 1 0 1 
0.030592 -20.5129 0.344912 0 0 0 0.134723 13 10619 1 0 1 
8.2445 -7.95191 0.342851 0 0 0 0.135486 13 10620 1 0 1 
12.9302 29.6044 0.329012 0 0 0 0.138937 13 10621 1 0 1 
1.07855 10.8333 0.234884 0 0 0 0.143563 13 10622 1 0 1 
18.3101 -2.12947 0.369042 0 0 0 0.130355 13 10623 1 0 1 
-14.773 18.1056 0.344745 0 0 0 0.133682 13 10624 1 0 1 
-5.69242 -19.3252 0.367007 0 0 0 0.132007 13 10625 1 0 1 
8.59537 17.7935 0.300417 0 0 0 0.1449 13 10626 1 0 1 
14.4137 -0.748464 0.330552 0 0 0 0.138354 13 10627 1 0 1 
-2.31966 -9.35865 0.349924 0 0 0 0.134135 13 10628 1 0 1 
-8.06353 -7.60965 0.292637 0 0 0 0.145107 13 10629 1 0 1 
6.65485 2.4616 0.355032 0 0 0 0.133258 13 10630 1 0 1 
10.2567 -0.958677 0.330973 0 0 0 0.137621 13 10631 1 0 1 
20.0259 8.29251 0.332695 0 0 0 0.138332 13 10632 1 0 1 
-11.509 -4.45689 0.34491 0 0 0 0.134341 13 10633 1 0 1 
-19.9635 -15.1396 0.312882 0 0 0 0.138293 13 10634 1 0 1 
7.83475 -0.227516 0.315605 0 0 0 0.141476 13 10635 1 0 1 
-11.4674 -6.82508 0.297232 0 0 0 0.145387 13 10636 1 0 1 
-8.48121 -18.3059 0.299913 0 0 0 0.144395 13 10637 1 0 1 
11.5601 -24.807 0.304586 0 0 0 0.143624 13 10638 1 0 1 
7.2479 -12.2985 0.296949 0 0 0 0.146394 13 10639 1 0 1 
-17.9026 12.3479 0.339731 0 0 0 0.137483 13 10640 1 0 1 
3.35441 3.24932 0.323312 0 0 0 0.138982 13 10641 1 0 1 
17.7722 -17.4041 0.258653 0 0 0 0.154403 13 10642 1 0 1 
-2.26402 -4.56456 0.311585 0 0 0 0.142504 13 10643 1 0 1 
-23.6087 22.7943 0.330113 0 0 0 0.137188 13 10644 1 0 1 
-4.99886 32.1829 0.332108 0 0 0 0.135836 13 10645 1 0 1 
18.2508 -6.7729 0.427327 0 0 0 0.126815 13 10646 1 0 1 
1.7727 13.3918 0.306116 0 0 0 0.142746 13 10647 1 0 1 
-10.6016 -47.6129 0.317445 0 0 0 0.14143 13 10648 1 0 1 
15.7116 -8.67394 0.344288 0 0 0 0.136033 13 10649 1 0 1 
-10.1327 2.71208 0.343119 0 0 0 0.136001 13 10650 1 0 1 
1.26081 3.33407 0.306933 0 0 0 0.144784 13 10651 1 0 1 
-2.33858 -11.8869 0.341353 0 0 0 0.137141 13 10652 1 0 1 
-4.05839 -22.3077 0.331636 0 0 0 0.138267 13 10653 1 0 1 
0.0603341 5.86185 0.31472 0 0 0 0.140697 13 10654 1 0 1 
9.29387 -19.9234 0.28157 0 0 0 0.145784 13 10655 1 0 1 
4.89484 3.7362 0.363626 0 0 0 0.13224 13 10656 1 0 1 
9.32646 -19.9925 0.303966 0 0 0 0.143343 13 10657 1 0 1 
3.58961 -12.092 0.344908 0 0 0 0.135373 13 10658 1 0 1 
-14.6719 18.7573 0.380604 0 0 0 0.12921 13 10659 1 0 1 
-5.19908 -5.70761 0.261886 0 0 0 0.154438 13 10660 1 0 1 
6.01512 -22.756 0.331187 0 0 0 0.138308 13 10661 1 0 1 
-15.138 15.9735 0.318046 0 0 0 0.140564 13 10662 1 0 1 
-7.44131 30.0678 0.32198 0 0 0 0.139157 13 10663 1 0 1 
36.2895 23.4846 0.336097 0 0 0 0.138023 13 10664 1 0 1 
-0.55066 2.21851 0.330259 0 0 0 0.139129 13 10665 1 0 1 
-14.5665 20.4386 0.300285 0 0 0 0.144269 13 10666 1 0 1 
-4.45391 -10.0262 0.29901 0 0 0 0.143827 13 10667 1 0 1 
24.1731 -17.5681 0.349442 0 0 0 0.133994 13 10668 1 0 1 
-1.80715 8.92869 0.307717 0 0 0 0.14423 13 10669 1 0 1 
9.11591 -4.53325 0.319474 0 0 0 0.140934 13 10670 1 0 1 
8.72936 13.0934 0.317436 0 0 0 0.141471 13 10671 1 0 1 
11.391 15.2705 0.335191 0 0 0 0.13715 13 10672 1 0 1 
11.3946 -15.7353 0.362142 0 0 0 0.134362 13 10673 1 0 1 
-12.1261 27.3887 0.265861 0 0 0 0.15183 13 10674 1 0 1 
2.78503 3.11824 0.331011 0 0 0 0.137315 13 10675 1 0 1 
4.15764 1.69143 0.31381 0 0 0 0.139378 13 10676 1 0 1 
-1.62475 14.62 0.329666 0 0 0 0.139485 13 10677 1 0 1 
-8.14021 32.2948 0.320768 0 0 0 0.140936 13 10678 1 0 1 
-2.09926 4.31982 0.34804 0 0 0 0.136056 13 10679 1 0 1 
7.16478 13.156 0.306102 0 0 0 0.143742 13 10680 1 0 1 
-16.498 17.7939 0.333213 0 0 0 0.138582 13 10681 1 0 1 
-14.0627 -5.10988 0.342618 0 0 0 0.137128 13 10682 1 0 1 
-7.08353 -7.63123 0.303552 0 0 0 0.142769 13 10683 1 0 1 
-12.1457 21.9008 0.315654 0 0 0 0.14022 13 10684 1 0 1 
-12.6889 19.9205 0.369145 0 0 0 0.132785 13 10685 1 0 1 
-26.4 -40.1452 0.367984 0 0 0 0.129904 13 10686 1 0 1 
15.5333 11.9294 0.361548 0 0 0 0.131911 13 10687 1 0 1 
-10.4609 4.00549 0.306022 0 0 0 0.142929 13 10688 1 0 1 
0.687984 20.3264 0.33754 0 0 0 0.135108 13 10689 1 0 1 
-31.6941 -23.2438 0.3376 0 0 0 0.138855 13 10690 1 0 1 
12.4828 7.74206 0.289292 0 0 0 0.145306 13 10691 1 0 1 
1.80533 -10.7658 0.349746 0 0 0 0.133153 13 10692 1 0 1 
-3.11378 -3.56837 0.315417 0 0 0 0.141823 13 10693 1 0 1 
6.16299 -22.8495 0.325358 0 0 0 0.138879 13 10694 1 0 1 
28.7742 -17.8165 0.362044 0 0 0 0.131874 13 10695 1 0 1 
-13.3929 11.4508 0.338538 0 0 0 0.137317 13 10696 1 0 1 
6.34202 16.0531 0.326326 0 0 0 0.137664 13 10697 1 0 1 
14.2311 14.1009 0.326038 0 0 0 0.140016 13 10698 1 0 1 
-0.17216 8.51104 0.30581 0 0 0 0.143406 13 10699 1 0 1 
0.480693 8.92826 0.326805 0 0 0 0.140007 13 10700 1 0 1 
-6.96634 -0.484465 0.291458 0 0 0 0.147454 13 10701 1 0 1 
20.1666 20.4192 0.345937 0 0 0 0.134925 13 10702 1 0 1 
29.6859 5.19467 0.367358 0 0 0 0.130661 13 10703 1 0 1 
-12.4468 -2.53668 0.353918 0 0 0 0.134202 13 10704 1 0 1 
12.6719 -30.0252 0.356281 0 0 0 0.132499 13 10705 1 0 1 
1.49861 22.3617 0.334017 0 0 0 0.136268 13 10706 1 0 1 
2.51602 7.63013 0.30955 0 0 0 0.142478 13 10707 1 0 1 
2.54805 -4.14462 0.292618 0 0 0 0.145928 13 10708 1 0 1 
18.5641 -15.4823 0.299826 0 0 0 0.144831 13 10709 1 0 1 
24.3433 9.64371 0.358858 0 0 0 0.131695 13 10710 1 0 1 
1.60342 19.3157 0.326673 0 0 0 0.137635 13 10711 1 0 1 
27.1964 -17.8694 0.35502 0 0 0 0.133414 13 10712 1 0 1 
-10.8665 5.65224 0.363938 0 0 0 0.131845 13 10713 1 0 1 
8.17052 19.1016 0.34296 0 0 0 0.135688 13 10714 1 0 1 
2.18759 -5.35316 0.311709 0 0 0 0.141985 13 10715 1 0 1 
-40.1509 -8.8312 0.341872 0 0 0 0.135631 13 10716 1 0 1 
12.4454 -20.0731 0.330995 0 0 0 0.138953 13 10717 1 0 1 
-12.3033 17.1735 0.290617 0 0 0 0.145567 13 10718 1 0 1 
4.54969 11.6475 0.343319 0 0 0 0.135575 13 10719 1 0 1 
-6.26316 -10.2289 0.329087 0 0 0 0.134365 13 10720 1 0 1 
-9.96379 3.51652 0.346742 0 0 0 0.134974 13 10721 1 0 1 
-2.89681 16.2595 0.291037 0 0 0 0.146064 13 10722 1 0 1 
-13.9874 -0.352713 0.351034 0 0 0 0.134973 13 10723 1 0 1 
-4.786 -15.3668 0.343833 0 0 0 0.13535 13 10724 1 0 1 
-15.9285 -20.2249 0.341233 0 0 0 0.136813 13 10725 1 0 1 
6.31497 -7.17437 0.341052 0 0 0 0.136462 13 10726 1 0 1 
6.20893 7.64028 0.343578 0 0 0 0.134999 13 10727 1 0 1 
22.1159 3.22389 0.358314 0 0 0 0.134428 13 10728 1 0 1 
-9.5211 2.0039 0.384327 0 0 0 0.130768 13 10729 1 0 1 
2.4522 7.3967 0.305254 0 0 0 0.144228 13 10730 1 0 1 
-41.7637 16.4311 0.283849 0 0 0 0.147479 13 10731 1 0 1 
16.6498 2.41886 0.330625 0 0 0 0.138917 13 10732 1 0 1 
13.6406 -9.21992 0.350698 0 0 0 0.133873 13 10733 1 0 1 
10.8114 8.98909 0.322114 0 0 0 0.140926 13 10734 1 0 1 
-8.46207 -5.06336 0.312262 0 0 0 0.141762 13 10735 1 0 1 
-12.5391 -11.6991 0.344134 0 0 0 0.135405 13 10736 1 0 1 
-17.6172 -3.6182 0.303994 0 0 0 0.142049 13 10737 1 0 1 
6.64383 19.7114 0.322563 0 0 0 0.133212 13 10738 1 0 1 
25.1045 22.4283 0.330236 0 0 0 0.137983 13 10739 1 0 1 
12.4384 13.6233 0.349815 0 0 0 0.134438 13 10740 1 0 1 
-15.2726 -0.0850724 0.303591 0 0 0 0.141284 13 10741 1 0 1 
-2.98729 6.91464 0.334417 0 0 0 0.137161 13 10742 1 0 1 
-18.4819 -2.99752 0.330954 0 0 0 0.140054 13 10743 1 0 1 
9.17335 -15.4589 0.333543 0 0 0 0.13738 13 10744 1 0 1 
-19.6487 5.39534 0.309587 0 0 0 0.142791 13 10745 1 0 1 
1.91484 20.3164 0.332503 0 0 0 0.135374 13 10746 1 0 1 
-0.241941 6.70128 0.292188 0 0 0 0.145803 13 10747 1 0 1 
7.7239 -15.7906 0.303484 0 0 0 0.144488 13 10748 1 0 1 
4.39478 -3.65715 0.238817 0 0 0 0.134978 13 10749 1 0 1 
-14.5167 36.5062 0.331261 0 0 0 0.138454 13 10750 1 0 1 
4.89402 -20.7873 0.308942 0 0 0 0.143397 13 10751 1 0 1 
-2.43672 11.3296 0.298004 0 0 0 0.143151 13 10752 1 0 1 
4.5064 14.2292 0.330832 0 0 0 0.139496 13 10753 1 0 1 
16.4285 -21.354 0.331155 0 0 0 0.139008 13 10754 1 0 1 
-2.60837 -29.0305 0.340107 0 0 0 0.134727 13 10755 1 0 1 
-6.38914 -0.415355 0.352697 0 0 0 0.134327 13 10756 1 0 1 
-17.1922 -5.78939 0.308411 0 0 0 0.143868 13 10757 1 0 1 
20.4204 -8.89798 0.306251 0 0 0 0.14352 13 10758 1 0 1 
22.6323 2.87521 0.380284 0 0 0 0.132087 13 10759 1 0 1 
-16.9906 8.46762 0.337386 0 0 0 0.137151 13 10760 1 0 1 
-21.8982 29.9166 0.331357 0 0 0 0.138468 13 10761 1 0 1 
0.950775 -30.1363 0.33609 0 0 0 0.138107 13 10762 1 0 1 
-1.26383 3.17342 0.328041 0 0 0 0.13927 13 10763 1 0 1 
-16.4391 -32.1461 0.35956 0 0 0 0.133123 13 10764 1 0 1 
8.06641 10.9128 0.29987 0 0 0 0.14404 13 10765 1 0 1 
-13.1189 -16.4396 0.326272 0 0 0 0.140003 13 10766 1 0 1 
5.08184 1.34054 0.342977 0 0 0 0.134974 13 10767 1 0 1 
0.854396 22.3467 0.327067 0 0 0 0.139625 13 10768 1 0 1 
12.6343 -21.4277 0.33964 0 0 0 0.137134 13 10769 1 0 1 
34.0484 4.65893 0.338749 0 0 0 0.133735 13 10770 1 0 1 
3.63927 -2.65002 0.33984 0 0 0 0.136986 13 10771 1 0 1 
1.29634 21.5354 0.287764 0 0 0 0.147285 13 10772 1 0 1 
-2.15837 -7.27374 0.367055 0 0 0 0.130244 13 10773 1 0 1 
11.9615 -5.20248 0.332175 0 0 0 0.139008 13 10774 1 0 1 
-14.3592 26.2455 0.31222 0 0 0 0.138539 13 10775 1 0 1 
-18.3988 -3.71264 0.285955 0 0 0 0.144555 13 10776 1 0 1 
-4.7235 2.24933 0.318231 0 0 0 0.139529 13 10777 1 0 1 
-5.79278 -16.8272 0.350875 0 0 0 0.134132 13 10778 1 0 1 
-19.0544 6.25227 0.280032 0 0 0 0.148136 13 10779 1 0 1 
17.3747 9.72484 0.348264 0 0 0 0.134872 13 10780 1 0 1 
-9.02136 9.8766 0.271988 0 0 0 0.151308 13 10781 1 0 1 
24.6382 -3.60027 0.285102 0 0 0 0.146746 13 10782 1 0 1 
8.62114 -3.51775 0.351386 0 0 0 0.136004 13 10783 1 0 1 
-16.2023 -9.93997 0.326214 0 0 0 0.138954 13 10784 1 0 1 
-13.8568 6.57372 0.340557 0 0 0 0.136886 13 10785 1 0 1 
1.42744 9.54109 0.34299 0 0 0 0.13612 13 10786 1 0 1 
2.21167 -4.18193 0.325309 0 0 0 0.138386 13 10787 1 0 1 
-13.1378 -11.0484 0.340585 0 0 0 0.137021 13 10788 1 0 1 
6.72832 -40.3128 0.358096 0 0 0 0.131506 13 10789 1 0 1 
2.83795 13.4408 0.333076 0 0 0 0.138663 13 10790 1 0 1 
2.03723 2.06209 0.302905 0 0 0 0.137399 13 10791 1 0 1 
-4.90682 -18.0743 0.306857 0 0 0 0.144013 13 10792 1 0 1 
-9.96366 -6.67428 0.300132 0 0 0 0.145996 13 10793 1 0 1 
4.68374 0.321788 0.324951 0 0 0 0.140004 13 10794 1 0 1 
40.4711 -10.2525 0.272148 0 0 0 0.151199 13 10795 1 0 1 
2.05125 -19.4611 0.289965 0 0 0 0.146433 13 10796 1 0 1 
-2.06045 -4.17634 0.299154 0 0 0 0.145434 13 10797 1 0 1 
5.68196 20.805 0.337744 0 0 0 0.138135 13 10798 1 0 1 
5.57656 10.2973 0.322566 0 0 0 0.140325 13 10799 1 0 1 
20.7426 -12.885 0.394329 0 0 0 0.128218 13 10800 1 0 1 
-22.0683 7.97603 0.328701 0 0 0 0.139637 13 10801 1 0 1 
-2.62458 -1.28194 0.387598 0 0 0 0.12907 13 10802 1 0 1 
-6.81062 -12.9264 0.31963 0 0 0 0.139235 13 10803 1 0 1 
14.6067 -12.9684 0.3333 0 0 0 0.137375 13 10804 1 0 1 
-2.37949 -14.2389 0.303123 0 0 0 0.145619 13 10805 1 0 1 
8.21873 25.1623 0.292704 0 0 0 0.145835 13 10806 1 0 1 
4.3112 2.03814 0.319397 0 0 0 0.140562 13 10807 1 0 1 
-15.9362 8.27875 0.310666 0 0 0 0.143625 13 10808 1 0 1 
5.27351 -5.5085 0.34921 0 0 0 0.13238 13 10809 1 0 1 
-19.0013 -12.5021 0.300535 0 0 0 0.143568 13 10810 1 0 1 
-5.27035 -12.4175 0.319903 0 0 0 0.139623 13 10811 1 0 1 
11.6609 -3.32833 0.316266 0 0 0 0.139563 13 10812 1 0 1 
3.21086 8.84748 0.314987 0 0 0 0.143239 13 10813 1 0 1 
12.8741 11.5958 0.343103 0 0 0 0.135143 13 10814 1 0 1 
13.518 2.33424 0.339542 0 0 0 0.13429 13 10815 1 0 1 
-14.9113 -23.932 0.329059 0 0 0 0.140107 13 10816 1 0 1 
8.0611 26.2686 0.315676 0 0 0 0.138422 13 10817 1 0 1 
1.22552 1.16541 0.334019 0 0 0 0.13748 13 10818 1 0 1 
-2.21591 6.61793 0.3361 0 0 0 0.136871 13 10819 1 0 1 
26.1551 -11.9215 0.294954 0 0 0 0.144594 13 10820 1 0 1 
7.67498 17.1783 0.323006 0 0 0 0.133116 13 10821 1 0 1 
-12.4047 -20.4225 0.277522 0 0 0 0.148291 13 10822 1 0 1 
11.5233 -15.2329 0.317314 0 0 0 0.139998 13 10823 1 0 1 
2.81606 9.83083 0.303403 0 0 0 0.144316 13 10824 1 0 1 
-38.9579 8.69342 0.362363 0 0 0 0.132445 13 10825 1 0 1 
-13.5855 -4.90326 0.308402 0 0 0 0.14262 13 10826 1 0 1 
0.478586 -10.4073 0.296328 0 0 0 0.14529 13 10827 1 0 1 
3.53593 26.5344 0.298555 0 0 0 0.146742 13 10828 1 0 1 
7.97179 11.6933 0.308999 0 0 0 0.141421 13 10829 1 0 1 
14.5992 9.68931 0.347665 0 0 0 0.135363 13 10830 1 0 1 
-1.11374 -9.32334 0.32674 0 0 0 0.141001 13 10831 1 0 1 
-20.8715 18.6264 0.316538 0 0 0 0.141593 13 10832 1 0 1 
17.8189 24.2383 0.323826 0 0 0 0.140296 13 10833 1 0 1 
10.3913 21.4531 0.329584 0 0 0 0.136346 13 10834 1 0 1 
11.1212 -8.10619 0.324405 0 0 0 0.139658 13 10835 1 0 1 
1.34524 2.7677 0.300727 0 0 0 0.145207 13 10836 1 0 1 
-15.7067 -18.207 0.31223 0 0 0 0.141248 13 10837 1 0 1 
8.51816 -3.56587 0.266908 0 0 0 0.152426 13 10838 1 0 1 
6.96887 -3.7892 0.334684 0 0 0 0.137474 13 10839 1 0 1 
6.84163 25.465 0.32051 0 0 0 0.139576 13 10840 1 0 1 
7.76926 6.34396 0.313039 0 0 0 0.141998 13 10841 1 0 1 
-8.68467 -31.3031 0.340936 0 0 0 0.13747 13 10842 1 0 1 
-33.0724 1.7523 0.255221 0 0 0 0.142598 13 10843 1 0 1 
10.1553 -19.9509 0.401567 0 0 0 0.127424 13 10844 1 0 1 
-2.42807 22.2046 0.420775 0 0 0 0.126665 13 10845 1 0 1 
-2.27191 -12.9142 0.323829 0 0 0 0.138536 13 10846 1 0 1 
-27.4884 10.746 0.352553 0 0 0 0.134321 13 10847 1 0 1 
12.1257 15.8557 0.331957 0 0 0 0.137473 13 10848 1 0 1 
3.69272 -30.3569 0.353216 0 0 0 0.136499 13 10849 1 0 1 
-0.408338 -18.7423 0.322465 0 0 0 0.139386 13 10850 1 0 1 
1.50583 8.17676 0.306328 0 0 0 0.144232 13 10851 1 0 1 
4.76697 4.6777 0.335923 0 0 0 0.136663 13 10852 1 0 1 
20.3987 9.37778 0.293153 0 0 0 0.146451 13 10853 1 0 1 
-10.6082 26.8444 0.325608 0 0 0 0.139571 13 10854 1 0 1 
13.4688 -9.15287 0.329664 0 0 0 0.137336 13 10855 1 0 1 
-21.375 -0.294935 0.342004 0 0 0 0.137856 13 10856 1 0 1 
-16.2696 2.15543 0.298525 0 0 0 0.143722 13 10857 1 0 1 
10.1646 0.277911 0.312456 0 0 0 0.141492 13 10858 1 0 1 
2.1845 -17.5627 0.34569 0 0 0 0.135156 13 10859 1 0 1 
15.4484 11.4649 0.338635 0 0 0 0.135754 13 10860 1 0 1 
4.46982 -1.86478 0.293806 0 0 0 0.145588 13 10861 1 0 1 
2.55816 -12.1133 0.308929 0 0 0 0.14265 13 10862 1 0 1 
7.77141 12.2189 0.361394 0 0 0 0.132928 13 10863 1 0 1 
37.7793 -1.15875 0.29361 0 0 0 0.146042 13 10864 1 0 1 
3.1957 11.424 0.309927 0 0 0 0.140196 13 10865 1 0 1 
1.0415 -5.36943 0.284748 0 0 0 0.144925 13 10866 1 0 1 
-33.4556 20.3418 0.279631 0 0 0 0.144726 13 10867 1 0 1 
-6.52461 -12.6828 0.300018 0 0 0 0.145816 13 10868 1 0 1 
17.0137 -0.659667 0.328429 0 0 0 0.13893 13 10869 1 0 1 
-2.1234 -6.23063 0.340325 0 0 0 0.137553 13 10870 1 0 1 
1.38229 -29.3846 0.39151 0 0 0 0.128936 13 10871 1 0 1 
8.55656 -2.89529 0.304613 0 0 0 0.144434 13 10872 1 0 1 
20.2845 -4.94952 0.332585 0 0 0 0.137051 13 10873 1 0 1 
-9.37704 -9.73014 0.297534 0 0 0 0.145707 13 10874 1 0 1 
-17.1863 -25.7884 0.3084 0 0 0 0.142733 13 10875 1 0 1 
0.56403 9.54524 0.348571 0 0 0 0.136032 13 10876 1 0 1 
11.5392 -16.7754 0.338862 0 0 0 0.136088 13 10877 1 0 1 
20.6808 13.302 0.332281 0 0 0 0.138348 13 10878 1 0 1 
39.8972 13.4701 0.340552 0 0 0 0.135532 13 10879 1 0 1 
8.52106 2.68553 0.306593 0 0 0 0.143444 13 10880 1 0 1 
-24.9479 -15.5155 0.28621 0 0 0 0.146909 13 10881 1 0 1 
36.7213 9.48717 0.328904 0 0 0 0.139394 13 10882 1 0 1 
0.793477 12.6304 0.26492 0 0 0 0.151003 13 10883 1 0 1 
1.01168 2.28285 0.329338 0 0 0 0.137274 13 10884 1 0 1 
-16.562 8.10328 0.328439 0 0 0 0.138428 13 10885 1 0 1 
24.0369 9.12204 0.37082 0 0 0 0.132781 13 10886 1 0 1 
1.90421 -14.2171 0.315578 0 0 0 0.140826 13 10887 1 0 1 
-7.74869 27.1095 0.321344 0 0 0 0.142779 13 10888 1 0 1 
-6.6472 16.1226 0.320129 0 0 0 0.141423 13 10889 1 0 1 
-7.07052 -11.5847 0.300342 0 0 0 0.145569 13 10890 1 0 1 
-14.3953 14.3949 0.297208 0 0 0 0.145431 13 10891 1 0 1 
-30.1134 1.20165 0.360565 0 0 0 0.133132 13 10892 1 0 1 
-40.2441 -9.61808 0.310461 0 0 0 0.143337 13 10893 1 0 1 
14.8749 4.90324 0.306006 0 0 0 0.143256 13 10894 1 0 1 
1.41802 9.74717 0.322239 0 0 0 0.14086 13 10895 1 0 1 
0.0297323 -13.1589 0.254315 0 0 0 0.156067 13 10896 1 0 1 
-24.018 -45.3394 0.307755 0 0 0 0.144024 13 10897 1 0 1 
-2.05193 -17.6591 0.300373 0 0 0 0.143303 13 10898 1 0 1 
-19.4274 4.26704 0.354917 0 0 0 0.134882 13 10899 1 0 1 
9.37363 -15.3644 0.286957 0 0 0 0.148044 13 10900 1 0 1 
24.8461 10.53 0.319474 0 0 0 0.140239 13 10901 1 0 1 
-2.52642 -8.18915 0.298222 0 0 0 0.142846 13 10902 1 0 1 
2.2708 16.0923 0.359527 0 0 0 0.133221 13 10903 1 0 1 
19.3546 8.13004 0.303617 0 0 0 0.14087 13 10904 1 0 1 
14.1898 8.94217 0.311309 0 0 0 0.141737 13 10905 1 0 1 
-4.85726 9.69283 0.33308 0 0 0 0.138361 13 10906 1 0 1 
-6.5196 6.43686 0.260704 0 0 0 0.153639 13 10907 1 0 1 
10.9581 2.70979 0.346651 0 0 0 0.134184 13 10908 1 0 1 
10.0943 20.1785 0.345809 0 0 0 0.135074 13 10909 1 0 1 
-0.168795 -15.0301 0.307463 0 0 0 0.143794 13 10910 1 0 1 
-8.34487 16.19 0.330423 0 0 0 0.137986 13 10911 1 0 1 
6.94844 7.15411 0.312328 0 0 0 0.14242 13 10912 1 0 1 
-3.17862 0.731196 0.32118 0 0 0 0.137539 13 10913 1 0 1 
7.85658 -11.7957 0.332852 0 0 0 0.138289 13 10914 1 0 1 
-15.9341 -8.32978 0.305923 0 0 0 0.143899 13 10915 1 0 1 
-49.623 32.5057 0.340957 0 0 0 0.137264 13 10916 1 0 1 
21.8182 3.39394 0.344687 0 0 0 0.135563 13 10917 1 0 1 
9.55319 15.965 0.283717 0 0 0 0.142032 13 10918 1 0 1 
-6.29528 11.3305 0.314977 0 0 0 0.141495 13 10919 1 0 1 
-10.0761 -12.281 0.320366 0 0 0 0.140308 13 10920 1 0 1 
-6.47136 5.63241 0.318046 0 0 0 0.141581 13 10921 1 0 1 
-2.457 11.101 0.348866 0 0 0 0.135515 13 10922 1 0 1 
-33.6668 -0.924248 0.303541 0 0 0 0.14184 13 10923 1 0 1 
6.94301 -37.2004 0.351803 0 0 0 0.136002 13 10924 1 0 1 
-8.49583 23.8367 0.357799 0 0 0 0.133984 13 10925 1 0 1 
7.18756 -12.0664 0.33367 0 0 0 0.136371 13 10926 1 0 1 
-42.7225 8.43295 0.305647 0 0 0 0.142901 13 10927 1 0 1 
16.3208 5.07388 0.289462 0 0 0 0.145322 13 10928 1 0 1 
-22.7384 -2.54051 0.298035 0 0 0 0.143517 13 10929 1 0 1 
-7.42609 -2.32887 0.334721 0 0 0 0.137089 13 10930 1 0 1 
-1.73815 -12.1526 0.323087 0 0 0 0.138654 13 10931 1 0 1 
-12.0194 -6.42887 0.347933 0 0 0 0.136531 13 10932 1 0 1 
0.479385 -13.1992 0.307889 0 0 0 0.141042 13 10933 1 0 1 
-18.2696 -5.92922 0.311042 0 0 0 0.142203 13 10934 1 0 1 
13.7152 -0.662259 0.326083 0 0 0 0.140209 13 10935 1 0 1 
-3.50978 -13.4235 0.324201 0 0 0 0.139454 13 10936 1 0 1 
-3.41904 9.1825 0.308383 0 0 0 0.141928 13 10937 1 0 1 
6.04473 -0.0637567 0.353233 0 0 0 0.133458 13 10938 1 0 1 
-22.3618 12.0564 0.325367 0 0 0 0.140687 13 10939 1 0 1 
4.99812 18.0066 0.339668 0 0 0 0.135433 13 10940 1 0 1 
22.2358 -4.68094 0.341058 0 0 0 0.134713 13 10941 1 0 1 
-9.99015 -4.61695 0.347847 0 0 0 0.135524 13 10942 1 0 1 
-6.90822 -35.2568 0.326437 0 0 0 0.137844 13 10943 1 0 1 
-23.5084 12.3711 0.389451 0 0 0 0.129664 13 10944 1 0 1 
10.2277 14.2086 0.33906 0 0 0 0.138433 13 10945 1 0 1 
-6.90845 -10.6502 0.291082 0 0 0 0.146051 13 10946 1 0 1 
6.19525 3.72073 0.331079 0 0 0 0.138481 13 10947 1 0 1 
-15.8463 -3.91474 0.289984 0 0 0 0.145086 13 10948 1 0 1 
-16.6113 14.7329 0.281182 0 0 0 0.149153 13 10949 1 0 1 
-27.9794 -20.1914 0.32407 0 0 0 0.140626 13 10950 1 0 1 
5.11922 6.75121 0.342348 0 0 0 0.135533 13 10951 1 0 1 
-26.237 -2.74449 0.351313 0 0 0 0.135959 13 10952 1 0 1 
3.66862 10.0062 0.333495 0 0 0 0.139325 13 10953 1 0 1 
19.5744 28.3131 0.355986 0 0 0 0.134538 13 10954 1 0 1 
28.6701 23.3854 0.360032 0 0 0 0.133121 13 10955 1 0 1 
-12.1675 -7.23928 0.308462 0 0 0 0.141725 13 10956 1 0 1 
11.941 12.174 0.300766 0 0 0 0.145377 13 10957 1 0 1 
-13.1833 1.23137 0.303153 0 0 0 0.144042 13 10958 1 0 1 
27.8774 -21.271 0.299925 0 0 0 0.142261 13 10959 1 0 1 
-3.41987 11.1923 0.331086 0 0 0 0.138134 13 10960 1 0 1 
-19.5167 -4.57221 0.34989 0 0 0 0.133691 13 10961 1 0 1 
-5.93402 3.07286 0.276328 0 0 0 0.150725 13 10962 1 0 1 
4.21613 -2.46256 0.344684 0 0 0 0.136437 13 10963 1 0 1 
-15.0265 11.608 0.306676 0 0 0 0.143678 13 10964 1 0 1 
-28.1745 -13.5867 0.30447 0 0 0 0.143936 13 10965 1 0 1 
-0.536087 -16.6962 0.358293 0 0 0 0.133508 13 10966 1 0 1 
-34.4993 -3.56209 0.329514 0 0 0 0.139242 13 10967 1 0 1 
-0.745376 -0.806398 0.305856 0 0 0 0.143146 13 10968 1 0 1 
18.8402 2.52083 0.334156 0 0 0 0.137766 13 10969 1 0 1 
29.5539 -14.2328 0.30301 0 0 0 0.143329 13 10970 1 0 1 
-11.8261 28.2591 0.339382 0 0 0 0.135671 13 10971 1 0 1 
11.9715 -17.4395 0.328318 0 0 0 0.138913 13 10972 1 0 1 
-1.9318 -4.07307 0.298232 0 0 0 0.14484 13 10973 1 0 1 
4.47324 -0.502319 0.327564 0 0 0 0.138257 13 10974 1 0 1 
-29.4387 -3.59276 0.350162 0 0 0 0.134269 13 10975 1 0 1 
26.6282 -10.0837 0.317209 0 0 0 0.143271 13 10976 1 0 1 
4.64393 15.4311 0.308393 0 0 0 0.143712 13 10977 1 0 1 
7.99415 -13.3336 0.285343 0 0 0 0.148064 13 10978 1 0 1 
10.5074 16.2286 0.323599 0 0 0 0.138721 13 10979 1 0 1 
-11.8421 -13.7368 0.318451 0 0 0 0.14073 13 10980 1 0 1 
19.2225 -17.463 0.287024 0 0 0 0.148761 13 10981 1 0 1 
6.70109 -10.002 0.326149 0 0 0 0.140564 13 10982 1 0 1 
25.3567 1.53745 0.399127 0 0 0 0.129055 13 10983 1 0 1 
-11.5541 -26.2701 0.328947 0 0 0 0.136869 13 10984 1 0 1 
-9.41054 5.60842 0.333513 0 0 0 0.139264 13 10985 1 0 1 
-7.54867 -2.55608 0.372202 0 0 0 0.130786 13 10986 1 0 1 
6.86139 -10.978 0.34701 0 0 0 0.136952 13 10987 1 0 1 
-7.63611 26.9431 0.379294 0 0 0 0.130406 13 10988 1 0 1 
13.7569 0.383065 0.292425 0 0 0 0.142281 13 10989 1 0 1 
-6.84954 -3.21167 0.300119 0 0 0 0.146003 13 10990 1 0 1 
18.0396 12.6272 0.328991 0 0 0 0.138795 13 10991 1 0 1 
8.1558 -30.2601 0.342623 0 0 0 0.13636 13 10992 1 0 1 
10.1287 -16.0394 0.318948 0 0 0 0.14114 13 10993 1 0 1 
-18.5668 -8.30681 0.297563 0 0 0 0.145701 13 10994 1 0 1 
19.4213 13.4626 0.383643 0 0 0 0.131068 13 10995 1 0 1 
15.8262 3.89251 0.34186 0 0 0 0.136512 13 10996 1 0 1 
20.1318 -32.4924 0.341999 0 0 0 0.138173 13 10997 1 0 1 
-24.7739 7.46053 0.360498 0 0 0 0.13284 13 10998 1 0 1 
-7.49402 -6.28649 0.298794 0 0 0 0.145347 13 10999 1 0 1 
12.179 3.94031 0.317238 0 0 0 0.140426 13 11000 1 0 1 
10.5504 -9.39931 0.319123 0 0 0 0.138467 13 11001 1 0 1 
21.8807 -0.736504 0.333441 0 0 0 0.137097 13 11002 1 0 1 
17.9848 12.2501 0.343574 0 0 0 0.135246 13 11003 1 0 1 
-0.278204 -18.6122 0.353214 0 0 0 0.133976 13 11004 1 0 1 
-5.28788 -1.17261 0.344602 0 0 0 0.134623 13 11005 1 0 1 
15.6956 25.2002 0.361019 0 0 0 0.135714 13 11006 1 0 1 
10.1085 6.12369 0.276401 0 0 0 0.150212 13 11007 1 0 1 
-10.6832 4.08977 0.319345 0 0 0 0.139498 13 11008 1 0 1 
-4.19719 -3.82928 0.377469 0 0 0 0.13139 13 11009 1 0 1 
50.9559 25.1721 0.320928 0 0 0 0.140623 13 11010 1 0 1 
-2.53141 2.67385 0.283175 0 0 0 0.147599 13 11011 1 0 1 
14.2094 -1.47376 0.279625 0 0 0 0.149116 13 11012 1 0 1 
-20.6018 3.82934 0.339142 0 0 0 0.138632 13 11013 1 0 1 
-18.3912 -1.15654 0.335381 0 0 0 0.136482 13 11014 1 0 1 
18.7255 4.37399 0.336924 0 0 0 0.13753 13 11015 1 0 1 
11.0855 -1.97302 0.337126 0 0 0 0.138483 13 11016 1 0 1 
-12.2908 -3.2995 0.285961 0 0 0 0.146485 13 11017 1 0 1 
17.062 -1.14033 0.331184 0 0 0 0.138547 13 11018 1 0 1 
-3.50373 3.75246 0.314027 0 0 0 0.143205 13 11019 1 0 1 
-15.0064 1.72063 0.307888 0 0 0 0.142979 13 11020 1 0 1 
-23.6266 2.74845 0.303075 0 0 0 0.14315 13 11021 1 0 1 
-6.90194 -23.1887 0.303821 0 0 0 0.143734 13 11022 1 0 1 
9.90778 -20.2664 0.2911 0 0 0 0.145985 13 11023 1 0 1 
-15.0213 9.43044 0.321453 0 0 0 0.140312 13 11024 1 0 1 
-41.5648 7.77709 0.267859 0 0 0 0.151288 13 11025 1 0 1 
4.9118 17.588 0.309161 0 0 0 0.14349 13 11026 1 0 1 
19.7633 -4.1494 0.331452 0 0 0 0.136625 13 11027 1 0 1 
-10.0194 13.2071 0.283739 0 0 0 0.146972 13 11028 1 0 1 
22.7057 15.4616 0.314679 0 0 0 0.141338 13 11029 1 0 1 
11.1768 7.04414 0.319628 0 0 0 0.140097 13 11030 1 0 1 
-8.72543 2.28167 0.350287 0 0 0 0.133507 13 11031 1 0 1 
26.6093 23.626 0.302348 0 0 0 0.143406 13 11032 1 0 1 
-36.2338 4.13952 0.364598 0 0 0 0.133602 13 11033 1 0 1 
24.8569 -0.0260638 0.276054 0 0 0 0.149367 13 11034 1 0 1 
-12.3824 10.957 0.294583 0 0 0 0.146127 13 11035 1 0 1 
1.98301 21.1029 0.352009 0 0 0 0.134066 13 11036 1 0 1 
10.3873 13.1321 0.298234 0 0 0 0.145015 13 11037 1 0 1 
-5.29504 14.5176 0.312859 0 0 0 0.141836 13 11038 1 0 1 
-12.4662 15.3973 0.314144 0 0 0 0.141545 13 11039 1 0 1 
1.04666 24.1069 0.357511 0 0 0 0.133552 13 11040 1 0 1 
28.6443 16.7434 0.331566 0 0 0 0.135196 13 11041 1 0 1 
16.5731 28.6387 0.330592 0 0 0 0.138499 13 11042 1 0 1 
-21.3335 -15.8211 0.366612 0 0 0 0.131277 13 11043 1 0 1 
-8.90311 27.1888 0.33964 0 0 0 0.138112 13 11044 1 0 1 
8.59111 -20.1927 0.314156 0 0 0 0.140851 13 11045 1 0 1 
-0.359765 -2.51227 0.309763 0 0 0 0.143217 13 11046 1 0 1 
-9.42085 -7.90085 0.302931 0 0 0 0.14394 13 11047 1 0 1 
27.1655 -4.15338 0.365999 0 0 0 0.131392 13 11048 1 0 1 
-10.4627 10.8266 0.327902 0 0 0 0.13751 13 11049 1 0 1 
-9.40542 3.91152 0.309879 0 0 0 0.141794 13 11050 1 0 1 
2.19359 -5.62552 0.307586 0 0 0 0.141436 13 11051 1 0 1 
-15.2926 22.7153 0.336217 0 0 0 0.138018 13 11052 1 0 1 
14.4892 -2.09872 0.296819 0 0 0 0.146089 13 11053 1 0 1 
0.50424 -8.84862 0.330071 0 0 0 0.137825 13 11054 1 0 1 
-6.90415 -10.5885 0.277072 0 0 0 0.149379 13 11055 1 0 1 
-23.545 -13.2554 0.338755 0 0 0 0.138155 13 11056 1 0 1 
-0.116316 6.29729 0.334681 0 0 0 0.13858 13 11057 1 0 1 
-0.84198 -8.05368 0.307661 0 0 0 0.143385 13 11058 1 0 1 
-10.5798 -20.09 0.342773 0 0 0 0.136916 13 11059 1 0 1 
-0.774244 -18.8303 0.322878 0 0 0 0.140923 13 11060 1 0 1 
1.40824 -23.2508 0.364105 0 0 0 0.132898 13 11061 1 0 1 
-41.014 4.49823 0.32241 0 0 0 0.138603 13 11062 1 0 1 
5.12231 2.87285 0.327945 0 0 0 0.137453 13 11063 1 0 1 
0.912863 -21.0393 0.314833 0 0 0 0.140408 13 11064 1 0 1 
-12.14 -1.09852 0.324354 0 0 0 0.139475 13 11065 1 0 1 
28.0634 31.7521 0.326451 0 0 0 0.138866 13 11066 1 0 1 
-17.5745 -5.99114 0.331204 0 0 0 0.138039 13 11067 1 0 1 
1.71306 -15.2341 0.310604 0 0 0 0.143809 13 11068 1 0 1 
8.38878 17.4793 0.344126 0 0 0 0.134662 13 11069 1 0 1 
11.2545 56.4338 0.320769 0 0 0 0.139721 13 11070 1 0 1 
-26.2762 -7.78097 0.343215 0 0 0 0.135612 13 11071 1 0 1 
7.61626 -14.9538 0.328417 0 0 0 0.140424 13 11072 1 0 1 
4.12354 -3.00405 0.307423 0 0 0 0.143153 13 11073 1 0 1 
15.3818 12.0109 0.308058 0 0 0 0.141321 13 11074 1 0 1 
2.94691 -20.3533 0.321676 0 0 0 0.140468 13 11075 1 0 1 
13.5963 -12.168 0.322764 0 0 0 0.13875 13 11076 1 0 1 
-23.7326 4.9788 0.351308 0 0 0 0.134255 13 11077 1 0 1 
10.12 -14.2936 0.305854 0 0 0 0.142234 13 11078 1 0 1 
-22.6754 2.48254 0.310849 0 0 0 0.142248 13 11079 1 0 1 
1.70793 14.0916 0.284439 0 0 0 0.147785 13 11080 1 0 1 
-2.9648 43.0215 0.327239 0 0 0 0.137843 13 11081 1 0 1 
24.1687 7.65565 0.32245 0 0 0 0.140015 13 11082 1 0 1 
5.71872 -20.9445 0.307527 0 0 0 0.141393 13 11083 1 0 1 
4.2116 -7.81778 0.295348 0 0 0 0.145449 13 11084 1 0 1 
29.9773 -0.737019 0.353406 0 0 0 0.136078 13 11085 1 0 1 
13.9691 5.31174 0.315585 0 0 0 0.141541 13 11086 1 0 1 
18.5748 -1.09526 0.33969 0 0 0 0.136329 13 11087 1 0 1 
-17.6316 -0.523945 0.339652 0 0 0 0.136753 13 11088 1 0 1 
-2.89271 -21.4206 0.30899 0 0 0 0.14159 13 11089 1 0 1 
8.30584 3.85797 0.302653 0 0 0 0.144696 13 11090 1 0 1 
7.9698 0.645443 0.291526 0 0 0 0.146276 13 11091 1 0 1 
-13.1058 -14.847 0.337999 0 0 0 0.137187 13 11092 1 0 1 
-7.58449 10.6237 0.329471 0 0 0 0.14001 13 11093 1 0 1 
7.41995 -28.2941 0.357992 0 0 0 0.133923 13 11094 1 0 1 
-7.25106 16.1426 0.326718 0 0 0 0.139653 13 11095 1 0 1 
-15.6775 -26.648 0.269311 0 0 0 0.137497 13 11096 1 0 1 
-17.68 -12.1978 0.345098 0 0 0 0.136266 13 11097 1 0 1 
19.5521 -6.76321 0.292473 0 0 0 0.145526 13 11098 1 0 1 
-15.8322 9.2423 0.322866 0 0 0 0.14037 13 11099 1 0 1 
20.1928 10.1045 0.327549 0 0 0 0.139307 13 11100 1 0 1 
-5.47563 -9.67024 0.320796 0 0 0 0.140563 13 11101 1 0 1 
-1.51028 -14.1552 0.307452 0 0 0 0.142304 13 11102 1 0 1 
-16.9034 2.1199 0.308555 0 0 0 0.1425 13 11103 1 0 1 
-4.94975 30.3915 0.340161 0 0 0 0.137153 13 11104 1 0 1 
-20.1141 -26.0775 0.333218 0 0 0 0.136982 13 11105 1 0 1 
5.81604 13.0745 0.337627 0 0 0 0.136179 13 11106 1 0 1 
0.386349 -0.884227 0.356565 0 0 0 0.131764 13 11107 1 0 1 
-18.3142 8.39917 0.350805 0 0 0 0.133626 13 11108 1 0 1 
-7.20301 -15.4773 0.351761 0 0 0 0.13486 13 11109 1 0 1 
-2.715 10.8095 0.303713 0 0 0 0.142868 13 11110 1 0 1 
-19.0419 -18.9005 0.298579 0 0 0 0.145226 13 11111 1 0 1 
1.39495 3.45671 0.341583 0 0 0 0.136464 13 11112 1 0 1 
-8.32003 -19.8433 0.323595 0 0 0 0.140922 13 11113 1 0 1 
14.8944 -3.80966 0.309409 0 0 0 0.142108 13 11114 1 0 1 
19.8913 0.469394 0.351402 0 0 0 0.134165 13 11115 1 0 1 
20.5923 1.23029 0.359531 0 0 0 0.132587 13 11116 1 0 1 
-9.12809 -2.27137 0.33225 0 0 0 0.137437 13 11117 1 0 1 
2.99409 3.29028 0.309782 0 0 0 0.141628 13 11118 1 0 1 
19.3875 -36.4306 0.350965 0 0 0 0.13557 13 11119 1 0 1 
-11.7364 -10.9671 0.283792 0 0 0 0.148187 13 11120 1 0 1 
-4.28929 6.03006 0.295447 0 0 0 0.143989 13 11121 1 0 1 
5.43256 -1.11565 0.286322 0 0 0 0.147629 13 11122 1 0 1 
15.4127 7.43261 0.325999 0 0 0 0.138891 13 11123 1 0 1 
6.9223 6.26971 0.327247 0 0 0 0.140388 13 11124 1 0 1 
-15.4412 0.689257 0.337047 0 0 0 0.13652 13 11125 1 0 1 
-24.9514 6.08071 0.343557 0 0 0 0.136733 13 11126 1 0 1 
23.6684 2.68154 0.324211 0 0 0 0.138272 13 11127 1 0 1 
0.558874 -10.7966 0.329303 0 0 0 0.139395 13 11128 1 0 1 
-10.0033 -6.52978 0.323973 0 0 0 0.138562 13 11129 1 0 1 
1.67326 4.77725 0.348289 0 0 0 0.13469 13 11130 1 0 1 
-22.343 -4.97562 0.320716 0 0 0 0.140559 13 11131 1 0 1 
-9.53222 -23.4157 0.283076 0 0 0 0.14798 13 11132 1 0 1 
3.58654 18.4104 0.350495 0 0 0 0.134794 13 11133 1 0 1 
10.6786 9.25246 0.281174 0 0 0 0.147391 13 11134 1 0 1 
8.88735 2.11931 0.33555 0 0 0 0.137717 13 11135 1 0 1 
0.159686 1.45402 0.316831 0 0 0 0.141785 13 11136 1 0 1 
-5.38429 14.5825 0.34918 0 0 0 0.135995 13 11137 1 0 1 
-14.3976 -6.39144 0.31667 0 0 0 0.140588 13 11138 1 0 1 
-0.861603 -5.7369 0.339297 0 0 0 0.136809 13 11139 1 0 1 
11.9191 -10.0123 0.304962 0 0 0 0.144255 13 11140 1 0 1 
-3.19795 16.698 0.340528 0 0 0 0.138042 13 11141 1 0 1 
-16.2212 -9.23539 0.301378 0 0 0 0.144548 13 11142 1 0 1 
19.2744 -9.70207 0.270466 0 0 0 0.15063 13 11143 1 0 1 
-17.4256 14.7113 0.34523 0 0 0 0.13715 13 11144 1 0 1 
6.54152 12.4194 0.267562 0 0 0 0.152219 13 11145 1 0 1 
16.5359 6.10604 0.34801 0 0 0 0.137065 13 11146 1 0 1 
12.7252 9.61457 0.340769 0 0 0 0.137242 13 11147 1 0 1 
4.7641 -9.06249 0.328359 0 0 0 0.13767 13 11148 1 0 1 
-3.64123 9.52757 0.361038 0 0 0 0.132776 13 11149 1 0 1 
21.9652 1.16027 0.335234 0 0 0 0.137994 13 11150 1 0 1 
2.99115 -17.3124 0.306753 0 0 0 0.143346 13 11151 1 0 1 
36.608 12.5248 0.345496 0 0 0 0.134297 13 11152 1 0 1 
-17.5283 -14.6262 0.283765 0 0 0 0.148281 13 11153 1 0 1 
-9.62943 7.29664 0.32021 0 0 0 0.140113 13 11154 1 0 1 
10.0595 -9.64281 0.352594 0 0 0 0.135062 13 11155 1 0 1 
-4.43778 28.5357 0.352959 0 0 0 0.135482 13 11156 1 0 1 
12.0671 8.91153 0.335587 0 0 0 0.135592 13 11157 1 0 1 
-21.8569 -15.3879 0.317482 0 0 0 0.140987 13 11158 1 0 1 
0.702177 -3.54776 0.315862 0 0 0 0.142317 13 11159 1 0 1 
-5.10923 -18.6318 0.373146 0 0 0 0.131191 13 11160 1 0 1 
21.5915 8.89684 0.287241 0 0 0 0.146535 13 11161 1 0 1 
-1.45067 7.19368 0.340208 0 0 0 0.137387 13 11162 1 0 1 
0.748399 7.67474 0.287926 0 0 0 0.147882 13 11163 1 0 1 
-26.5122 -6.20314 0.282782 0 0 0 0.14766 13 11164 1 0 1 
35.2083 -13.1117 0.355273 0 0 0 0.133758 13 11165 1 0 1 
3.8326 -16.2482 0.306971 0 0 0 0.143057 13 11166 1 0 1 
-21.7123 8.12033 0.332252 0 0 0 0.138369 13 11167 1 0 1 
14.0739 -8.06181 0.329327 0 0 0 0.13893 13 11168 1 0 1 
19.3225 -39.6022 0.332619 0 0 0 0.13865 13 11169 1 0 1 
-2.39396 12.343 0.310021 0 0 0 0.141886 13 11170 1 0 1 
-21.4954 8.51384 0.347584 0 0 0 0.135385 13 11171 1 0 1 
8.48244 -4.22625 0.297932 0 0 0 0.1429 13 11172 1 0 1 
18.1076 1.46465 0.171634 0 0 0 0.140703 13 11173 1 0 1 
-5.8169 11.9744 0.300754 0 0 0 0.145508 13 11174 1 0 1 
-10.5986 -4.04197 0.315412 0 0 0 0.14285 13 11175 1 0 1 
4.04759 4.34922 0.358882 0 0 0 0.133274 13 11176 1 0 1 
5.92454 -23.6179 0.322606 0 0 0 0.140365 13 11177 1 0 1 
-11.6704 14.273 0.323682 0 0 0 0.14071 13 11178 1 0 1 
-10.8625 -5.54315 0.338395 0 0 0 0.137102 13 11179 1 0 1 
22.2391 -9.53908 0.344644 0 0 0 0.13497 13 11180 1 0 1 
-7.89636 7.4492 0.278986 0 0 0 0.147836 13 11181 1 0 1 
-17.0952 20.2752 0.285909 0 0 0 0.146356 13 11182 1 0 1 
5.16459 24.948 0.322335 0 0 0 0.138575 13 11183 1 0 1 
-19.7243 -22.2184 0.309558 0 0 0 0.141968 13 11184 1 0 1 
10.6885 -23.6448 0.294595 0 0 0 0.146442 13 11185 1 0 1 
-10.7377 -1.38245 0.291679 0 0 0 0.145712 13 11186 1 0 1 
-13.0843 -8.17737 0.335662 0 0 0 0.137676 13 11187 1 0 1 
3.33999 14.5611 0.29945 0 0 0 0.143817 13 11188 1 0 1 
13.3722 2.95005 0.277965 0 0 0 0.147757 13 11189 1 0 1 
-3.36594 17.657 0.298547 0 0 0 0.144912 13 11190 1 0 1 
14.3226 34.9785 0.320134 0 0 0 0.139312 13 11191 1 0 1 
-13.4342 3.24561 0.35753 0 0 0 0.133536 13 11192 1 0 1 
-16.1504 4.51278 0.270041 0 0 0 0.149427 13 11193 1 0 1 
-23.4375 -2.00705 0.332005 0 0 0 0.139298 13 11194 1 0 1 
11.8965 4.69068 0.349453 0 0 0 0.135301 13 11195 1 0 1 
-5.16906 17.8759 0.30385 0 0 0 0.143066 13 11196 1 0 1 
7.76256 -7.99617 0.317099 0 0 0 0.140744 13 11197 1 0 1 
3.37477 21.052 0.300879 0 0 0 0.144432 13 11198 1 0 1 
-2.59456 -45.418 0.350975 0 0 0 0.135395 13 11199 1 0 1 
-7.303 -18.995 0.332111 0 0 0 0.13657 13 11200 1 0 1 
-11.0519 16.8535 0.349098 0 0 0 0.134544 13 11201 1 0 1 
6.31144 10.3865 0.363342 0 0 0 0.132889 13 11202 1 0 1 
-1.22423 -11.2759 0.31405 0 0 0 0.142871 13 11203 1 0 1 
27.1669 -4.4827 0.313148 0 0 0 0.141346 13 11204 1 0 1 
-28.5918 -9.62355 0.297596 0 0 0 0.144746 13 11205 1 0 1 
5.41767 8.86167 0.324826 0 0 0 0.140359 13 11206 1 0 1 
-11.6922 9.12885 0.331549 0 0 0 0.137768 13 11207 1 0 1 
-3.80086 3.42711 0.341152 0 0 0 0.135679 13 11208 1 0 1 
0.798834 35.7363 0.33854 0 0 0 0.138751 13 11209 1 0 1 
3.25151 11.2394 0.321152 0 0 0 0.14166 13 11210 1 0 1 
-4.11984 -33.3994 0.337357 0 0 0 0.137802 13 11211 1 0 1 
-1.89201 -8.89693 0.358966 0 0 0 0.133623 13 11212 1 0 1 
3.34045 9.30745 0.337159 0 0 0 0.137379 13 11213 1 0 1 
-56.8564 9.16725 0.353282 0 0 0 0.134442 13 11214 1 0 1 
7.55784 -1.5576 0.338765 0 0 0 0.138401 13 11215 1 0 1 
4.58263 18.8291 0.310018 0 0 0 0.141754 13 11216 1 0 1 
12.0529 -5.31298 0.349023 0 0 0 0.134658 13 11217 1 0 1 
19.4855 0.299501 0.319262 0 0 0 0.140737 13 11218 1 0 1 
-20.3993 7.46472 0.28102 0 0 0 0.148797 13 11219 1 0 1 
4.66335 8.37878 0.32061 0 0 0 0.141772 13 11220 1 0 1 
6.10309 16.0992 0.303488 0 0 0 0.14392 13 11221 1 0 1 
-1.1782 5.7375 0.322612 0 0 0 0.135093 13 11222 1 0 1 
2.81131 11.3571 0.317168 0 0 0 0.140486 13 11223 1 0 1 
-29.8429 17.7856 0.335401 0 0 0 0.137257 13 11224 1 0 1 
-4.84259 18.444 0.279744 0 0 0 0.150178 13 11225 1 0 1 
-12.5956 3.19926 0.323331 0 0 0 0.13981 13 11226 1 0 1 
3.51104 -2.37594 0.333231 0 0 0 0.136824 13 11227 1 0 1 
2.41008 3.39209 0.327286 0 0 0 0.138813 13 11228 1 0 1 
-5.34767 -13.7532 0.319597 0 0 0 0.138851 13 11229 1 0 1 
-13.15 11.1407 0.300266 0 0 0 0.129014 13 11230 1 0 1 
-23.3082 13.6898 0.30956 0 0 0 0.144242 13 11231 1 0 1 
29.8751 -21.8017 0.322507 0 0 0 0.141388 13 11232 1 0 1 
23.789 -3.9636 0.330954 0 0 0 0.135188 13 11233 1 0 1 
-6.32216 17.2123 0.320649 0 0 0 0.140989 13 11234 1 0 1 
-6.39928 7.15231 0.286565 0 0 0 0.148557 13 11235 1 0 1 
7.35435 7.60305 0.316053 0 0 0 0.141347 13 11236 1 0 1 
-7.5762 4.98285 0.304523 0 0 0 0.143638 13 11237 1 0 1 
11.3625 -1.55204 0.328947 0 0 0 0.139253 13 11238 1 0 1 
-30.5099 10.0568 0.316948 0 0 0 0.142335 13 11239 1 0 1 
-29.8691 21.8315 0.336367 0 0 0 0.136953 13 11240 1 0 1 
6.40145 1.40802 0.348512 0 0 0 0.135894 13 11241 1 0 1 
2.22847 10.2467 0.301975 0 0 0 0.144469 13 11242 1 0 1 
4.69055 31.7455 0.329907 0 0 0 0.141004 13 11243 1 0 1 
-8.95742 -10.7645 0.270812 0 0 0 0.150254 13 11244 1 0 1 
-4.40499 -12.3331 0.316655 0 0 0 0.140925 13 11245 1 0 1 
-26.1192 9.16928 0.324639 0 0 0 0.140866 13 11246 1 0 1 
-8.20191 -5.22878 0.379107 0 0 0 0.130916 13 11247 1 0 1 
12.5742 -27.5052 0.34072 0 0 0 0.136103 13 11248 1 0 1 
11.1718 -3.46267 0.30592 0 0 0 0.143317 13 11249 1 0 1 
19.0685 13.5386 0.30761 0 0 0 0.142432 13 11250 1 0 1 
-21.6838 5.07319 0.338167 0 0 0 0.137425 13 11251 1 0 1 
-8.49234 -17.8548 0.319264 0 0 0 0.140555 13 11252 1 0 1 
10.8119 -11.6807 0.281205 0 0 0 0.149139 13 11253 1 0 1 
-1.59567 -0.697621 0.299127 0 0 0 0.145984 13 11254 1 0 1 
-14.6357 -17.489 0.39122 0 0 0 0.130223 13 11255 1 0 1 
-3.23799 16.0416 0.344982 0 0 0 0.135312 13 11256 1 0 1 
-7.15339 19.3596 0.315112 0 0 0 0.141742 13 11257 1 0 1 
-7.69587 -2.95442 0.328334 0 0 0 0.139417 13 11258 1 0 1 
15.2045 13.2225 0.299957 0 0 0 0.144094 13 11259 1 0 1 
1.43233 7.37272 0.330284 0 0 0 0.140406 13 11260 1 0 1 
8.42619 -9.09798 0.346001 0 0 0 0.13412 13 11261 1 0 1 
20.2219 -24.1599 0.306169 0 0 0 0.142876 13 11262 1 0 1 
-10.9298 -17.2473 0.329142 0 0 0 0.139256 13 11263 1 0 1 
-4.68743 -11.6015 0.342864 0 0 0 0.134521 13 11264 1 0 1 
-16.2469 -18.5397 0.350835 0 0 0 0.134428 13 11265 1 0 1 
-38.2709 -1.83286 0.295387 0 0 0 0.144555 13 11266 1 0 1 
-4.50922 10.6078 0.291363 0 0 0 0.147601 13 11267 1 0 1 
-13.1197 8.06266 0.269474 0 0 0 0.149885 13 11268 1 0 1 
-0.39158 -3.88517 0.272793 0 0 0 0.15112 13 11269 1 0 1 
-34.2488 -7.59392 0.313276 0 0 0 0.142125 13 11270 1 0 1 
-0.188489 5.51735 0.315758 0 0 0 0.141125 13 11271 1 0 1 
-9.28431 -10.2218 0.36239 0 0 0 0.132215 13 11272 1 0 1 
13.3077 2.04742 0.33038 0 0 0 0.139116 13 11273 1 0 1 
-31.7493 -20.4587 0.32573 0 0 0 0.137745 13 11274 1 0 1 
0.428019 -31.0265 0.318259 0 0 0 0.14103 13 11275 1 0 1 
12.6969 -18.3061 0.350258 0 0 0 0.134257 13 11276 1 0 1 
14.1564 -27.3511 0.300411 0 0 0 0.144637 13 11277 1 0 1 
-10.5501 -12.0948 0.309575 0 0 0 0.142814 13 11278 1 0 1 
-15.3733 0.483562 0.289229 0 0 0 0.148496 13 11279 1 0 1 
10.9986 -0.793459 0.36013 0 0 0 0.133946 13 11280 1 0 1 
7.56254 14.183 0.335236 0 0 0 0.136087 13 11281 1 0 1 
-10.9788 -14.8335 0.311953 0 0 0 0.141299 13 11282 1 0 1 
-6.7904 -1.84634 0.324595 0 0 0 0.136349 13 11283 1 0 1 
-7.71443 16.1819 0.282742 0 0 0 0.148877 13 11284 1 0 1 
-17.6283 10.8212 0.320889 0 0 0 0.139972 13 11285 1 0 1 
23.9434 9.16067 0.316457 0 0 0 0.138482 13 11286 1 0 1 
0.229017 -16.7968 0.317192 0 0 0 0.140428 13 11287 1 0 1 
8.85905 7.64606 0.289608 0 0 0 0.147794 13 11288 1 0 1 
-1.75039 3.40267 0.296203 0 0 0 0.138615 13 11289 1 0 1 
15.4108 -9.96363 0.294351 0 0 0 0.144476 13 11290 1 0 1 
-1.08825 2.31835 0.335502 0 0 0 0.137841 13 11291 1 0 1 
-2.66716 11.3591 0.308305 0 0 0 0.143033 13 11292 1 0 1 
1.82145 -30.2372 0.319627 0 0 0 0.136692 13 11293 1 0 1 
-3.12614 14.88 0.303489 0 0 0 0.143803 13 11294 1 0 1 
-9.60037 5.31373 0.303323 0 0 0 0.144129 13 11295 1 0 1 
-13.217 -11.8865 0.356572 0 0 0 0.132887 13 11296 1 0 1 
33.0116 -21.7158 0.286048 0 0 0 0.146371 13 11297 1 0 1 
-19.8229 7.52251 0.329318 0 0 0 0.139586 13 11298 1 0 1 
-30.1009 -2.63582 0.355697 0 0 0 0.131862 13 11299 1 0 1 
-14.1447 -40.4597 0.352824 0 0 0 0.135806 13 11300 1 0 1 
-2.15973 -15.3929 0.305273 0 0 0 0.143399 13 11301 1 0 1 
5.52535 -6.84959 0.318538 0 0 0 0.140509 13 11302 1 0 1 
-11.65 13.7436 0.312543 0 0 0 0.142262 13 11303 1 0 1 
18.8057 2.88708 0.317406 0 0 0 0.13995 13 11304 1 0 1 
8.99504 -18.6696 0.316765 0 0 0 0.141217 13 11305 1 0 1 
-21.262 -0.950133 0.332786 0 0 0 0.137075 13 11306 1 0 1 
9.43772 11.0721 0.31518 0 0 0 0.142878 13 11307 1 0 1 
-35.2964 -2.04885 0.297991 0 0 0 0.144774 13 11308 1 0 1 
-7.04376 -15.635 0.395818 0 0 0 0.127968 13 11309 1 0 1 
10.1636 -10.3426 0.329339 0 0 0 0.136977 13 11310 1 0 1 
-36.8933 -5.85917 0.338146 0 0 0 0.134569 13 11311 1 0 1 
13.3298 -29.3095 0.282972 0 0 0 0.146595 13 11312 1 0 1 
25.8288 -16.0154 0.316949 0 0 0 0.140202 13 11313 1 0 1 
5.11925 12.792 0.348992 0 0 0 0.135642 13 11314 1 0 1 
9.7375 10.535 0.295076 0 0 0 0.146831 13 11315 1 0 1 
18.9933 -5.04201 0.30858 0 0 0 0.143507 13 11316 1 0 1 
-3.1529 17.0915 0.295274 0 0 0 0.147064 13 11317 1 0 1 
-3.35996 10.3238 0.304356 0 0 0 0.143694 13 11318 1 0 1 
29.8217 24.0102 0.362894 0 0 0 0.133064 13 11319 1 0 1 
25.3645 -3.40851 0.319265 0 0 0 0.140672 13 11320 1 0 1 
-12.2814 -1.96471 0.340192 0 0 0 0.137184 13 11321 1 0 1 
-5.58355 -3.83177 0.344639 0 0 0 0.133722 13 11322 1 0 1 
31.609 12.0166 0.318586 0 0 0 0.138875 13 11323 1 0 1 
-10.6852 -23.0587 0.336315 0 0 0 0.136738 13 11324 1 0 1 
-21.674 9.23249 0.325716 0 0 0 0.140317 13 11325 1 0 1 
-6.46028 -5.41887 0.317006 0 0 0 0.143593 13 11326 1 0 1 
-8.44601 -24.3229 0.326619 0 0 0 0.138927 13 11327 1 0 1 
15.8816 -11.5292 0.336248 0 0 0 0.137266 13 11328 1 0 1 
-19.2517 -4.23887 0.304857 0 0 0 0.141608 13 11329 1 0 1 
8.02438 -4.22329 0.344458 0 0 0 0.134542 13 11330 1 0 1 
5.24219 3.35969 0.344625 0 0 0 0.134873 13 11331 1 0 1 
16.6753 -4.60574 0.346808 0 0 0 0.134225 13 11332 1 0 1 
-5.51296 31.8711 0.333166 0 0 0 0.137314 13 11333 1 0 1 
30.2222 14.4398 0.345803 0 0 0 0.135406 13 11334 1 0 1 
-25.1054 -6.23726 0.204442 0 0 0 0.135844 13 11335 1 0 1 
10.2008 -1.61059 0.324171 0 0 0 0.139197 13 11336 1 0 1 
-7.26265 31.7053 0.358351 0 0 0 0.132958 13 11337 1 0 1 
10.9946 10.2212 0.316425 0 0 0 0.14104 13 11338 1 0 1 
18.3516 -19.597 0.329045 0 0 0 0.139393 13 11339 1 0 1 
0.315391 -10.8735 0.342039 0 0 0 0.134386 13 11340 1 0 1 
-24.3716 -10.6074 0.281968 0 0 0 0.147732 13 11341 1 0 1 
10.5488 -12.7134 0.269658 0 0 0 0.151513 13 11342 1 0 1 
12.4909 2.84267 0.314823 0 0 0 0.14101 13 11343 1 0 1 
-23.947 6.23312 0.318761 0 0 0 0.140272 13 11344 1 0 1 
-10.6277 -8.70326 0.343242 0 0 0 0.133862 13 11345 1 0 1 
-14.3514 22.5411 0.319651 0 0 0 0.139983 13 11346 1 0 1 
7.42144 1.35214 0.35371 0 0 0 0.132177 13 11347 1 0 1 
2.51639 8.72496 0.30372 0 0 0 0.144734 13 11348 1 0 1 
20.4767 6.59949 0.315634 0 0 0 0.141747 13 11349 1 0 1 
15.6987 6.76743 0.268196 0 0 0 0.152422 13 11350 1 0 1 
-11.6865 25.0686 0.352619 0 0 0 0.134321 13 11351 1 0 1 
9.63585 9.16817 0.329351 0 0 0 0.138197 13 11352 1 0 1 
-11.1967 -13.92 0.307247 0 0 0 0.134235 13 11353 1 0 1 
-5.37179 -25.0817 0.308105 0 0 0 0.142775 13 11354 1 0 1 
-0.663139 -13.2389 0.333573 0 0 0 0.13893 13 11355 1 0 1 
32.0474 -8.67215 0.266747 0 0 0 0.15395 13 11356 1 0 1 
28.6324 32.2299 0.352735 0 0 0 0.136694 13 11357 1 0 1 
-5.75385 6.58258 0.309328 0 0 0 0.14174 13 11358 1 0 1 
-20.2404 25.5839 0.302344 0 0 0 0.143539 13 11359 1 0 1 
-3.63297 5.48064 0.327212 0 0 0 0.139438 13 11360 1 0 1 
3.67664 3.05564 0.324427 0 0 0 0.139418 13 11361 1 0 1 
-1.03147 2.67934 0.345032 0 0 0 0.136289 13 11362 1 0 1 
-8.26434 -3.45076 0.306526 0 0 0 0.14208 13 11363 1 0 1 
8.59938 36.7033 0.321638 0 0 0 0.140596 13 11364 1 0 1 
-8.38764 -13.9648 0.351752 0 0 0 0.135127 13 11365 1 0 1 
7.49694 -21.6797 0.323497 0 0 0 0.139459 13 11366 1 0 1 
-30.1223 -17.3685 0.308061 0 0 0 0.143773 13 11367 1 0 1 
-22.1118 -20.415 0.318323 0 0 0 0.140346 13 11368 1 0 1 
-17.3238 7.71445 0.330444 0 0 0 0.139107 13 11369 1 0 1 
18.359 -7.30684 0.325839 0 0 0 0.139273 13 11370 1 0 1 
8.51701 -11.1773 0.293585 0 0 0 0.144761 13 11371 1 0 1 
-17.9949 -8.63409 0.277473 0 0 0 0.137169 13 11372 1 0 1 
-12.7154 5.90703 0.309167 0 0 0 0.141658 13 11373 1 0 1 
-10.897 0.0275338 0.304737 0 0 0 0.14358 13 11374 1 0 1 
3.15246 -6.91576 0.339006 0 0 0 0.137327 13 11375 1 0 1 
-1.1102 -23.3149 0.321121 0 0 0 0.140134 13 11376 1 0 1 
20.8363 4.7654 0.335585 0 0 0 0.138091 13 11377 1 0 1 
6.65758 13.418 0.327684 0 0 0 0.138635 13 11378 1 0 1 
-6.85858 -2.60766 0.3398 0 0 0 0.137978 13 11379 1 0 1 
5.76058 -17.6811 0.30431 0 0 0 0.143525 13 11380 1 0 1 
-0.159832 0.160227 0.281365 0 0 0 0.146422 13 11381 1 0 1 
-2.57214 11.9823 0.331153 0 0 0 0.13696 13 11382 1 0 1 
-19.2733 21.7741 0.314491 0 0 0 0.140987 13 11383 1 0 1 
5.65205 -17.0408 0.326161 0 0 0 0.140851 13 11384 1 0 1 
20.5295 -12.7849 0.325976 0 0 0 0.14001 13 11385 1 0 1 
12.774 18.5176 0.289186 0 0 0 0.145393 13 11386 1 0 1 
6.52624 -12.7944 0.323698 0 0 0 0.141306 13 11387 1 0 1 
11.7656 6.29942 0.373771 0 0 0 0.130024 13 11388 1 0 1 
32.2214 24.4859 0.326212 0 0 0 0.136997 13 11389 1 0 1 
-24.713 -23.1689 0.316785 0 0 0 0.141806 13 11390 1 0 1 
8.02673 4.15073 0.280312 0 0 0 0.14851 13 11391 1 0 1 
-4.13873 -7.02768 0.381207 0 0 0 0.131122 13 11392 1 0 1 
-28.089 -1.39467 0.318498 0 0 0 0.141923 13 11393 1 0 1 
-17.0913 -6.69195 0.289954 0 0 0 0.146834 13 11394 1 0 1 
2.04709 -29.0182 0.292325 0 0 0 0.145771 13 11395 1 0 1 
-11.8815 2.75768 0.334563 0 0 0 0.137687 13 11396 1 0 1 
-13.1772 -7.95836 0.363764 0 0 0 0.131073 13 11397 1 0 1 
-16.2655 -1.45438 0.333066 0 0 0 0.137941 13 11398 1 0 1 
21.6763 -17.1211 0.301624 0 0 0 0.143597 13 11399 1 0 1 
3.38753 -18.1562 0.341616 0 0 0 0.137346 13 11400 1 0 1 
9.01012 25.6782 0.301735 0 0 0 0.144968 13 11401 1 0 1 
18.0214 12.7288 0.351759 0 0 0 0.135734 13 11402 1 0 1 
-2.81106 -8.96688 0.364362 0 0 0 0.132656 13 11403 1 0 1 
3.8891 -4.7211 0.326529 0 0 0 0.138394 13 11404 1 0 1 
12.6705 17.6935 0.316371 0 0 0 0.142162 13 11405 1 0 1 
-13.2013 11.6358 0.323171 0 0 0 0.139552 13 11406 1 0 1 
-4.97995 17.6885 0.316493 0 0 0 0.141729 13 11407 1 0 1 
-4.51748 -1.9136 0.310238 0 0 0 0.141212 13 11408 1 0 1 
4.83393 -10.8684 0.275117 0 0 0 0.148705 13 11409 1 0 1 
-4.98788 -27.077 0.295727 0 0 0 0.14668 13 11410 1 0 1 
4.90385 -17.3764 0.334875 0 0 0 0.136216 13 11411 1 0 1 
1.27415 22.8907 0.290056 0 0 0 0.146294 13 11412 1 0 1 
-14.2366 -16.8846 0.318812 0 0 0 0.140859 13 11413 1 0 1 
13.9521 4.93198 0.359154 0 0 0 0.132082 13 11414 1 0 1 
12.2485 -0.0754012 0.313118 0 0 0 0.140673 13 11415 1 0 1 
7.33761 13.5685 0.359452 0 0 0 0.132914 13 11416 1 0 1 
22.8063 11.9198 0.322619 0 0 0 0.141786 13 11417 1 0 1 
-1.31622 -10.659 0.302776 0 0 0 0.142633 13 11418 1 0 1 
-0.278403 9.37926 0.29717 0 0 0 0.146233 13 11419 1 0 1 
0.439466 13.2968 0.306075 0 0 0 0.140563 13 11420 1 0 1 
7.80147 -17.5271 0.397078 0 0 0 0.128059 13 11421 1 0 1 
-5.97316 18.4309 0.32858 0 0 0 0.139101 13 11422 1 0 1 
-2.90786 17.7715 0.342933 0 0 0 0.135435 13 11423 1 0 1 
11.7051 29.071 0.292632 0 0 0 0.144653 13 11424 1 0 1 
24.7894 11.0723 0.340159 0 0 0 0.136542 13 11425 1 0 1 
16.3601 -1.82119 0.339062 0 0 0 0.134955 13 11426 1 0 1 
4.82366 -6.45145 0.319828 0 0 0 0.140112 13 11427 1 0 1 
31.5231 14.4298 0.334291 0 0 0 0.138151 13 11428 1 0 1 
7.47273 -12.5086 0.349214 0 0 0 0.134236 13 11429 1 0 1 
7.29106 -19.1501 0.341181 0 0 0 0.134963 13 11430 1 0 1 
-26.4996 -27.3992 0.300483 0 0 0 0.14515 13 11431 1 0 1 
-14.6095 -12.7968 0.342551 0 0 0 0.136158 13 11432 1 0 1 
-13.5187 18.3528 0.338909 0 0 0 0.136276 13 11433 1 0 1 
-6.71353 0.805704 0.346366 0 0 0 0.133681 13 11434 1 0 1 
-14.7675 0.0862761 0.329573 0 0 0 0.139201 13 11435 1 0 1 
9.08341 7.07686 0.335366 0 0 0 0.138791 13 11436 1 0 1 
3.13128 11.7286 0.329122 0 0 0 0.136348 13 11437 1 0 1 
-13.6227 -6.19709 0.315724 0 0 0 0.139009 13 11438 1 0 1 
10.6584 7.36886 0.319235 0 0 0 0.141069 13 11439 1 0 1 
-8.60262 -24.9777 0.325123 0 0 0 0.136635 13 11440 1 0 1 
34.4991 27.2711 0.368552 0 0 0 0.133072 13 11441 1 0 1 
8.38345 13.8317 0.316972 0 0 0 0.140611 13 11442 1 0 1 
23.6078 18.7747 0.304011 0 0 0 0.140256 13 11443 1 0 1 
8.13503 -0.262808 0.324331 0 0 0 0.140446 13 11444 1 0 1 
11.2069 2.15699 0.289468 0 0 0 0.145918 13 11445 1 0 1 
-19.6685 2.36004 0.353142 0 0 0 0.1341 13 11446 1 0 1 
5.35453 18.6463 0.298545 0 0 0 0.145496 13 11447 1 0 1 
5.02376 -0.672567 0.336262 0 0 0 0.136596 13 11448 1 0 1 
7.39648 25.402 0.2999 0 0 0 0.143692 13 11449 1 0 1 
8.10616 11.4589 0.337528 0 0 0 0.136188 13 11450 1 0 1 
-10.9198 -19.1804 0.304741 0 0 0 0.143589 13 11451 1 0 1 
29.2217 -5.82908 0.333553 0 0 0 0.13838 13 11452 1 0 1 
-8.10443 11.7898 0.314556 0 0 0 0.14154 13 11453 1 0 1 
16.2333 13.259 0.330714 0 0 0 0.136914 13 11454 1 0 1 
-26.5106 -6.79649 0.346815 0 0 0 0.133515 13 11455 1 0 1 
5.58315 -6.55844 0.321951 0 0 0 0.140448 13 11456 1 0 1 
-13.2417 12.6433 0.301093 0 0 0 0.144305 13 11457 1 0 1 
1.09016 0.960776 0.373246 0 0 0 0.130055 13 11458 1 0 1 
19.3309 -0.428833 0.315714 0 0 0 0.142312 13 11459 1 0 1 
16.8653 -20.8702 0.309278 0 0 0 0.142112 13 11460 1 0 1 
-19.0245 -8.75249 0.333635 0 0 0 0.135842 13 11461 1 0 1 
-26.3656 -13.2022 0.281108 0 0 0 0.14654 13 11462 1 0 1 
26.9868 23.8209 0.283268 0 0 0 0.146461 13 11463 1 0 1 
14.5533 2.56342 0.316692 0 0 0 0.140928 13 11464 1 0 1 
12.2313 18.8569 0.319746 0 0 0 0.141182 13 11465 1 0 1 
27.1795 0.814186 0.314627 0 0 0 0.141408 13 11466 1 0 1 
8.18591 -22.0708 0.302118 0 0 0 0.144246 13 11467 1 0 1 
-5.94356 8.64591 0.337656 0 0 0 0.136368 13 11468 1 0 1 
2.70004 13.1635 0.320223 0 0 0 0.139947 13 11469 1 0 1 
7.09994 -30.0153 0.331259 0 0 0 0.140356 13 11470 1 0 1 
14.648 -16.3312 0.314372 0 0 0 0.142671 13 11471 1 0 1 
-0.837429 0.0943778 0.340116 0 0 0 0.136102 13 11472 1 0 1 
48.1227 15.5282 0.332562 0 0 0 0.138253 13 11473 1 0 1 
-23.8518 32.1897 0.293468 0 0 0 0.146662 13 11474 1 0 1 
2.03065 12.4172 0.317213 0 0 0 0.139961 13 11475 1 0 1 
4.23672 6.09247 0.353837 0 0 0 0.134126 13 11476 1 0 1 
-13.2298 -25.7573 0.313804 0 0 0 0.141712 13 11477 1 0 1 
-18.0533 -10.4227 0.270392 0 0 0 0.151121 13 11478 1 0 1 
13.6827 -8.27546 0.332681 0 0 0 0.136647 13 11479 1 0 1 
7.52164 -1.56847 0.317661 0 0 0 0.141178 13 11480 1 0 1 
-13.0953 15.9912 0.399811 0 0 0 0.129465 13 11481 1 0 1 
16.7924 3.27184 0.354584 0 0 0 0.133838 13 11482 1 0 1 
-15.4601 15.3573 0.284908 0 0 0 0.14777 13 11483 1 0 1 
-15.739 17.6328 0.348251 0 0 0 0.135331 13 11484 1 0 1 
-8.75092 -17.8714 0.326184 0 0 0 0.137954 13 11485 1 0 1 
2.52113 -15.0893 0.283926 0 0 0 0.140263 13 11486 1 0 1 
-0.889246 14.3538 0.296662 0 0 0 0.143982 13 11487 1 0 1 
-8.01745 -23.9594 0.349292 0 0 0 0.134845 13 11488 1 0 1 
-33.5572 6.92826 0.314882 0 0 0 0.141218 13 11489 1 0 1 
5.6884 1.03059 0.326524 0 0 0 0.140721 13 11490 1 0 1 
-10.6118 5.37533 0.344777 0 0 0 0.13727 13 11491 1 0 1 
-6.73417 -7.2537 0.350837 0 0 0 0.134589 13 11492 1 0 1 
-26.8501 -3.53527 0.311446 0 0 0 0.142178 13 11493 1 0 1 
16.5376 -6.17973 0.337707 0 0 0 0.138104 13 11494 1 0 1 
13.9969 -11.1148 0.312607 0 0 0 0.142499 13 11495 1 0 1 
8.47731 1.48293 0.360662 0 0 0 0.133284 13 11496 1 0 1 
14.2914 2.646 0.312006 0 0 0 0.14227 13 11497 1 0 1 
-10.6134 15.0478 0.30301 0 0 0 0.144891 13 11498 1 0 1 
5.70974 10.4778 0.325337 0 0 0 0.138518 13 11499 1 0 1 
30.1653 7.26323 0.356473 0 0 0 0.133787 13 11500 1 0 1 
8.3758 8.63677 0.30691 0 0 0 0.142924 13 11501 1 0 1 
-7.85518 0.267421 0.348128 0 0 0 0.134909 13 11502 1 0 1 
-30.9723 2.73156 0.296348 0 0 0 0.144557 13 11503 1 0 1 
13.8775 6.27146 0.320058 0 0 0 0.140119 13 11504 1 0 1 
5.20197 1.54426 0.323728 0 0 0 0.140812 13 11505 1 0 1 
-14.7011 13.2074 0.286047 0 0 0 0.148291 13 11506 1 0 1 
-20.7725 33.8817 0.37115 0 0 0 0.13114 13 11507 1 0 1 
30.0019 -20.4541 0.316678 0 0 0 0.139092 13 11508 1 0 1 
1.1156 -16.4746 0.295137 0 0 0 0.14599 13 11509 1 0 1 
-6.79902 -11.1575 0.338909 0 0 0 0.13681 13 11510 1 0 1 
13.5126 13.6076 0.297541 0 0 0 0.143601 13 11511 1 0 1 
-4.39329 -16.9266 0.39275 0 0 0 0.129712 13 11512 1 0 1 
-9.80486 -3.71402 0.339377 0 0 0 0.13853 13 11513 1 0 1 
-9.23597 23.8235 0.339766 0 0 0 0.138833 13 11514 1 0 1 
-8.89664 -11.2445 0.27362 0 0 0 0.150117 13 11515 1 0 1 
21.7581 23.3224 0.311844 0 0 0 0.142294 13 11516 1 0 1 
7.66128 -0.486835 0.323433 0 0 0 0.139432 13 11517 1 0 1 
13.4777 -19.0409 0.334543 0 0 0 0.138793 13 11518 1 0 1 
-9.22292 -11.5305 0.277503 0 0 0 0.148685 13 11519 1 0 1 
10.5538 1.8335 0.341906 0 0 0 0.135029 13 11520 1 0 1 
-2.67761 15.5967 0.347972 0 0 0 0.136042 13 11521 1 0 1 
-3.68191 7.44754 0.31759 0 0 0 0.141164 13 11522 1 0 1 
15.9849 -16.8944 0.324945 0 0 0 0.139193 13 11523 1 0 1 
6.29607 0.668239 0.29551 0 0 0 0.144682 13 11524 1 0 1 
0.981382 -5.56699 0.299074 0 0 0 0.145572 13 11525 1 0 1 
0.332375 33.3414 0.337633 0 0 0 0.133504 13 11526 1 0 1 
0.324943 0.19355 0.306474 0 0 0 0.144174 13 11527 1 0 1 
18.7725 -1.84025 0.344193 0 0 0 0.136902 13 11528 1 0 1 
-17.4374 16.3343 0.290243 0 0 0 0.146725 13 11529 1 0 1 
9.25308 29.2249 0.31542 0 0 0 0.139728 13 11530 1 0 1 
-2.44613 -5.19905 0.307689 0 0 0 0.143034 13 11531 1 0 1 
-9.20775 2.92288 0.303808 0 0 0 0.143357 13 11532 1 0 1 
9.61935 -8.07213 0.351861 0 0 0 0.134441 13 11533 1 0 1 
26.0705 -3.31474 0.30304 0 0 0 0.143344 13 11534 1 0 1 
-21.9755 6.62672 0.370853 0 0 0 0.132486 13 11535 1 0 1 
-10.3019 -8.22958 0.329458 0 0 0 0.13932 13 11536 1 0 1 
3.98518 14.054 0.309113 0 0 0 0.142083 13 11537 1 0 1 
11.7845 2.54087 0.326446 0 0 0 0.140043 13 11538 1 0 1 
16.4764 0.283712 0.304689 0 0 0 0.144455 13 11539 1 0 1 
-42.7326 12.0202 0.329282 0 0 0 0.139062 13 11540 1 0 1 
25.5765 35.9967 0.310172 0 0 0 0.142927 13 11541 1 0 1 
22.8768 23.0657 0.318461 0 0 0 0.142025 13 11542 1 0 1 
-3.17186 -6.72317 0.327207 0 0 0 0.137415 13 11543 1 0 1 
1.12966 8.65913 0.283789 0 0 0 0.147577 13 11544 1 0 1 
-7.34696 -11.9518 0.353226 0 0 0 0.134123 13 11545 1 0 1 
-0.286598 -10.6028 0.300199 0 0 0 0.145979 13 11546 1 0 1 
6.12874 22.2581 0.326338 0 0 0 0.138204 13 11547 1 0 1 
-3.76969 18.3488 0.315193 0 0 0 0.139319 13 11548 1 0 1 
2.66962 11.2945 0.286409 0 0 0 0.146882 13 11549 1 0 1 
-6.49915 14.2407 0.355684 0 0 0 0.13449 13 11550 1 0 1 
-22.264 -5.89363 0.342004 0 0 0 0.136993 13 11551 1 0 1 
5.11514 -3.5477 0.408375 0 0 0 0.127876 13 11552 1 0 1 
-0.960633 5.42982 0.343744 0 0 0 0.137336 13 11553 1 0 1 
-10.5904 -30.2112 0.30962 0 0 0 0.14089 13 11554 1 0 1 
-13.3712 6.82852 0.32414 0 0 0 0.138102 13 11555 1 0 1 
-7.53064 -22.9378 0.302435 0 0 0 0.145156 13 11556 1 0 1 
10.3738 2.96582 0.356307 0 0 0 0.133442 13 11557 1 0 1 
25.4766 -25.7364 0.320835 0 0 0 0.140346 13 11558 1 0 1 
-16.4033 9.73803 0.298083 0 0 0 0.14503 13 11559 1 0 1 
10.2315 14.33 0.330266 0 0 0 0.138425 13 11560 1 0 1 
20.9431 -6.74137 0.306372 0 0 0 0.144236 13 11561 1 0 1 
6.7549 -10.9912 0.304773 0 0 0 0.144156 13 11562 1 0 1 
25.1785 -12.2055 0.33322 0 0 0 0.13821 13 11563 1 0 1 
-5.88433 -25.2291 0.332856 0 0 0 0.137122 13 11564 1 0 1 
14.7472 -14.9126 0.333245 0 0 0 0.136591 13 11565 1 0 1 
-1.85462 -13.5447 0.330146 0 0 0 0.140069 13 11566 1 0 1 
42.2493 12.5679 0.328514 0 0 0 0.138167 13 11567 1 0 1 
-4.18846 -19.9748 0.38139 0 0 0 0.130073 13 11568 1 0 1 
16.1383 13.6034 0.341323 0 0 0 0.13688 13 11569 1 0 1 
-0.936552 20.6288 0.311764 0 0 0 0.142158 13 11570 1 0 1 
-13.0866 -10.6717 0.340174 0 0 0 0.136125 13 11571 1 0 1 
-3.8979 -21.1694 0.346083 0 0 0 0.134448 13 11572 1 0 1 
9.27302 -1.96428 0.330792 0 0 0 0.139109 13 11573 1 0 1 
-11.2584 22.663 0.338474 0 0 0 0.136788 13 11574 1 0 1 
-21.5329 -7.2565 0.320541 0 0 0 0.141127 13 11575 1 0 1 
18.5775 -0.320258 0.271942 0 0 0 0.147297 13 11576 1 0 1 
5.23633 15.5744 0.299433 0 0 0 0.143677 13 11577 1 0 1 
3.05955 20.3021 0.305877 0 0 0 0.143597 13 11578 1 0 1 
-9.4574 -15.4187 0.362118 0 0 0 0.132215 13 11579 1 0 1 
14.7942 -20.5425 0.321871 0 0 0 0.138765 13 11580 1 0 1 
-16.7204 6.6724 0.324514 0 0 0 0.140505 13 11581 1 0 1 
-25.9637 21.6542 0.288272 0 0 0 0.140607 13 11582 1 0 1 
-6.01938 7.87064 0.342876 0 0 0 0.137019 13 11583 1 0 1 
-9.72191 7.86006 0.324316 0 0 0 0.138303 13 11584 1 0 1 
-19.1031 12.6166 0.345856 0 0 0 0.136615 13 11585 1 0 1 
5.45109 27.9986 0.333679 0 0 0 0.137883 13 11586 1 0 1 
-4.64601 -10.3536 0.335531 0 0 0 0.138678 13 11587 1 0 1 
-4.79033 12.7095 0.304391 0 0 0 0.14371 13 11588 1 0 1 
-8.4462 19.8465 0.278952 0 0 0 0.149798 13 11589 1 0 1 
-38.7662 -0.301643 0.332735 0 0 0 0.139159 13 11590 1 0 1 
32.4208 34.6997 0.344263 0 0 0 0.136483 13 11591 1 0 1 
-4.66009 -7.97073 0.323655 0 0 0 0.140114 13 11592 1 0 1 
12.1762 8.13187 0.310242 0 0 0 0.142042 13 11593 1 0 1 
21.3388 -2.3666 0.32109 0 0 0 0.140338 13 11594 1 0 1 
-2.48404 -19.6093 0.329051 0 0 0 0.13796 13 11595 1 0 1 
9.8252 -9.15981 0.317792 0 0 0 0.140778 13 11596 1 0 1 
-2.75834 28.6327 0.282418 0 0 0 0.146964 13 11597 1 0 1 
-2.62068 -9.09409 0.325848 0 0 0 0.139446 13 11598 1 0 1 
20.6216 -2.73439 0.321594 0 0 0 0.139588 13 11599 1 0 1 
-25.1212 -13.252 0.32561 0 0 0 0.139458 13 11600 1 0 1 
0.538576 26.7234 0.331828 0 0 0 0.139646 13 11601 1 0 1 
16.0115 -17.6277 0.319109 0 0 0 0.140406 13 11602 1 0 1 
18.5478 -14.0613 0.256168 0 0 0 0.154853 13 11603 1 0 1 
-6.49184 54.8751 0.32568 0 0 0 0.138591 13 11604 1 0 1 
-15.5879 -7.96845 0.295735 0 0 0 0.145951 13 11605 1 0 1 
6.97228 -18.7185 0.291814 0 0 0 0.146066 13 11606 1 0 1 
6.92626 -16.8924 0.292974 0 0 0 0.139836 13 11607 1 0 1 
-6.0534 -1.57941 0.283639 0 0 0 0.141748 13 11608 1 0 1 
-6.06291 -11.8624 0.274952 0 0 0 0.145381 13 11609 1 0 1 
-11.1037 12.2676 0.291227 0 0 0 0.146204 13 11610 1 0 1 
-14.2372 11.6039 0.386265 0 0 0 0.130563 13 11611 1 0 1 
-22.1068 3.6559 0.309793 0 0 0 0.141754 13 11612 1 0 1 
15.7456 22.1995 0.32125 0 0 0 0.140068 13 11613 1 0 1 
-5.54078 -0.319086 0.28871 0 0 0 0.146792 13 11614 1 0 1 
-24.1684 28.8016 0.321605 0 0 0 0.140614 13 11615 1 0 1 
-14.8477 24.0515 0.317025 0 0 0 0.140644 13 11616 1 0 1 
-5.53784 -3.32478 0.322041 0 0 0 0.141233 13 11617 1 0 1 
-8.7692 -22.4323 0.336936 0 0 0 0.135236 13 11618 1 0 1 
5.1205 -1.93028 0.329676 0 0 0 0.139193 13 11619 1 0 1 
-5.66912 -14.6919 0.359392 0 0 0 0.132949 13 11620 1 0 1 
-1.9212 -12.3365 0.358312 0 0 0 0.134709 13 11621 1 0 1 
-4.71018 -10.238 0.306478 0 0 0 0.142701 13 11622 1 0 1 
-20.0579 18.0824 0.316764 0 0 0 0.139507 13 11623 1 0 1 
-14.7274 -6.88259 0.284353 0 0 0 0.146977 13 11624 1 0 1 
17.5162 -12.4312 0.319843 0 0 0 0.141057 13 11625 1 0 1 
8.7328 0.0935034 0.323345 0 0 0 0.139656 13 11626 1 0 1 
4.57023 6.26013 0.350686 0 0 0 0.134291 13 11627 1 0 1 
-10.4645 -7.04043 0.345185 0 0 0 0.135261 13 11628 1 0 1 
1.31887 -15.4748 0.323452 0 0 0 0.14021 13 11629 1 0 1 
2.67991 18.2396 0.297819 0 0 0 0.144874 13 11630 1 0 1 
14.6742 10.1828 0.3497 0 0 0 0.132038 13 11631 1 0 1 
-24.5992 4.01706 0.294685 0 0 0 0.145176 13 11632 1 0 1 
-11.809 1.59307 0.319273 0 0 0 0.141582 13 11633 1 0 1 
-15.1186 -21.0615 0.321234 0 0 0 0.141526 13 11634 1 0 1 
2.0707 17.6819 0.33189 0 0 0 0.140178 13 11635 1 0 1 
-2.70493 -18.0879 0.329597 0 0 0 0.140941 13 11636 1 0 1 
-1.99796 16.2919 0.334825 0 0 0 0.137679 13 11637 1 0 1 
-25.2704 12.0594 0.294469 0 0 0 0.143944 13 11638 1 0 1 
-20.5437 23.2908 0.340963 0 0 0 0.136545 13 11639 1 0 1 
35.0853 14.2848 0.332751 0 0 0 0.138207 13 11640 1 0 1 
-16.0348 1.9781 0.277871 0 0 0 0.150038 13 11641 1 0 1 
18.7371 32.0588 0.28275 0 0 0 0.148125 13 11642 1 0 1 
12.898 4.28342 0.327251 0 0 0 0.138514 13 11643 1 0 1 
17.575 -2.12293 0.309889 0 0 0 0.14199 13 11644 1 0 1 
8.08728 26.8222 0.305132 0 0 0 0.143607 13 11645 1 0 1 
-1.83535 -6.36285 0.31903 0 0 0 0.141455 13 11646 1 0 1 
18.5225 4.10545 0.318229 0 0 0 0.140543 13 11647 1 0 1 
9.03043 -16.467 0.337553 0 0 0 0.138368 13 11648 1 0 1 
-0.462874 -19.2877 0.334064 0 0 0 0.137341 13 11649 1 0 1 
11.1231 25.3516 0.330845 0 0 0 0.138742 13 11650 1 0 1 
22.4253 -8.34933 0.369888 0 0 0 0.132121 13 11651 1 0 1 
-5.02629 15.2294 0.327315 0 0 0 0.136405 13 11652 1 0 1 
-2.25549 26.4058 0.301618 0 0 0 0.145139 13 11653 1 0 1 
-7.25894 5.85342 0.3084 0 0 0 0.14327 13 11654 1 0 1 
28.4906 32.5251 0.322983 0 0 0 0.141132 13 11655 1 0 1 
8.9401 -1.3847 0.348367 0 0 0 0.136051 13 11656 1 0 1 
-1.92258 16.9952 0.349999 0 0 0 0.134554 13 11657 1 0 1 
13.6055 17.0269 0.300021 0 0 0 0.141974 13 11658 1 0 1 
-0.952724 0.483036 0.272009 0 0 0 0.150811 13 11659 1 0 1 
-1.43786 18.1827 0.283481 0 0 0 0.147289 13 11660 1 0 1 
-4.37801 -10.7483 0.309128 0 0 0 0.142843 13 11661 1 0 1 
-11.5742 -4.32565 0.329763 0 0 0 0.138677 13 11662 1 0 1 
1.96488 -4.27651 0.31347 0 0 0 0.141402 13 11663 1 0 1 
2.69527 -6.21681 0.311453 0 0 0 0.141463 13 11664 1 0 1 
6.6225 12.8979 0.299042 0 0 0 0.145145 13 11665 1 0 1 
-33.4039 18.616 0.29745 0 0 0 0.144599 13 11666 1 0 1 
-11.2513 7.38197 0.303115 0 0 0 0.144187 13 11667 1 0 1 
3.30091 -2.91859 0.312189 0 0 0 0.143608 13 11668 1 0 1 
-10.0294 38.5145 0.353042 0 0 0 0.135441 13 11669 1 0 1 
-5.90997 -8.86511 0.34157 0 0 0 0.137299 13 11670 1 0 1 
8.683 -0.816618 0.349114 0 0 0 0.135079 13 11671 1 0 1 
-6.49643 7.23951 0.293142 0 0 0 0.145084 13 11672 1 0 1 
20.2666 -0.541494 0.341527 0 0 0 0.135697 13 11673 1 0 1 
-6.26152 -22.6732 0.309171 0 0 0 0.143023 13 11674 1 0 1 
11.2501 -7.05369 0.319943 0 0 0 0.141036 13 11675 1 0 1 
-24.6021 9.19928 0.368987 0 0 0 0.132382 13 11676 1 0 1 
10.4534 10.528 0.283276 0 0 0 0.147612 13 11677 1 0 1 
13.6374 -10.3467 0.321416 0 0 0 0.137084 13 11678 1 0 1 
-9.99158 17.3567 0.262321 0 0 0 0.154524 13 11679 1 0 1 
1.77864 -7.32455 0.368495 0 0 0 0.133551 13 11680 1 0 1 
33.2317 13.699 0.292401 0 0 0 0.145555 13 11681 1 0 1 
19.4299 -13.6454 0.329367 0 0 0 0.138618 13 11682 1 0 1 
-20.0941 16.6781 0.292241 0 0 0 0.143983 13 11683 1 0 1 
20.1498 -21.6587 0.347694 0 0 0 0.133353 13 11684 1 0 1 
-14.4132 -20.5612 0.334401 0 0 0 0.138054 13 11685 1 0 1 
8.83204 -17.467 0.343138 0 0 0 0.13734 13 11686 1 0 1 
-3.66085 -10.1459 0.301267 0 0 0 0.144637 13 11687 1 0 1 
-13.2221 -7.97564 0.316662 0 0 0 0.142653 13 11688 1 0 1 
-9.68994 -25.3984 0.323137 0 0 0 0.140074 13 11689 1 0 1 
2.64115 -2.16894 0.351102 0 0 0 0.136144 13 11690 1 0 1 
3.89151 11.7283 0.307129 0 0 0 0.143497 13 11691 1 0 1 
16.7491 -9.34056 0.348513 0 0 0 0.132987 13 11692 1 0 1 
-5.41115 -9.48976 0.333757 0 0 0 0.138736 13 11693 1 0 1 
3.46426 22.1075 0.337704 0 0 0 0.136414 13 11694 1 0 1 
3.63625 7.29391 0.324852 0 0 0 0.139244 13 11695 1 0 1 
-16.1444 -11.929 0.30036 0 0 0 0.145062 13 11696 1 0 1 
21.4877 4.31546 0.333243 0 0 0 0.139296 13 11697 1 0 1 
-9.94191 -1.17281 0.30998 0 0 0 0.142617 13 11698 1 0 1 
-7.73005 27.0151 0.321836 0 0 0 0.138331 13 11699 1 0 1 
7.07936 -17.7571 0.308264 0 0 0 0.143907 13 11700 1 0 1 
6.17753 -3.1228 0.319874 0 0 0 0.139141 13 11701 1 0 1 
-9.49472 -1.11074 0.327605 0 0 0 0.139284 13 11702 1 0 1 
-4.18299 -10.5443 0.310227 0 0 0 0.142953 13 11703 1 0 1 
28.901 10.35 0.344788 0 0 0 0.136402 13 11704 1 0 1 
-13.9979 -1.16682 0.272031 0 0 0 0.150552 13 11705 1 0 1 
-22.8942 9.69925 0.324279 0 0 0 0.139767 13 11706 1 0 1 
4.31715 -9.29851 0.325083 0 0 0 0.139828 13 11707 1 0 1 
-10.4781 -16.5924 0.34387 0 0 0 0.135941 13 11708 1 0 1 
-8.94771 -2.75046 0.347688 0 0 0 0.135943 13 11709 1 0 1 
-14.9799 -14.7644 0.295668 0 0 0 0.146418 13 11710 1 0 1 
20.9572 0.146271 0.324283 0 0 0 0.139983 13 11711 1 0 1 
-6.81185 -13.1722 0.328349 0 0 0 0.138287 13 11712 1 0 1 
10.9538 9.82055 0.311388 0 0 0 0.14377 13 11713 1 0 1 
-1.0459 15.9687 0.318682 0 0 0 0.139214 13 11714 1 0 1 
-7.79092 9.1349 0.29183 0 0 0 0.146248 13 11715 1 0 1 
-8.87493 0.760402 0.360555 0 0 0 0.131366 13 11716 1 0 1 
-23.2468 24.644 0.346157 0 0 0 0.136977 13 11717 1 0 1 
2.57508 -17.7131 0.333741 0 0 0 0.137115 13 11718 1 0 1 
-7.08142 3.85297 0.275274 0 0 0 0.149914 13 11719 1 0 1 
-0.712465 0.236886 0.35893 0 0 0 0.134834 13 11720 1 0 1 
-15.7939 -10.3761 0.307413 0 0 0 0.142098 13 11721 1 0 1 
19.7473 7.48555 0.313134 0 0 0 0.14224 13 11722 1 0 1 
14.596 -3.82786 0.340592 0 0 0 0.137792 13 11723 1 0 1 
6.91821 0.0851886 0.287166 0 0 0 0.1476 13 11724 1 0 1 
15.2531 -10.9334 0.361169 0 0 0 0.131877 13 11725 1 0 1 
14.3961 -19.7666 0.347379 0 0 0 0.133956 13 11726 1 0 1 
-11.6902 0.823703 0.313517 0 0 0 0.13957 13 11727 1 0 1 
-14.4738 -2.35791 0.322387 0 0 0 0.140997 13 11728 1 0 1 
10.2597 -2.66967 0.327186 0 0 0 0.138215 13 11729 1 0 1 
-5.09857 -26.433 0.203333 0 0 0 0.139061 13 11730 1 0 1 
-22.9428 -13.5195 0.308576 0 0 0 0.143169 13 11731 1 0 1 
-4.34793 15.4175 0.330121 0 0 0 0.13983 13 11732 1 0 1 
-13.795 -11.0665 0.313273 0 0 0 0.141847 13 11733 1 0 1 
-6.05152 13.6071 0.31955 0 0 0 0.139775 13 11734 1 0 1 
0.394709 5.09382 0.295404 0 0 0 0.145488 13 11735 1 0 1 
3.81595 7.21548 0.26995 0 0 0 0.15132 13 11736 1 0 1 
18.8326 -14.4239 0.339345 0 0 0 0.136136 13 11737 1 0 1 
0.526694 -14.2911 0.353414 0 0 0 0.135282 13 11738 1 0 1 
4.4802 -8.15255 0.310984 0 0 0 0.14106 13 11739 1 0 1 
-20.0714 30.6286 0.333141 0 0 0 0.139294 13 11740 1 0 1 
7.59535 6.51943 0.282174 0 0 0 0.147591 13 11741 1 0 1 
36.5173 -23.3021 0.301612 0 0 0 0.143759 13 11742 1 0 1 
1.27662 8.47969 0.298466 0 0 0 0.14315 13 11743 1 0 1 
21.5716 -7.91679 0.334114 0 0 0 0.137719 13 11744 1 0 1 
19.7407 15.3105 0.301022 0 0 0 0.144075 13 11745 1 0 1 
19.5664 -22.0398 0.291788 0 0 0 0.147053 13 11746 1 0 1 
11.6553 12.0273 0.322153 0 0 0 0.140048 13 11747 1 0 1 
-2.21734 -8.35638 0.309032 0 0 0 0.143837 13 11748 1 0 1 
37.9919 -7.07024 0.362567 0 0 0 0.133839 13 11749 1 0 1 
-2.04849 6.68622 0.307968 0 0 0 0.141598 13 11750 1 0 1 
13.18 15.7535 0.34348 0 0 0 0.135898 13 11751 1 0 1 
11.8769 17.347 0.29665 0 0 0 0.146252 13 11752 1 0 1 
29.2023 2.24005 0.299047 0 0 0 0.143702 13 11753 1 0 1 
5.07598 -10.9365 0.320425 0 0 0 0.138448 13 11754 1 0 1 
-2.14452 -30.5866 0.313515 0 0 0 0.142026 13 11755 1 0 1 
-24.9079 -21.918 0.305513 0 0 0 0.143985 13 11756 1 0 1 
-3.19784 -24.9735 0.328854 0 0 0 0.138291 13 11757 1 0 1 
9.63036 -5.04613 0.3402 0 0 0 0.138105 13 11758 1 0 1 
13.8341 -38.9895 0.331791 0 0 0 0.13674 13 11759 1 0 1 
-0.808601 -7.84237 0.302193 0 0 0 0.144577 13 11760 1 0 1 
16.8313 -23.2066 0.328551 0 0 0 0.137318 13 11761 1 0 1 
2.18995 11.2076 0.340508 0 0 0 0.135248 13 11762 1 0 1 
-6.81993 -15.3615 0.298931 0 0 0 0.14606 13 11763 1 0 1 
-8.24365 13.6957 0.379424 0 0 0 0.130541 13 11764 1 0 1 
-2.06102 -10.2902 0.347834 0 0 0 0.134404 13 11765 1 0 1 
-10.9426 -2.1147 0.338317 0 0 0 0.13636 13 11766 1 0 1 
-46.2651 2.3432 0.325235 0 0 0 0.13721 13 11767 1 0 1 
12.306 6.8257 0.306167 0 0 0 0.144313 13 11768 1 0 1 
2.20609 -18.1307 0.341558 0 0 0 0.13674 13 11769 1 0 1 
13.0467 7.96326 0.375087 0 0 0 0.132366 13 11770 1 0 1 
21.8327 1.80149 0.34487 0 0 0 0.138138 13 11771 1 0 1 
-21.574 -2.71089 0.328409 0 0 0 0.137843 13 11772 1 0 1 
10.8507 -11.8301 0.312776 0 0 0 0.141376 13 11773 1 0 1 
-27.6257 5.17655 0.287714 0 0 0 0.14525 13 11774 1 0 1 
9.53256 -21.5918 0.314049 0 0 0 0.143176 13 11775 1 0 1 
-3.96812 11.5367 0.401096 0 0 0 0.127638 13 11776 1 0 1 
0.75583 12.8358 0.319056 0 0 0 0.142125 13 11777 1 0 1 
-13.3296 -6.61718 0.38781 0 0 0 0.129827 13 11778 1 0 1 
-20.9297 -30.2275 0.33676 0 0 0 0.137696 13 11779 1 0 1 
-4.49899 -14.6379 0.377332 0 0 0 0.130425 13 11780 1 0 1 
8.99944 20.4875 0.28899 0 0 0 0.147107 13 11781 1 0 1 
-20.174 -11.0781 0.291394 0 0 0 0.145526 13 11782 1 0 1 
12.6644 11.5276 0.297447 0 0 0 0.146116 13 11783 1 0 1 
3.21858 -22.3513 0.306253 0 0 0 0.143557 13 11784 1 0 1 
12.1767 18.2147 0.332059 0 0 0 0.138842 13 11785 1 0 1 
-5.45097 -16.8908 0.277632 0 0 0 0.149341 13 11786 1 0 1 
-0.432371 9.30148 0.323282 0 0 0 0.140301 13 11787 1 0 1 
16.7894 -16.069 0.296319 0 0 0 0.145723 13 11788 1 0 1 
-2.57541 13.285 0.331933 0 0 0 0.137071 13 11789 1 0 1 
-5.24598 -5.15986 0.35032 0 0 0 0.134507 13 11790 1 0 1 
6.78908 -9.97674 0.32746 0 0 0 0.139287 13 11791 1 0 1 
-22.0908 -1.11987 0.328625 0 0 0 0.137161 13 11792 1 0 1 
-26.0412 0.267692 0.281056 0 0 0 0.148561 13 11793 1 0 1 
-13.1467 -17.7066 0.321939 0 0 0 0.137049 13 11794 1 0 1 
-13.3583 10.7893 0.309749 0 0 0 0.14188 13 11795 1 0 1 
-8.26494 -12.503 0.326535 0 0 0 0.139803 13 11796 1 0 1 
-14.7304 5.31574 0.293559 0 0 0 0.144979 13 11797 1 0 1 
18.8912 -11.9054 0.320403 0 0 0 0.141282 13 11798 1 0 1 
3.98485 -6.4951 0.267881 0 0 0 0.15008 13 11799 1 0 1 
-29.7575 -2.15952 0.328948 0 0 0 0.137543 13 11800 1 0 1 
-32.2278 10.1372 0.314855 0 0 0 0.14264 13 11801 1 0 1 
-0.206997 -5.76312 0.319045 0 0 0 0.139478 13 11802 1 0 1 
-9.82454 19.1097 0.328684 0 0 0 0.13898 13 11803 1 0 1 
-37.7032 1.05321 0.336425 0 0 0 0.136608 13 11804 1 0 1 
-15.1155 -14.1477 0.297112 0 0 0 0.145157 13 11805 1 0 1 
6.95449 5.68368 0.332322 0 0 0 0.135869 13 11806 1 0 1 
19.8837 -13.76 0.329913 0 0 0 0.139017 13 11807 1 0 1 
-1.43298 -1.26787 0.307037 0 0 0 0.142354 13 11808 1 0 1 
-12.3818 -22.4772 0.325848 0 0 0 0.140765 13 11809 1 0 1 
1.6239 -7.05253 0.275718 0 0 0 0.15056 13 11810 1 0 1 
-10.9788 7.69615 0.322988 0 0 0 0.140334 13 11811 1 0 1 
-1.98191 -1.75872 0.347705 0 0 0 0.13365 13 11812 1 0 1 
15.5325 1.79352 0.316047 0 0 0 0.142593 13 11813 1 0 1 
-28.9047 16.2721 0.378784 0 0 0 0.130645 13 11814 1 0 1 
-16.5059 26.4619 0.322949 0 0 0 0.140003 13 11815 1 0 1 
4.1053 -1.53865 0.382522 0 0 0 0.130738 13 11816 1 0 1 
10.7722 -23.2261 0.31742 0 0 0 0.140292 13 11817 1 0 1 
-14.8379 -0.720035 0.308581 0 0 0 0.142005 13 11818 1 0 1 
-31.6368 15.7575 0.288128 0 0 0 0.146787 13 11819 1 0 1 
-9.98086 -21.2214 0.317598 0 0 0 0.139294 13 11820 1 0 1 
10.7589 -40.0601 0.327408 0 0 0 0.139857 13 11821 1 0 1 
-2.353 2.15289 0.340276 0 0 0 0.136066 13 11822 1 0 1 
11.9618 24.1297 0.33778 0 0 0 0.137886 13 11823 1 0 1 
-8.88934 -27.7402 0.332316 0 0 0 0.138789 13 11824 1 0 1 
22.0285 -13.0552 0.326184 0 0 0 0.140165 13 11825 1 0 1 
-0.114004 -16.406 0.325355 0 0 0 0.139601 13 11826 1 0 1 
-0.0494726 11.8312 0.330414 0 0 0 0.137517 13 11827 1 0 1 
-16.5047 1.36998 0.28282 0 0 0 0.148266 13 11828 1 0 1 
-9.31015 14.3612 0.319069 0 0 0 0.140209 13 11829 1 0 1 
-17.5388 -6.4019 0.362928 0 0 0 0.132803 13 11830 1 0 1 
-10.6718 -10.7453 0.282351 0 0 0 0.147333 13 11831 1 0 1 
26.3091 8.63854 0.341937 0 0 0 0.135259 13 11832 1 0 1 
17.6094 7.59003 0.318783 0 0 0 0.141032 13 11833 1 0 1 
15.512 -5.29284 0.298415 0 0 0 0.145164 13 11834 1 0 1 
-24.6292 16.9209 0.340697 0 0 0 0.136771 13 11835 1 0 1 
-7.90158 -4.55971 0.299314 0 0 0 0.144169 13 11836 1 0 1 
-9.12748 0.945484 0.355763 0 0 0 0.132606 13 11837 1 0 1 
15.3582 -18.0685 0.295881 0 0 0 0.142199 13 11838 1 0 1 
-10.6411 -13.7889 0.339369 0 0 0 0.135628 13 11839 1 0 1 
9.07729 1.74348 0.335084 0 0 0 0.138669 13 11840 1 0 1 
-12.1771 12.4944 0.304846 0 0 0 0.142157 13 11841 1 0 1 
-30.6175 24.7401 0.316856 0 0 0 0.139712 13 11842 1 0 1 
32.1977 -6.01826 0.34452 0 0 0 0.134903 13 11843 1 0 1 
16.7594 19.0649 0.336513 0 0 0 0.136487 13 11844 1 0 1 
10.8552 -9.26398 0.278443 0 0 0 0.149106 13 11845 1 0 1 
-24.0837 -15.5723 0.317899 0 0 0 0.139987 13 11846 1 0 1 
-6.21324 -25.9851 0.30488 0 0 0 0.143397 13 11847 1 0 1 
20.6224 -10.1175 0.318202 0 0 0 0.140879 13 11848 1 0 1 
-8.70096 3.5219 0.328385 0 0 0 0.140292 13 11849 1 0 1 
25.0969 -22.7478 0.335179 0 0 0 0.13604 13 11850 1 0 1 
-16.0083 -3.41709 0.311527 0 0 0 0.141647 13 11851 1 0 1 
1.57667 -14.2941 0.341139 0 0 0 0.136779 13 11852 1 0 1 
-23.0965 -1.73364 0.320865 0 0 0 0.141437 13 11853 1 0 1 
7.02941 -0.787066 0.323279 0 0 0 0.140225 13 11854 1 0 1 
-16.1301 -0.641436 0.315425 0 0 0 0.140854 13 11855 1 0 1 
17.6592 -6.75579 0.350388 0 0 0 0.132324 13 11856 1 0 1 
17.9011 12.4926 0.304484 0 0 0 0.143053 13 11857 1 0 1 
-18.7414 -29.5695 0.327155 0 0 0 0.136951 13 11858 1 0 1 
-20.3287 -23.1864 0.323715 0 0 0 0.139804 13 11859 1 0 1 
9.68252 -14.1874 0.348812 0 0 0 0.134407 13 11860 1 0 1 
15.672 11.6098 0.334175 0 0 0 0.137433 13 11861 1 0 1 
38.4884 -9.133 0.348315 0 0 0 0.135416 13 11862 1 0 1 
21.269 -24.5354 0.309807 0 0 0 0.142708 13 11863 1 0 1 
9.75975 -12.0936 0.338979 0 0 0 0.13655 13 11864 1 0 1 
20.2984 14.6119 0.320043 0 0 0 0.140153 13 11865 1 0 1 
12.5997 -32.1396 0.295238 0 0 0 0.144363 13 11866 1 0 1 
-24.8535 0.835894 0.362632 0 0 0 0.132527 13 11867 1 0 1 
-3.03695 18.0956 0.342053 0 0 0 0.138267 13 11868 1 0 1 
-17.1333 21.6133 0.315779 0 0 0 0.140757 13 11869 1 0 1 
-8.44476 -13.2486 0.296827 0 0 0 0.145098 13 11870 1 0 1 
-31.0936 7.04848 0.318626 0 0 0 0.140827 13 11871 1 0 1 
-20.3023 -22.0859 0.343074 0 0 0 0.135943 13 11872 1 0 1 
-25.7401 -20.8079 0.334874 0 0 0 0.137842 13 11873 1 0 1 
-19.452 12.1835 0.300572 0 0 0 0.145005 13 11874 1 0 1 
9.13109 -0.499766 0.315332 0 0 0 0.141174 13 11875 1 0 1 
-21.0686 -22.2647 0.297149 0 0 0 0.143981 13 11876 1 0 1 
-3.05522 -12.198 0.324691 0 0 0 0.138718 13 11877 1 0 1 
-4.14428 27.9776 0.322684 0 0 0 0.142177 13 11878 1 0 1 
15.1473 -4.98514 0.309439 0 0 0 0.14124 13 11879 1 0 1 
-14.3587 -25.1867 0.30219 0 0 0 0.144078 13 11880 1 0 1 
-5.1902 7.77297 0.299528 0 0 0 0.144149 13 11881 1 0 1 
2.14606 7.56956 0.325838 0 0 0 0.140117 13 11882 1 0 1 
12.2632 -8.73338 0.269541 0 0 0 0.151514 13 11883 1 0 1 
31.8284 -5.02152 0.32392 0 0 0 0.140471 13 11884 1 0 1 
-7.345 -26.948 0.348316 0 0 0 0.133424 13 11885 1 0 1 
-2.17662 0.894969 0.349594 0 0 0 0.1364 13 11886 1 0 1 
8.1718 -2.58647 0.278096 0 0 0 0.149661 13 11887 1 0 1 
18.6898 7.53552 0.308388 0 0 0 0.143207 13 11888 1 0 1 
-16.9144 10.0965 0.282432 0 0 0 0.147877 13 11889 1 0 1 
-2.05681 4.22518 0.316553 0 0 0 0.140483 13 11890 1 0 1 
12.216 -9.56045 0.357161 0 0 0 0.132621 13 11891 1 0 1 
-33.1356 5.95623 0.350973 0 0 0 0.133576 13 11892 1 0 1 
10.1556 -3.09252 0.323171 0 0 0 0.139825 13 11893 1 0 1 
8.59886 22.2308 0.285443 0 0 0 0.14789 13 11894 1 0 1 
-9.23898 -11.1681 0.284488 0 0 0 0.145543 13 11895 1 0 1 
-2.59256 -4.60542 0.356552 0 0 0 0.134253 13 11896 1 0 1 
0.860118 -10.0169 0.368406 0 0 0 0.132254 13 11897 1 0 1 
9.15784 -23.7196 0.330334 0 0 0 0.136881 13 11898 1 0 1 
-15.5579 -20.9276 0.267707 0 0 0 0.15232 13 11899 1 0 1 
9.01365 34.3119 0.3184 0 0 0 0.140568 13 11900 1 0 1 
10.5244 -10.7252 0.33283 0 0 0 0.137808 13 11901 1 0 1 
-14.5655 11.0562 0.306143 0 0 0 0.143657 13 11902 1 0 1 
2.83343 2.96387 0.304058 0 0 0 0.143118 13 11903 1 0 1 
0.706187 -10.149 0.335511 0 0 0 0.136492 13 11904 1 0 1 
11.2502 32.9516 0.318713 0 0 0 0.13831 13 11905 1 0 1 
-15.5551 -11.1772 0.329076 0 0 0 0.137009 13 11906 1 0 1 
-5.73215 -17.2579 0.237999 0 0 0 0.141414 13 11907 1 0 1 
-9.3374 -3.69457 0.321257 0 0 0 0.142564 13 11908 1 0 1 
5.9728 17.6394 0.355178 0 0 0 0.132711 13 11909 1 0 1 
12.8762 13.3693 0.338319 0 0 0 0.138272 13 11910 1 0 1 
8.00027 3.80671 0.333932 0 0 0 0.137534 13 11911 1 0 1 
-9.12847 3.38665 0.334038 0 0 0 0.136204 13 11912 1 0 1 
13.2541 -14.5354 0.31049 0 0 0 0.142604 13 11913 1 0 1 
49.4609 6.28312 0.314475 0 0 0 0.141628 13 11914 1 0 1 
25.4354 -8.69126 0.3176 0 0 0 0.139023 13 11915 1 0 1 
-0.211171 -12.0378 0.303581 0 0 0 0.144467 13 11916 1 0 1 
-23.5964 15.6138 0.333616 0 0 0 0.13739 13 11917 1 0 1 
-12.3625 -21.8195 0.348585 0 0 0 0.136034 13 11918 1 0 1 
22.2831 -18.2187 0.334607 0 0 0 0.138725 13 11919 1 0 1 
14.9316 -5.49016 0.313331 0 0 0 0.141797 13 11920 1 0 1 
-1.2215 -14.6857 0.322749 0 0 0 0.139192 13 11921 1 0 1 
-12.4099 -20.6824 0.317574 0 0 0 0.140949 13 11922 1 0 1 
22.4117 -0.637202 0.326703 0 0 0 0.139776 13 11923 1 0 1 
-16.3262 1.80086 0.300747 0 0 0 0.143959 13 11924 1 0 1 
8.15391 -24.9788 0.330887 0 0 0 0.138245 13 11925 1 0 1 
-7.63472 -14.6279 0.34767 0 0 0 0.134428 13 11926 1 0 1 
13.8922 -14.3468 0.349883 0 0 0 0.133966 13 11927 1 0 1 
10.0723 -5.58787 0.322675 0 0 0 0.137272 13 11928 1 0 1 
-26.518 -19.1693 0.334079 0 0 0 0.138177 13 11929 1 0 1 
-4.93378 -20.8278 0.326327 0 0 0 0.138987 13 11930 1 0 1 
-15.7496 28.4574 0.299913 0 0 0 0.145665 13 11931 1 0 1 
16.4507 18.7712 0.332893 0 0 0 0.137308 13 11932 1 0 1 
-16.8417 -16.9781 0.332881 0 0 0 0.137126 13 11933 1 0 1 
-4.23567 -16.9002 0.373968 0 0 0 0.13194 13 11934 1 0 1 
-15.133 -22.4108 0.362072 0 0 0 0.132272 13 11935 1 0 1 
-8.04159 25.72 0.329886 0 0 0 0.137876 13 11936 1 0 1 
20.4834 -19.7016 0.273291 0 0 0 0.150439 13 11937 1 0 1 
-1.54574 2.70694 0.336707 0 0 0 0.136981 13 11938 1 0 1 
-0.0967723 8.16429 0.309294 0 0 0 0.142795 13 11939 1 0 1 
-7.90171 8.02704 0.345864 0 0 0 0.134902 13 11940 1 0 1 
15.2889 8.61581 0.346615 0 0 0 0.134678 13 11941 1 0 1 
17.829 -2.37514 0.314162 0 0 0 0.141722 13 11942 1 0 1 
-15.7669 7.0369 0.350907 0 0 0 0.132901 13 11943 1 0 1 
-21.8119 27.6802 0.340387 0 0 0 0.137165 13 11944 1 0 1 
8.96058 5.78041 0.320201 0 0 0 0.139306 13 11945 1 0 1 
-2.33053 -0.975382 0.342629 0 0 0 0.135629 13 11946 1 0 1 
8.60067 7.90667 0.331356 0 0 0 0.139681 13 11947 1 0 1 
15.5028 7.75074 0.316056 0 0 0 0.141608 13 11948 1 0 1 
16.6663 -5.97179 0.350686 0 0 0 0.136341 13 11949 1 0 1 
0.759712 -15.4232 0.34763 0 0 0 0.135472 13 11950 1 0 1 
-2.16 18.8604 0.298166 0 0 0 0.145304 13 11951 1 0 1 
28.7018 -5.56208 0.322676 0 0 0 0.139175 13 11952 1 0 1 
22.3647 1.65184 0.334556 0 0 0 0.136576 13 11953 1 0 1 
-17.9711 -7.86842 0.345152 0 0 0 0.136014 13 11954 1 0 1 
-14.425 -2.9974 0.314106 0 0 0 0.143105 13 11955 1 0 1 
-5.57239 2.79018 0.293912 0 0 0 0.144663 13 11956 1 0 1 
6.42779 -13.5016 0.313246 0 0 0 0.142013 13 11957 1 0 1 
9.70348 30.9451 0.31555 0 0 0 0.141409 13 11958 1 0 1 
-27.3368 3.02224 0.317778 0 0 0 0.141961 13 11959 1 0 1 
-21.6546 -11.6407 0.383738 0 0 0 0.130432 13 11960 1 0 1 
20.8735 -10.2504 0.355832 0 0 0 0.133585 13 11961 1 0 1 
-13.3965 -11.6158 0.338456 0 0 0 0.136187 13 11962 1 0 1 
-11.8448 -26.6697 0.297717 0 0 0 0.146404 13 11963 1 0 1 
-8.65887 8.13707 0.290513 0 0 0 0.14738 13 11964 1 0 1 
-6.16411 1.2933 0.330662 0 0 0 0.138886 13 11965 1 0 1 
0.553687 7.75905 0.281661 0 0 0 0.147179 13 11966 1 0 1 
-10.457 2.98789 0.344126 0 0 0 0.135148 13 11967 1 0 1 
-5.08355 0.560739 0.347688 0 0 0 0.135046 13 11968 1 0 1 
-8.7848 -3.88298 0.298628 0 0 0 0.145427 13 11969 1 0 1 
-12.219 20.4086 0.33624 0 0 0 0.136505 13 11970 1 0 1 
-9.47963 -15.7058 0.274987 0 0 0 0.148748 13 11971 1 0 1 
-12.3798 8.29482 0.356877 0 0 0 0.13236 13 11972 1 0 1 
7.91942 16.8778 0.357084 0 0 0 0.133736 13 11973 1 0 1 
-9.7158 -12.3464 0.309768 0 0 0 0.142862 13 11974 1 0 1 
-2.19383 -21.3005 0.331472 0 0 0 0.138563 13 11975 1 0 1 
33.3273 2.80991 0.320718 0 0 0 0.140342 13 11976 1 0 1 
-7.78129 11.4766 0.29032 0 0 0 0.146141 13 11977 1 0 1 
1.6464 3.97058 0.303845 0 0 0 0.143222 13 11978 1 0 1 
-2.46111 4.25532 0.338212 0 0 0 0.137182 13 11979 1 0 1 
5.33954 -2.58543 0.299626 0 0 0 0.143095 13 11980 1 0 1 
8.03409 13.3742 0.344356 0 0 0 0.137139 13 11981 1 0 1 
14.8602 -12.1676 0.300505 0 0 0 0.144913 13 11982 1 0 1 
4.20255 -10.6261 0.279822 0 0 0 0.148968 13 11983 1 0 1 
-17.8983 1.19697 0.319924 0 0 0 0.140467 13 11984 1 0 1 
6.0701 5.99375 0.280458 0 0 0 0.145718 13 11985 1 0 1 
21.0239 6.37358 0.302254 0 0 0 0.142148 13 11986 1 0 1 
5.65798 12.9343 0.329517 0 0 0 0.138928 13 11987 1 0 1 
-24.566 -4.40007 0.335634 0 0 0 0.139157 13 11988 1 0 1 
13.1057 12.9984 0.306642 0 0 0 0.143538 13 11989 1 0 1 
4.25653 2.21437 0.284069 0 0 0 0.147482 13 11990 1 0 1 
13.1375 -3.82065 0.351476 0 0 0 0.13211 13 11991 1 0 1 
1.46973 6.69901 0.351986 0 0 0 0.133794 13 11992 1 0 1 
2.58742 12.0155 0.326718 0 0 0 0.138183 13 11993 1 0 1 
20.0407 -2.91765 0.359176 0 0 0 0.133194 13 11994 1 0 1 
14.5407 -7.11692 0.334862 0 0 0 0.138454 13 11995 1 0 1 
-5.41539 24.5175 0.316263 0 0 0 0.140574 13 11996 1 0 1 
6.91131 -15.6738 0.335389 0 0 0 0.135795 13 11997 1 0 1 
-3.29219 3.20694 0.294558 0 0 0 0.145589 13 11998 1 0 1 
-6.39058 17.604 0.316902 0 0 0 0.139157 13 11999 1 0 1 
-1.98613 33.3925 0.320798 0 0 0 0.141224 13 12000 1 0 1 
-5.74194 -10.5523 0.299725 0 0 0 0.14479 13 12001 1 0 1 
19.3347 -13.4288 0.37387 0 0 0 0.130319 13 12002 1 0 1 
11.0734 -2.18346 0.331574 0 0 0 0.139478 13 12003 1 0 1 
-28.4738 -1.36429 0.302268 0 0 0 0.145054 13 12004 1 0 1 
10.1969 -4.99214 0.353407 0 0 0 0.134271 13 12005 1 0 1 
-7.05001 7.50574 0.284961 0 0 0 0.148353 13 12006 1 0 1 
-11.4395 -0.219833 0.340564 0 0 0 0.137457 13 12007 1 0 1 
5.70659 8.67064 0.347667 0 0 0 0.134539 13 12008 1 0 1 
-6.32553 -23.7371 0.345827 0 0 0 0.135041 13 12009 1 0 1 
11.3177 -0.113002 0.310796 0 0 0 0.143183 13 12010 1 0 1 
-2.0229 25.1808 0.256668 0 0 0 0.140896 13 12011 1 0 1 
-15.7809 -8.96524 0.306648 0 0 0 0.143841 13 12012 1 0 1 
-38.5216 -20.1374 0.328895 0 0 0 0.138775 13 12013 1 0 1 
7.27832 -12.3517 0.311679 0 0 0 0.143474 13 12014 1 0 1 
26.0698 14.4666 0.363016 0 0 0 0.13282 13 12015 1 0 1 
37.0275 -0.266055 0.35057 0 0 0 0.135417 13 12016 1 0 1 
7.36871 -23.7726 0.313595 0 0 0 0.142536 13 12017 1 0 1 
-0.853659 11.7735 0.336025 0 0 0 0.136842 13 12018 1 0 1 
-23.2839 -1.53574 0.288201 0 0 0 0.146961 13 12019 1 0 1 
25.4672 16.6526 0.325776 0 0 0 0.138992 13 12020 1 0 1 
-0.856121 -16.4806 0.333593 0 0 0 0.135469 13 12021 1 0 1 
0.830741 -3.00961 0.342915 0 0 0 0.136574 13 12022 1 0 1 
-26.3905 -4.18113 0.345843 0 0 0 0.135425 13 12023 1 0 1 
-13.2922 -15.8933 0.375608 0 0 0 0.1324 13 12024 1 0 1 
-10.3743 6.16975 0.304728 0 0 0 0.142692 13 12025 1 0 1 
3.25168 -4.53559 0.309127 0 0 0 0.141928 13 12026 1 0 1 
-29.3465 -0.0185734 0.282235 0 0 0 0.148271 13 12027 1 0 1 
-11.8284 6.24533 0.312884 0 0 0 0.142738 13 12028 1 0 1 
-0.820874 -7.96546 0.291897 0 0 0 0.143656 13 12029 1 0 1 
-20.072 6.01689 0.307106 0 0 0 0.141999 13 12030 1 0 1 
13.2625 24.0685 0.286536 0 0 0 0.146951 13 12031 1 0 1 
-2.06305 8.32808 0.321711 0 0 0 0.13948 13 12032 1 0 1 
2.02983 -12.5015 0.317478 0 0 0 0.139492 13 12033 1 0 1 
2.28866 16.8293 0.358746 0 0 0 0.131938 13 12034 1 0 1 
-11.3305 -8.22278 0.298501 0 0 0 0.144262 13 12035 1 0 1 
18.6791 -21.2889 0.311058 0 0 0 0.142137 13 12036 1 0 1 
4.99959 -11.8061 0.331729 0 0 0 0.137089 13 12037 1 0 1 
32.3196 6.95445 0.355733 0 0 0 0.133431 13 12038 1 0 1 
13.6113 47.6014 0.308947 0 0 0 0.141568 13 12039 1 0 1 
-0.883398 -3.51683 0.329698 0 0 0 0.137215 13 12040 1 0 1 
-3.26067 17.1343 0.320384 0 0 0 0.139574 13 12041 1 0 1 
-4.96169 -26.2658 0.350527 0 0 0 0.135151 13 12042 1 0 1 
-6.24134 8.64569 0.327085 0 0 0 0.138378 13 12043 1 0 1 
7.84019 -8.29529 0.335337 0 0 0 0.137273 13 12044 1 0 1 
0.105486 -5.1038 0.333451 0 0 0 0.137574 13 12045 1 0 1 
6.81355 11.6795 0.279101 0 0 0 0.147901 13 12046 1 0 1 
0.984677 -17.1352 0.276319 0 0 0 0.148018 13 12047 1 0 1 
1.84785 6.19351 0.356952 0 0 0 0.132985 13 12048 1 0 1 
3.90484 3.28962 0.338172 0 0 0 0.13789 13 12049 1 0 1 
-31.6718 -2.34031 0.330018 0 0 0 0.139 13 12050 1 0 1 
15.1692 -7.70415 0.310142 0 0 0 0.143063 13 12051 1 0 1 
-15.3943 25.5471 0.256151 0 0 0 0.155418 13 12052 1 0 1 
19.4357 14.5521 0.314766 0 0 0 0.139916 13 12053 1 0 1 
-2.60511 -8.94562 0.37478 0 0 0 0.132374 13 12054 1 0 1 
-0.631187 12.11 0.315965 0 0 0 0.14281 13 12055 1 0 1 
9.55384 -1.66207 0.321778 0 0 0 0.140043 13 12056 1 0 1 
2.15584 5.54848 0.350151 0 0 0 0.13562 13 12057 1 0 1 
-33.3351 -16.7131 0.296538 0 0 0 0.144839 13 12058 1 0 1 
9.14291 -11.6592 0.299592 0 0 0 0.142609 13 12059 1 0 1 
-14.6939 41.8376 0.335365 0 0 0 0.137974 13 12060 1 0 1 
-20.5133 8.23895 0.329874 0 0 0 0.138808 13 12061 1 0 1 
14.2742 -19.8169 0.339271 0 0 0 0.135432 13 12062 1 0 1 
5.05735 8.76327 0.327348 0 0 0 0.140116 13 12063 1 0 1 
5.85427 -20.259 0.333398 0 0 0 0.137793 13 12064 1 0 1 
27.8426 -15.4362 0.3187 0 0 0 0.136384 13 12065 1 0 1 
6.24518 0.664968 0.334115 0 0 0 0.135553 13 12066 1 0 1 
16.962 -13.7329 0.326067 0 0 0 0.137995 13 12067 1 0 1 
0.862428 1.32325 0.299145 0 0 0 0.145365 13 12068 1 0 1 
-3.53121 4.0522 0.335117 0 0 0 0.137398 13 12069 1 0 1 
13.6325 -16.5452 0.333527 0 0 0 0.136619 13 12070 1 0 1 
-2.11384 24.2408 0.323007 0 0 0 0.139884 13 12071 1 0 1 
18.3549 11.3197 0.346757 0 0 0 0.134811 13 12072 1 0 1 
11.3501 22.4869 0.315719 0 0 0 0.139367 13 12073 1 0 1 
3.75025 -11.839 0.344289 0 0 0 0.137238 13 12074 1 0 1 
4.31835 9.19678 0.301099 0 0 0 0.143234 13 12075 1 0 1 
-9.45813 -13.7038 0.313786 0 0 0 0.140503 13 12076 1 0 1 
21.8034 -17.2097 0.319671 0 0 0 0.140556 13 12077 1 0 1 
-13.5463 -0.0994595 0.381629 0 0 0 0.13123 13 12078 1 0 1 
-7.44615 -30.5181 0.358313 0 0 0 0.133335 13 12079 1 0 1 
-7.5045 -14.5644 0.314622 0 0 0 0.139196 13 12080 1 0 1 
12.4152 -1.14155 0.28725 0 0 0 0.147057 13 12081 1 0 1 
9.36341 -8.46066 0.338431 0 0 0 0.137075 13 12082 1 0 1 
-11.1958 -5.21487 0.324831 0 0 0 0.13812 13 12083 1 0 1 
-10.5902 -15.9271 0.32036 0 0 0 0.137968 13 12084 1 0 1 
18.8319 -5.02039 0.28844 0 0 0 0.145788 13 12085 1 0 1 
5.66577 -5.71937 0.372103 0 0 0 0.132959 13 12086 1 0 1 
6.17451 17.8356 0.33466 0 0 0 0.137657 13 12087 1 0 1 
-6.83167 36.8968 0.323127 0 0 0 0.140802 13 12088 1 0 1 
15.5109 -10.8552 0.302999 0 0 0 0.143394 13 12089 1 0 1 
-12.8558 -2.01021 0.34339 0 0 0 0.13537 13 12090 1 0 1 
22.4846 -16.7652 0.316855 0 0 0 0.141788 13 12091 1 0 1 
-3.91355 5.04678 0.330748 0 0 0 0.139407 13 12092 1 0 1 
14.5944 -3.10594 0.334005 0 0 0 0.136504 13 12093 1 0 1 
-6.99525 -1.91034 0.350558 0 0 0 0.132831 13 12094 1 0 1 
3.60622 2.47643 0.347642 0 0 0 0.136256 13 12095 1 0 1 
-20.3405 16.0001 0.364224 0 0 0 0.132131 13 12096 1 0 1 
-5.49291 -0.142408 0.294273 0 0 0 0.146148 13 12097 1 0 1 
-15.0694 -7.23551 0.313041 0 0 0 0.139823 13 12098 1 0 1 
-36.5975 -17.2586 0.354655 0 0 0 0.133686 13 12099 1 0 1 
17.8587 0.559408 0.332871 0 0 0 0.139299 13 12100 1 0 1 
7.36749 -5.55768 0.329502 0 0 0 0.139641 13 12101 1 0 1 
-41.9947 -13.3111 0.320403 0 0 0 0.141174 13 12102 1 0 1 
-9.80035 -10.8102 0.346972 0 0 0 0.136339 13 12103 1 0 1 
19.8478 -17.3285 0.330973 0 0 0 0.137433 13 12104 1 0 1 
-17.6935 0.719155 0.317787 0 0 0 0.139695 13 12105 1 0 1 
18.9915 -25.2793 0.322372 0 0 0 0.138615 13 12106 1 0 1 
6.81816 5.07277 0.336721 0 0 0 0.137782 13 12107 1 0 1 
-21.7639 12.6644 0.31905 0 0 0 0.140326 13 12108 1 0 1 
-8.19041 24.5473 0.351304 0 0 0 0.134342 13 12109 1 0 1 
-35.3259 -6.37699 0.307239 0 0 0 0.143386 13 12110 1 0 1 
13.7786 8.21396 0.325253 0 0 0 0.140372 13 12111 1 0 1 
-0.913243 9.62204 0.287488 0 0 0 0.147274 13 12112 1 0 1 
5.03145 13.7133 0.334096 0 0 0 0.137624 13 12113 1 0 1 
-5.85846 -3.5769 0.339689 0 0 0 0.137006 13 12114 1 0 1 
13.8915 19.7621 0.315656 0 0 0 0.139738 13 12115 1 0 1 
-14.331 10.0856 0.340447 0 0 0 0.13638 13 12116 1 0 1 
-11.7626 -25.0159 0.304967 0 0 0 0.141132 13 12117 1 0 1 
6.22495 0.950328 0.288066 0 0 0 0.145538 13 12118 1 0 1 
-13.5022 13.9086 0.328484 0 0 0 0.137661 13 12119 1 0 1 
10.9967 -7.05351 0.327358 0 0 0 0.137874 13 12120 1 0 1 
18.4822 -9.5078 0.285837 0 0 0 0.147708 13 12121 1 0 1 
-1.8874 6.80876 0.345644 0 0 0 0.135422 13 12122 1 0 1 
9.44894 -5.92257 0.312485 0 0 0 0.143043 13 12123 1 0 1 
-13.8136 -1.3512 0.265384 0 0 0 0.153067 13 12124 1 0 1 
13.4117 -17.09 0.355808 0 0 0 0.134472 13 12125 1 0 1 
39.5632 6.50083 0.287551 0 0 0 0.147516 13 12126 1 0 1 
2.30387 10.0816 0.320158 0 0 0 0.141859 13 12127 1 0 1 
-1.13901 20.7484 0.322137 0 0 0 0.140632 13 12128 1 0 1 
22.0513 -8.32373 0.271788 0 0 0 0.150723 13 12129 1 0 1 
15.5876 8.69199 0.335767 0 0 0 0.138603 13 12130 1 0 1 
2.63759 8.01749 0.341911 0 0 0 0.136349 13 12131 1 0 1 
-16.9713 -4.2151 0.350558 0 0 0 0.13333 13 12132 1 0 1 
18.6376 -17.7651 0.322667 0 0 0 0.139443 13 12133 1 0 1 
-10.1415 2.21425 0.329027 0 0 0 0.139201 13 12134 1 0 1 
3.70204 22.5908 0.322012 0 0 0 0.140425 13 12135 1 0 1 
1.98081 28.0243 0.290755 0 0 0 0.14657 13 12136 1 0 1 
15.1711 22.329 0.335222 0 0 0 0.136334 13 12137 1 0 1 
-2.85319 -6.3927 0.310496 0 0 0 0.141725 13 12138 1 0 1 
8.09246 20.6974 0.308249 0 0 0 0.142682 13 12139 1 0 1 
11.2573 6.69348 0.301815 0 0 0 0.144959 13 12140 1 0 1 
7.43749 0.43281 0.30583 0 0 0 0.143397 13 12141 1 0 1 
8.5101 2.58432 0.304567 0 0 0 0.144458 13 12142 1 0 1 
-26.8121 23.9516 0.341039 0 0 0 0.137272 13 12143 1 0 1 
29.9125 -6.90876 0.286748 0 0 0 0.147459 13 12144 1 0 1 
-10.9843 8.96891 0.339816 0 0 0 0.13702 13 12145 1 0 1 
-13.2808 20.3944 0.327489 0 0 0 0.137197 13 12146 1 0 1 
11.8928 -12.673 0.306803 0 0 0 0.142835 13 12147 1 0 1 
20.7378 26.8684 0.324539 0 0 0 0.13987 13 12148 1 0 1 
-2.38825 -3.28993 0.335944 0 0 0 0.138259 13 12149 1 0 1 
13.624 4.20467 0.298435 0 0 0 0.144582 13 12150 1 0 1 
-10.0098 -8.01456 0.3523 0 0 0 0.135049 13 12151 1 0 1 
23.8379 -8.84291 0.299631 0 0 0 0.144134 13 12152 1 0 1 
7.48022 -32.2894 0.340008 0 0 0 0.136443 13 12153 1 0 1 
0.856699 -0.990411 0.324041 0 0 0 0.139631 13 12154 1 0 1 
12.1993 12.128 0.33996 0 0 0 0.137186 13 12155 1 0 1 
-1.37062 -10.7219 0.35941 0 0 0 0.133356 13 12156 1 0 1 
-1.49599 11.3093 0.306811 0 0 0 0.142621 13 12157 1 0 1 
7.68721 29.2783 0.294107 0 0 0 0.144534 13 12158 1 0 1 
33.6262 12.9361 0.270167 0 0 0 0.150513 13 12159 1 0 1 
18.7533 -2.36619 0.336279 0 0 0 0.135145 13 12160 1 0 1 
2.29888 14.5218 0.326154 0 0 0 0.138335 13 12161 1 0 1 
-9.10166 -6.04141 0.271568 0 0 0 0.151215 13 12162 1 0 1 
-25.4367 -30.9049 0.281597 0 0 0 0.147193 13 12163 1 0 1 
34.8577 15.8078 0.31794 0 0 0 0.138955 13 12164 1 0 1 
-1.90778 3.93873 0.288824 0 0 0 0.146232 13 12165 1 0 1 
2.66033 3.8575 0.343053 0 0 0 0.135295 13 12166 1 0 1 
5.76946 2.44479 0.323157 0 0 0 0.13928 13 12167 1 0 1 
-5.0952 16.4039 0.346982 0 0 0 0.137587 13 12168 1 0 1 
2.53905 9.46497 0.319239 0 0 0 0.140738 13 12169 1 0 1 
-22.8672 -15.2196 0.330727 0 0 0 0.138526 13 12170 1 0 1 
-8.0355 0.47301 0.374428 0 0 0 0.130735 13 12171 1 0 1 
12.2051 -8.29198 0.308288 0 0 0 0.143942 13 12172 1 0 1 
22.3123 1.08733 0.338648 0 0 0 0.13752 13 12173 1 0 1 
10.5 19.1076 0.344436 0 0 0 0.135983 13 12174 1 0 1 
-0.995313 -19.6572 0.320028 0 0 0 0.141291 13 12175 1 0 1 
-4.2622 -9.27736 0.370648 0 0 0 0.132338 13 12176 1 0 1 
4.00496 18.9905 0.326946 0 0 0 0.141392 13 12177 1 0 1 
-2.85762 -1.61543 0.281157 0 0 0 0.148692 13 12178 1 0 1 
4.46012 -13.1953 0.344329 0 0 0 0.136416 13 12179 1 0 1 
-5.29009 16.7615 0.352763 0 0 0 0.134911 13 12180 1 0 1 
-0.357018 -4.14068 0.342741 0 0 0 0.135289 13 12181 1 0 1 
-1.16773 -39.4629 0.345779 0 0 0 0.136913 13 12182 1 0 1 
22.9195 2.60495 0.324335 0 0 0 0.1373 13 12183 1 0 1 
13.1701 -26.9439 0.296535 0 0 0 0.14481 13 12184 1 0 1 
-14.1356 20.4278 0.347258 0 0 0 0.135873 13 12185 1 0 1 
4.54035 -16.386 0.349018 0 0 0 0.134814 13 12186 1 0 1 
10.157 -0.91981 0.279067 0 0 0 0.148845 13 12187 1 0 1 
32.3206 5.78921 0.32746 0 0 0 0.140397 13 12188 1 0 1 
-37.6069 21.4244 0.333734 0 0 0 0.137438 13 12189 1 0 1 
-2.76316 -11.5951 0.305476 0 0 0 0.143673 13 12190 1 0 1 
7.75586 -18.5905 0.304365 0 0 0 0.144372 13 12191 1 0 1 
0.89778 6.21951 0.35494 0 0 0 0.132089 13 12192 1 0 1 
-19.6643 -17.5164 0.329716 0 0 0 0.137571 13 12193 1 0 1 
28.6227 -19.1185 0.31857 0 0 0 0.140714 13 12194 1 0 1 
-3.16639 8.48034 0.318371 0 0 0 0.142393 13 12195 1 0 1 
5.33504 21.8756 0.302577 0 0 0 0.143866 13 12196 1 0 1 
27.1726 17.365 0.345007 0 0 0 0.135178 13 12197 1 0 1 
0.742258 13.5647 0.278758 0 0 0 0.149475 13 12198 1 0 1 
13.2207 -2.57136 0.348115 0 0 0 0.134353 13 12199 1 0 1 
-19.5227 26.2286 0.333903 0 0 0 0.137434 13 12200 1 0 1 
18.1735 -8.17384 0.332184 0 0 0 0.13871 13 12201 1 0 1 
25.1739 -7.35665 0.340806 0 0 0 0.136842 13 12202 1 0 1 
-26.9275 -4.09917 0.300321 0 0 0 0.143858 13 12203 1 0 1 
-3.59602 -12.8712 0.346412 0 0 0 0.135144 13 12204 1 0 1 
11.0519 -14.089 0.321304 0 0 0 0.140827 13 12205 1 0 1 
3.20021 -24.492 0.32219 0 0 0 0.141396 13 12206 1 0 1 
2.67191 -1.32178 0.321942 0 0 0 0.140043 13 12207 1 0 1 
11.027 5.9054 0.304097 0 0 0 0.143184 13 12208 1 0 1 
0.315248 -7.60531 0.364713 0 0 0 0.131924 13 12209 1 0 1 
21.8545 -7.38927 0.331773 0 0 0 0.138114 13 12210 1 0 1 
-26.0642 10.4706 0.325213 0 0 0 0.138079 13 12211 1 0 1 
-20.8734 -15.941 0.308106 0 0 0 0.142424 13 12212 1 0 1 
9.99715 -3.1206 0.312859 0 0 0 0.138684 13 12213 1 0 1 
-3.48543 -1.6045 0.331887 0 0 0 0.137998 13 12214 1 0 1 
19.0441 21.0885 0.343093 0 0 0 0.135679 13 12215 1 0 1 
7.67924 -21.2156 0.331772 0 0 0 0.139676 13 12216 1 0 1 
-1.78967 -3.70129 0.300802 0 0 0 0.14525 13 12217 1 0 1 
-25.8118 21.0339 0.319733 0 0 0 0.139811 13 12218 1 0 1 
-10.7445 -13.1894 0.35928 0 0 0 0.133712 13 12219 1 0 1 
-9.84032 3.74199 0.304565 0 0 0 0.143522 13 12220 1 0 1 
2.11506 7.87629 0.325594 0 0 0 0.139994 13 12221 1 0 1 
-4.9254 35.2119 0.315532 0 0 0 0.139636 13 12222 1 0 1 
-15.031 -9.86317 0.362911 0 0 0 0.132 13 12223 1 0 1 
-1.18275 5.46675 0.293781 0 0 0 0.145108 13 12224 1 0 1 
24.0736 1.94535 0.315218 0 0 0 0.141727 13 12225 1 0 1 
8.08813 10.4078 0.314479 0 0 0 0.142037 13 12226 1 0 1 
-38.0052 2.08348 0.278571 0 0 0 0.14877 13 12227 1 0 1 
-15.0857 4.04468 0.339604 0 0 0 0.135168 13 12228 1 0 1 
-4.26577 4.85939 0.347216 0 0 0 0.135039 13 12229 1 0 1 
5.2979 6.70062 0.302354 0 0 0 0.144769 13 12230 1 0 1 
-14.8291 7.12041 0.352337 0 0 0 0.133714 13 12231 1 0 1 
9.72182 -1.99014 0.324138 0 0 0 0.139538 13 12232 1 0 1 
1.00806 3.92724 0.343979 0 0 0 0.136212 13 12233 1 0 1 
-25.0969 -22.72 0.306881 0 0 0 0.143706 13 12234 1 0 1 
9.33907 -2.70405 0.310856 0 0 0 0.141866 13 12235 1 0 1 
8.73212 -3.82791 0.309665 0 0 0 0.142799 13 12236 1 0 1 
5.37927 11.3836 0.289682 0 0 0 0.14454 13 12237 1 0 1 
23.4997 52.1982 0.29477 0 0 0 0.144255 13 12238 1 0 1 
20.5428 4.61583 0.299708 0 0 0 0.145078 13 12239 1 0 1 
-17.1325 19.2036 0.33489 0 0 0 0.139766 13 12240 1 0 1 
-24.4974 -4.3331 0.336287 0 0 0 0.136635 13 12241 1 0 1 
39.9086 -6.06361 0.326997 0 0 0 0.138569 13 12242 1 0 1 
9.77816 -15.672 0.311526 0 0 0 0.139503 13 12243 1 0 1 
6.68586 2.65139 0.297765 0 0 0 0.14576 13 12244 1 0 1 
-39.3876 5.31515 0.32724 0 0 0 0.139426 13 12245 1 0 1 
28.7299 4.87582 0.352554 0 0 0 0.134346 13 12246 1 0 1 
9.98596 -0.466753 0.325057 0 0 0 0.138923 13 12247 1 0 1 
4.95798 18.5505 0.290856 0 0 0 0.146314 13 12248 1 0 1 
19.1758 25.046 0.32688 0 0 0 0.138758 13 12249 1 0 1 
-11.5069 13.0795 0.262568 0 0 0 0.153234 13 12250 1 0 1 
-16.1626 7.07959 0.323748 0 0 0 0.138195 13 12251 1 0 1 
-6.8238 -18.7048 0.298724 0 0 0 0.144412 13 12252 1 0 1 
12.6732 14.7158 0.333372 0 0 0 0.137391 13 12253 1 0 1 
9.14642 5.132 0.336288 0 0 0 0.135028 13 12254 1 0 1 
13.3046 -14.0034 0.344253 0 0 0 0.135685 13 12255 1 0 1 
-7.05466 28.9508 0.313151 0 0 0 0.141747 13 12256 1 0 1 
11.887 10.5503 0.29511 0 0 0 0.144595 13 12257 1 0 1 
-5.22843 18.9369 0.320354 0 0 0 0.138298 13 12258 1 0 1 
-0.240993 -4.86763 0.398044 0 0 0 0.129835 13 12259 1 0 1 
-35.5406 -22.3859 0.35547 0 0 0 0.134004 13 12260 1 0 1 
-15.8517 -18.4379 0.316493 0 0 0 0.141708 13 12261 1 0 1 
-18.799 -0.180272 0.355857 0 0 0 0.132064 13 12262 1 0 1 
-18.1382 -2.39078 0.320156 0 0 0 0.140884 13 12263 1 0 1 
-23.5715 -7.63479 0.343429 0 0 0 0.135178 13 12264 1 0 1 
23.9144 9.46319 0.305739 0 0 0 0.143017 13 12265 1 0 1 
-0.860098 -17.5064 0.330746 0 0 0 0.136645 13 12266 1 0 1 
-8.24903 -9.44045 0.309272 0 0 0 0.141755 13 12267 1 0 1 
-11.143 -1.73857 0.321159 0 0 0 0.140714 13 12268 1 0 1 
16.6305 -28.7081 0.330622 0 0 0 0.138281 13 12269 1 0 1 
-5.07781 5.40297 0.338632 0 0 0 0.134963 13 12270 1 0 1 
-21.4495 4.82894 0.316005 0 0 0 0.142119 13 12271 1 0 1 
-1.96779 -51.894 0.291791 0 0 0 0.144997 13 12272 1 0 1 
12.5915 -8.33859 0.278748 0 0 0 0.146416 13 12273 1 0 1 
-8.09202 9.08643 0.328793 0 0 0 0.138978 13 12274 1 0 1 
-22.6576 1.62047 0.350091 0 0 0 0.134708 13 12275 1 0 1 
-15.6322 -16.147 0.298744 0 0 0 0.145274 13 12276 1 0 1 
-8.66993 19.6109 0.332028 0 0 0 0.137011 13 12277 1 0 1 
-0.777449 16.5768 0.324596 0 0 0 0.139832 13 12278 1 0 1 
-5.48067 -12.5562 0.329947 0 0 0 0.1375 13 12279 1 0 1 
17.8588 15.6924 0.305757 0 0 0 0.143871 13 12280 1 0 1 
4.47115 -2.83633 0.298408 0 0 0 0.141662 13 12281 1 0 1 
12.2627 -12.3988 0.381381 0 0 0 0.130244 13 12282 1 0 1 
7.19707 -2.80065 0.273231 0 0 0 0.151181 13 12283 1 0 1 
-3.48316 -32.0498 0.323551 0 0 0 0.137181 13 12284 1 0 1 
-29.1025 12.579 0.356067 0 0 0 0.134414 13 12285 1 0 1 
1.6365 -6.81599 0.330709 0 0 0 0.136862 13 12286 1 0 1 
-6.76277 -22.3376 0.351774 0 0 0 0.136181 13 12287 1 0 1 
0.419833 -30.8565 0.341737 0 0 0 0.137837 13 12288 1 0 1 
5.42093 15.0509 0.303911 0 0 0 0.143658 13 12289 1 0 1 
12.6392 23.5173 0.353014 0 0 0 0.136903 13 12290 1 0 1 
9.49452 -13.1266 0.331523 0 0 0 0.132011 13 12291 1 0 1 
16.2674 4.91514 0.30757 0 0 0 0.141776 13 12292 1 0 1 
-1.45197 -10.2898 0.332437 0 0 0 0.1362 13 12293 1 0 1 
14.865 16.9291 0.332178 0 0 0 0.138619 13 12294 1 0 1 
-2.01193 -5.09877 0.378381 0 0 0 0.13029 13 12295 1 0 1 
-13.1834 0.311182 0.318167 0 0 0 0.138679 13 12296 1 0 1 
1.94299 -14.516 0.291265 0 0 0 0.146552 13 12297 1 0 1 
-26.4641 4.38763 0.269294 0 0 0 0.135251 13 12298 1 0 1 
8.09089 6.91007 0.281384 0 0 0 0.14843 13 12299 1 0 1 
-2.76827 20.2199 0.316152 0 0 0 0.140659 13 12300 1 0 1 
-7.84982 0.439724 0.347782 0 0 0 0.135499 13 12301 1 0 1 
25.4367 14.0209 0.360232 0 0 0 0.133271 13 12302 1 0 1 
22.0689 -33.6417 0.302506 0 0 0 0.14337 13 12303 1 0 1 
-9.18341 -2.99438 0.346738 0 0 0 0.134212 13 12304 1 0 1 
-19.1259 -13.7968 0.321253 0 0 0 0.140719 13 12305 1 0 1 
-7.08043 19.7106 0.345191 0 0 0 0.135652 13 12306 1 0 1 
31.5642 -3.87829 0.317621 0 0 0 0.139605 13 12307 1 0 1 
-18.9665 15.997 0.327397 0 0 0 0.13884 13 12308 1 0 1 
2.67969 -6.7466 0.342071 0 0 0 0.137443 13 12309 1 0 1 
21.6256 -24.9657 0.325891 0 0 0 0.140338 13 12310 1 0 1 
-12.3977 2.04571 0.313281 0 0 0 0.14157 13 12311 1 0 1 
3.05834 27.8608 0.275647 0 0 0 0.149791 13 12312 1 0 1 
22.7317 26.0162 0.295046 0 0 0 0.144321 13 12313 1 0 1 
-5.98853 -14.4104 0.296143 0 0 0 0.145942 13 12314 1 0 1 
25.3835 -9.92134 0.32017 0 0 0 0.140304 13 12315 1 0 1 
-1.75775 -0.98908 0.307462 0 0 0 0.143631 13 12316 1 0 1 
14.3046 -5.32477 0.2927 0 0 0 0.146691 13 12317 1 0 1 
8.35095 -23.8906 0.344373 0 0 0 0.135619 13 12318 1 0 1 
-10.4628 20.202 0.316518 0 0 0 0.14082 13 12319 1 0 1 
14.8196 -10.4636 0.243213 0 0 0 0.134052 13 12320 1 0 1 
41.1657 -10.4613 0.329734 0 0 0 0.139146 13 12321 1 0 1 
22.5606 -14.7261 0.351362 0 0 0 0.132243 13 12322 1 0 1 
-17.1738 20.844 0.327769 0 0 0 0.138632 13 12323 1 0 1 
0.744641 -5.11001 0.325246 0 0 0 0.140563 13 12324 1 0 1 
-14.2547 3.98084 0.339385 0 0 0 0.136818 13 12325 1 0 1 
-1.33446 -6.90193 0.319993 0 0 0 0.141318 13 12326 1 0 1 
3.31579 21.5682 0.331091 0 0 0 0.137556 13 12327 1 0 1 
5.26478 7.53277 0.297677 0 0 0 0.143975 13 12328 1 0 1 
23.8858 5.99867 0.313442 0 0 0 0.143136 13 12329 1 0 1 
2.04066 -14.7693 0.334376 0 0 0 0.136581 13 12330 1 0 1 
3.1956 21.3566 0.329462 0 0 0 0.139528 13 12331 1 0 1 
15.0738 12.2847 0.328266 0 0 0 0.139511 13 12332 1 0 1 
11.7452 -26.9866 0.334534 0 0 0 0.13803 13 12333 1 0 1 
-3.46177 7.51164 0.331709 0 0 0 0.138037 13 12334 1 0 1 
-24.9372 28.4688 0.335425 0 0 0 0.136162 13 12335 1 0 1 
13.0328 -21.2855 0.332714 0 0 0 0.137785 13 12336 1 0 1 
-4.26064 -11.2744 0.330907 0 0 0 0.137553 13 12337 1 0 1 
-14.7546 -0.679336 0.344866 0 0 0 0.136729 13 12338 1 0 1 
13.9816 24.6104 0.32391 0 0 0 0.139979 13 12339 1 0 1 
-2.5739 -40.879 0.361672 0 0 0 0.132557 13 12340 1 0 1 
-1.46647 -18.4569 0.387942 0 0 0 0.129617 13 12341 1 0 1 
8.82272 10.439 0.28617 0 0 0 0.147084 13 12342 1 0 1 
-20.131 -12.8395 0.324081 0 0 0 0.139542 13 12343 1 0 1 
-4.70215 -6.93709 0.366192 0 0 0 0.131624 13 12344 1 0 1 
-5.276 6.54468 0.32299 0 0 0 0.139195 13 12345 1 0 1 
-3.5769 15.8968 0.340503 0 0 0 0.137252 13 12346 1 0 1 
-18.7779 5.94074 0.348459 0 0 0 0.134927 13 12347 1 0 1 
20.5339 10.4691 0.311235 0 0 0 0.135125 13 12348 1 0 1 
9.89887 0.663613 0.363207 0 0 0 0.132205 13 12349 1 0 1 
-20.456 7.81356 0.321167 0 0 0 0.140523 13 12350 1 0 1 
-6.33729 42.77 0.306851 0 0 0 0.143563 13 12351 1 0 1 
-5.4792 -15.7576 0.28834 0 0 0 0.146135 13 12352 1 0 1 
-11.8877 3.1605 0.335486 0 0 0 0.137416 13 12353 1 0 1 
-25.3441 -3.25265 0.339247 0 0 0 0.135196 13 12354 1 0 1 
29.4409 12.108 0.330051 0 0 0 0.139789 13 12355 1 0 1 
-27.2775 -8.94249 0.303275 0 0 0 0.144519 13 12356 1 0 1 
-9.84982 -5.22515 0.31614 0 0 0 0.14071 13 12357 1 0 1 
-24.0507 -8.85028 0.317843 0 0 0 0.139975 13 12358 1 0 1 
-7.5586 14.3577 0.345664 0 0 0 0.135884 13 12359 1 0 1 
-6.5829 -5.83839 0.320988 0 0 0 0.140001 13 12360 1 0 1 
14.8977 -7.63876 0.325078 0 0 0 0.139094 13 12361 1 0 1 
6.11975 17.0092 0.329595 0 0 0 0.138177 13 12362 1 0 1 
-0.82685 -38.0025 0.368636 0 0 0 0.13161 13 12363 1 0 1 
-1.68593 -12.7663 0.304566 0 0 0 0.138036 13 12364 1 0 1 
-8.33432 -8.13048 0.299525 0 0 0 0.143531 13 12365 1 0 1 
-22.3829 -17.2099 0.353839 0 0 0 0.132635 13 12366 1 0 1 
33.1917 -9.2127 0.325061 0 0 0 0.139297 13 12367 1 0 1 
1.40524 -15.1014 0.329398 0 0 0 0.137566 13 12368 1 0 1 
23.7727 26.9995 0.350892 0 0 0 0.133766 13 12369 1 0 1 
-11.9526 9.01349 0.275141 0 0 0 0.148358 13 12370 1 0 1 
-18.7099 -5.05504 0.334771 0 0 0 0.136644 13 12371 1 0 1 
-12.1809 8.99931 0.328104 0 0 0 0.140109 13 12372 1 0 1 
-20.2993 -6.19166 0.294552 0 0 0 0.145547 13 12373 1 0 1 
7.41965 1.98524 0.342222 0 0 0 0.137004 13 12374 1 0 1 
-13.5582 21.3483 0.314032 0 0 0 0.141544 13 12375 1 0 1 
-14.2855 -8.26305 0.286705 0 0 0 0.145845 13 12376 1 0 1 
4.5352 -2.47846 0.27307 0 0 0 0.150981 13 12377 1 0 1 
28.7046 19.1846 0.279628 0 0 0 0.147824 13 12378 1 0 1 
6.78733 1.82852 0.321005 0 0 0 0.139988 13 12379 1 0 1 
-16.8909 -8.98821 0.308599 0 0 0 0.140865 13 12380 1 0 1 
0.576784 22.6918 0.366236 0 0 0 0.132218 13 12381 1 0 1 
-7.29565 6.159 0.28633 0 0 0 0.147597 13 12382 1 0 1 
22.4697 -11.7126 0.30348 0 0 0 0.142595 13 12383 1 0 1 
-10.2145 -7.95617 0.300439 0 0 0 0.144475 13 12384 1 0 1 
23.0185 3.82112 0.320218 0 0 0 0.140829 13 12385 1 0 1 
5.88234 -5.52827 0.323031 0 0 0 0.141079 13 12386 1 0 1 
-4.80542 8.97356 0.334801 0 0 0 0.137468 13 12387 1 0 1 
0.599979 12.5081 0.349984 0 0 0 0.135608 13 12388 1 0 1 
-5.72081 -10.4314 0.358383 0 0 0 0.132879 13 12389 1 0 1 
1.3829 -14.8148 0.332372 0 0 0 0.138467 13 12390 1 0 1 
24.0829 -6.62011 0.282501 0 0 0 0.147586 13 12391 1 0 1 
-20.2092 -28.6693 0.331956 0 0 0 0.13676 13 12392 1 0 1 
15.7328 5.17551 0.345808 0 0 0 0.136152 13 12393 1 0 1 
9.97613 3.46804 0.329674 0 0 0 0.139879 13 12394 1 0 1 
7.79475 23.6847 0.319823 0 0 0 0.140612 13 12395 1 0 1 
34.7993 6.89599 0.311574 0 0 0 0.142233 13 12396 1 0 1 
0.678568 -21.9706 0.292463 0 0 0 0.142757 13 12397 1 0 1 
15.8053 4.03562 0.330555 0 0 0 0.137923 13 12398 1 0 1 
-32.0632 -10.0652 0.33235 0 0 0 0.136572 13 12399 1 0 1 
-10.4122 -1.44479 0.334343 0 0 0 0.137078 13 12400 1 0 1 
-1.25511 1.45465 0.333756 0 0 0 0.136896 13 12401 1 0 1 
2.6712 -7.50992 0.318396 0 0 0 0.140623 13 12402 1 0 1 
-13.4182 -9.17928 0.31145 0 0 0 0.142063 13 12403 1 0 1 
6.72926 4.81124 0.343394 0 0 0 0.136645 13 12404 1 0 1 
-8.90134 8.69021 0.34043 0 0 0 0.136899 13 12405 1 0 1 
13.1033 18.6189 0.325219 0 0 0 0.138304 13 12406 1 0 1 
-15.7218 -13.6335 0.33857 0 0 0 0.136555 13 12407 1 0 1 
25.7083 -24.5631 0.347435 0 0 0 0.135091 13 12408 1 0 1 
14.7119 -0.291789 0.301036 0 0 0 0.144437 13 12409 1 0 1 
3.35397 7.0401 0.293009 0 0 0 0.1461 13 12410 1 0 1 
24.7898 18.4483 0.320855 0 0 0 0.139816 13 12411 1 0 1 
8.77196 -8.05987 0.299103 0 0 0 0.14493 13 12412 1 0 1 
14.9239 -3.76577 0.295461 0 0 0 0.144322 13 12413 1 0 1 
2.58351 4.14769 0.268755 0 0 0 0.152182 13 12414 1 0 1 
-13.5677 -20.5517 0.339747 0 0 0 0.136575 13 12415 1 0 1 
-3.80433 -15.2341 0.306126 0 0 0 0.140822 13 12416 1 0 1 
10.4026 -2.61866 0.347083 0 0 0 0.133199 13 12417 1 0 1 
-22.7994 -8.07429 0.297998 0 0 0 0.143149 13 12418 1 0 1 
-1.89157 -33.1005 0.335239 0 0 0 0.136964 13 12419 1 0 1 
5.96599 -22.0842 0.35168 0 0 0 0.132233 13 12420 1 0 1 
4.51536 9.89482 0.324955 0 0 0 0.13965 13 12421 1 0 1 
-3.6243 -12.6524 0.316575 0 0 0 0.140427 13 12422 1 0 1 
17.3707 6.28902 0.286125 0 0 0 0.146925 13 12423 1 0 1 
30.633 -11.954 0.333406 0 0 0 0.13833 13 12424 1 0 1 
0.836809 -2.30463 0.285489 0 0 0 0.148417 13 12425 1 0 1 
-32.1674 16.134 0.289009 0 0 0 0.146288 13 12426 1 0 1 
-8.46715 -24.0567 0.317895 0 0 0 0.138955 13 12427 1 0 1 
-0.0481428 -13.6831 0.343477 0 0 0 0.135243 13 12428 1 0 1 
-13.7106 -18.9125 0.313662 0 0 0 0.142554 13 12429 1 0 1 
-10.5171 -10.9125 0.318388 0 0 0 0.14166 13 12430 1 0 1 
11.4236 0.18123 0.377378 0 0 0 0.130038 13 12431 1 0 1 
15.9268 -3.4217 0.297335 0 0 0 0.144908 13 12432 1 0 1 
26.0196 18.3074 0.314346 0 0 0 0.140962 13 12433 1 0 1 
4.96835 6.00125 0.333827 0 0 0 0.135978 13 12434 1 0 1 
-21.1768 4.97189 0.325721 0 0 0 0.13921 13 12435 1 0 1 
3.20682 -0.0799622 0.324693 0 0 0 0.138815 13 12436 1 0 1 
23.4282 -7.87393 0.304321 0 0 0 0.142733 13 12437 1 0 1 
-9.89809 5.03057 0.301281 0 0 0 0.143658 13 12438 1 0 1 
2.53813 18.644 0.284253 0 0 0 0.148164 13 12439 1 0 1 
-7.46461 18.1583 0.2976 0 0 0 0.145888 13 12440 1 0 1 
2.87238 8.74248 0.317865 0 0 0 0.14045 13 12441 1 0 1 
-10.2088 -10.4309 0.355966 0 0 0 0.134522 13 12442 1 0 1 
7.96545 -20.1827 0.301535 0 0 0 0.145372 13 12443 1 0 1 
-8.54562 -6.40103 0.365585 0 0 0 0.132464 13 12444 1 0 1 
10.9487 -14.0299 0.354715 0 0 0 0.134695 13 12445 1 0 1 
6.76458 5.39086 0.326658 0 0 0 0.140392 13 12446 1 0 1 
4.28249 0.897704 0.318353 0 0 0 0.138651 13 12447 1 0 1 
17.395 19.923 0.328852 0 0 0 0.139289 13 12448 1 0 1 
23.8976 -0.973709 0.318584 0 0 0 0.141258 13 12449 1 0 1 
3.68004 -9.18082 0.313202 0 0 0 0.141962 13 12450 1 0 1 
14.7832 -2.37626 0.319765 0 0 0 0.140795 13 12451 1 0 1 
13.4597 -18.8516 0.364859 0 0 0 0.131682 13 12452 1 0 1 
-35.9814 14.6141 0.258924 0 0 0 0.154413 13 12453 1 0 1 
24.8262 -16.7644 0.300209 0 0 0 0.144323 13 12454 1 0 1 
-12.3824 13.4767 0.344342 0 0 0 0.136219 13 12455 1 0 1 
-11.0929 -15.8412 0.332516 0 0 0 0.138256 13 12456 1 0 1 
-19.1047 -10.0883 0.349447 0 0 0 0.13558 13 12457 1 0 1 
13.0284 -26.5767 0.343984 0 0 0 0.134042 13 12458 1 0 1 
-11.4616 0.508354 0.32267 0 0 0 0.14015 13 12459 1 0 1 
-8.93408 -19.3505 0.313197 0 0 0 0.141873 13 12460 1 0 1 
10.9894 -25.3709 0.262093 0 0 0 0.153786 13 12461 1 0 1 
10.258 -8.37551 0.300194 0 0 0 0.14362 13 12462 1 0 1 
-14.9817 -0.227913 0.339701 0 0 0 0.135633 13 12463 1 0 1 
-17.2048 -4.55991 0.295322 0 0 0 0.145739 13 12464 1 0 1 
-2.95323 1.29979 0.337033 0 0 0 0.137531 13 12465 1 0 1 
-29.4904 -1.34548 0.341461 0 0 0 0.133986 13 12466 1 0 1 
16.5864 23.213 0.327811 0 0 0 0.139672 13 12467 1 0 1 
2.7258 -13.947 0.287636 0 0 0 0.147165 13 12468 1 0 1 
-8.55428 -13.3338 0.314141 0 0 0 0.140512 13 12469 1 0 1 
13.3017 -0.368778 0.322374 0 0 0 0.138452 13 12470 1 0 1 
24.4795 21.34 0.355709 0 0 0 0.130381 13 12471 1 0 1 
9.27572 -23.6428 0.340947 0 0 0 0.137956 13 12472 1 0 1 
-0.232213 -8.23647 0.286876 0 0 0 0.148152 13 12473 1 0 1 
-4.35192 0.199068 0.336601 0 0 0 0.137002 13 12474 1 0 1 
-12.427 -29.3688 0.283667 0 0 0 0.14801 13 12475 1 0 1 
23.7845 -9.88897 0.342621 0 0 0 0.136379 13 12476 1 0 1 
11.563 -2.86532 0.351807 0 0 0 0.134255 13 12477 1 0 1 
11.8654 -6.95247 0.314988 0 0 0 0.140262 13 12478 1 0 1 
34.2268 3.00638 0.357803 0 0 0 0.134388 13 12479 1 0 1 
-15.9723 -14.923 0.27908 0 0 0 0.149077 13 12480 1 0 1 
-17.8804 11.7741 0.308657 0 0 0 0.143514 13 12481 1 0 1 
-17.1883 -6.90406 0.346342 0 0 0 0.135816 13 12482 1 0 1 
-6.63217 -14.9743 0.354575 0 0 0 0.132211 13 12483 1 0 1 
10.815 8.98086 0.316767 0 0 0 0.14116 13 12484 1 0 1 
-18.411 7.50415 0.308819 0 0 0 0.142615 13 12485 1 0 1 
-19.96 -17.3319 0.403629 0 0 0 0.12823 13 12486 1 0 1 
-8.93907 -17.3903 0.314297 0 0 0 0.1416 13 12487 1 0 1 
-1.2416 -8.58351 0.375098 0 0 0 0.131695 13 12488 1 0 1 
-7.02704 23.7864 0.309327 0 0 0 0.141614 13 12489 1 0 1 
21.2064 1.73597 0.301146 0 0 0 0.144762 13 12490 1 0 1 
-35.0883 8.00456 0.344153 0 0 0 0.134938 13 12491 1 0 1 
0.275243 3.3327 0.34811 0 0 0 0.13478 13 12492 1 0 1 
-15.0466 21.9032 0.267882 0 0 0 0.152498 13 12493 1 0 1 
20.6132 -9.97127 0.18146 0 0 0 0.14014 13 12494 1 0 1 
10.379 35.2205 0.346018 0 0 0 0.135176 13 12495 1 0 1 
-12.4522 11.9593 0.34029 0 0 0 0.137683 13 12496 1 0 1 
-21.0458 9.33248 0.339391 0 0 0 0.137144 13 12497 1 0 1 
-7.10494 -11.2284 0.356414 0 0 0 0.132645 13 12498 1 0 1 
-5.72967 6.77386 0.349241 0 0 0 0.13519 13 12499 1 0 1 
-13.7718 1.31929 0.280502 0 0 0 0.148904 13 12500 1 0 1 
23.7707 2.98352 0.349071 0 0 0 0.134238 13 12501 1 0 1 
2.14017 0.468557 0.377559 0 0 0 0.130669 13 12502 1 0 1 
-9.76901 9.12758 0.290136 0 0 0 0.144809 13 12503 1 0 1 
-19.5655 13.0712 0.315962 0 0 0 0.141718 13 12504 1 0 1 
10.3382 5.50179 0.31018 0 0 0 0.142502 13 12505 1 0 1 
13.2624 -27.9535 0.32386 0 0 0 0.139214 13 12506 1 0 1 
-11.9933 -19.9573 0.351276 0 0 0 0.133355 13 12507 1 0 1 
8.26693 -6.44944 0.281644 0 0 0 0.149094 13 12508 1 0 1 
8.61843 11.6325 0.282144 0 0 0 0.143653 13 12509 1 0 1 
24.5612 -5.81944 0.34126 0 0 0 0.136248 13 12510 1 0 1 
17.41 -10.9919 0.331187 0 0 0 0.137895 13 12511 1 0 1 
-19.5821 21.799 0.299864 0 0 0 0.143429 13 12512 1 0 1 
17.6189 1.33808 0.305919 0 0 0 0.140945 13 12513 1 0 1 
9.81269 3.06143 0.361446 0 0 0 0.134679 13 12514 1 0 1 
-5.29511 13.9768 0.386883 0 0 0 0.129458 13 12515 1 0 1 
-10.9049 -38.428 0.31434 0 0 0 0.140403 13 12516 1 0 1 
-4.83501 -3.9074 0.340257 0 0 0 0.136076 13 12517 1 0 1 
-23.1916 46.2746 0.330956 0 0 0 0.137912 13 12518 1 0 1 
-31.8172 32.105 0.331512 0 0 0 0.137141 13 12519 1 0 1 
3.76374 7.5795 0.319609 0 0 0 0.142203 13 12520 1 0 1 
-19.4895 -18.8542 0.298068 0 0 0 0.144908 13 12521 1 0 1 
-9.23583 6.70984 0.296276 0 0 0 0.143592 13 12522 1 0 1 
-4.50308 18.6964 0.317882 0 0 0 0.139203 13 12523 1 0 1 
-10.1531 6.50308 0.31209 0 0 0 0.142764 13 12524 1 0 1 
28.4633 -22.2457 0.356115 0 0 0 0.133722 13 12525 1 0 1 
15.2024 -12.0862 0.337876 0 0 0 0.134865 13 12526 1 0 1 
-6.01224 22.5619 0.289515 0 0 0 0.146972 13 12527 1 0 1 
17.5729 6.76111 0.33702 0 0 0 0.137347 13 12528 1 0 1 
-9.98724 13.6328 0.285562 0 0 0 0.147066 13 12529 1 0 1 
-32.4726 -4.23576 0.337634 0 0 0 0.135857 13 12530 1 0 1 
2.2655 11.5947 0.315604 0 0 0 0.140016 13 12531 1 0 1 
-15.2917 -5.98833 0.306987 0 0 0 0.142206 13 12532 1 0 1 
-7.91295 -17.2608 0.335815 0 0 0 0.132526 13 12533 1 0 1 
13.1175 -13.8522 0.281741 0 0 0 0.146475 13 12534 1 0 1 
-0.764048 24.0539 0.286169 0 0 0 0.14526 13 12535 1 0 1 
-4.55311 7.36299 0.269769 0 0 0 0.151457 13 12536 1 0 1 
-8.12692 -17.3359 0.370523 0 0 0 0.133478 13 12537 1 0 1 
2.58992 -10.1322 0.323382 0 0 0 0.13915 13 12538 1 0 1 
4.56781 7.83938 0.314899 0 0 0 0.141518 13 12539 1 0 1 
17.0228 -17.5987 0.318726 0 0 0 0.139882 13 12540 1 0 1 
17.9003 -3.0896 0.275065 0 0 0 0.150066 13 12541 1 0 1 
16.3648 13.6762 0.379196 0 0 0 0.128494 13 12542 1 0 1 
1.34189 30.6242 0.28533 0 0 0 0.146383 13 12543 1 0 1 
7.47682 0.457307 0.304175 0 0 0 0.144628 13 12544 1 0 1 
-1.28703 -16.0075 0.318489 0 0 0 0.140228 13 12545 1 0 1 
-8.74633 2.31875 0.328978 0 0 0 0.138667 13 12546 1 0 1 
2.72869 -27.1435 0.338009 0 0 0 0.138182 13 12547 1 0 1 
1.85949 3.88616 0.300897 0 0 0 0.144857 13 12548 1 0 1 
-21.6357 14.0966 0.321152 0 0 0 0.14042 13 12549 1 0 1 
-5.69121 22.892 0.320842 0 0 0 0.139468 13 12550 1 0 1 
25.198 -18.5803 0.331249 0 0 0 0.136703 13 12551 1 0 1 
-7.31488 -0.0687565 0.354993 0 0 0 0.134958 13 12552 1 0 1 
-10.0041 -2.85469 0.317808 0 0 0 0.141865 13 12553 1 0 1 
-15.4821 -3.12921 0.319428 0 0 0 0.140447 13 12554 1 0 1 
-2.34767 2.12863 0.320831 0 0 0 0.138997 13 12555 1 0 1 
1.49045 -5.21456 0.294112 0 0 0 0.145317 13 12556 1 0 1 
-20.6969 -2.59048 0.354439 0 0 0 0.129899 13 12557 1 0 1 
-12.3493 -4.91658 0.347469 0 0 0 0.136282 13 12558 1 0 1 
6.85083 -18.9093 0.319455 0 0 0 0.141605 13 12559 1 0 1 
7.80375 -12.5698 0.324719 0 0 0 0.141138 13 12560 1 0 1 
-18.2992 6.60431 0.31295 0 0 0 0.141905 13 12561 1 0 1 
-15.7692 -0.765091 0.348996 0 0 0 0.132892 13 12562 1 0 1 
11.5162 0.694714 0.317995 0 0 0 0.14191 13 12563 1 0 1 
-19.6199 5.97728 0.313036 0 0 0 0.142947 13 12564 1 0 1 
-11.5811 21.2125 0.324336 0 0 0 0.140229 13 12565 1 0 1 
18.8175 5.84121 0.308751 0 0 0 0.142 13 12566 1 0 1 
8.1962 -0.108978 0.317464 0 0 0 0.140529 13 12567 1 0 1 
17.5879 -7.88294 0.312296 0 0 0 0.14165 13 12568 1 0 1 
-34.767 -6.86327 0.309314 0 0 0 0.142304 13 12569 1 0 1 
-32.3852 -23.415 0.274394 0 0 0 0.150202 13 12570 1 0 1 
28.491 14.1055 0.288317 0 0 0 0.147948 13 12571 1 0 1 
0.468382 -0.895428 0.335744 0 0 0 0.138759 13 12572 1 0 1 
-7.91973 -7.16823 0.343175 0 0 0 0.136438 13 12573 1 0 1 
24.8476 -13.8517 0.309215 0 0 0 0.13467 13 12574 1 0 1 
13.2332 -2.65778 0.303899 0 0 0 0.143089 13 12575 1 0 1 
0.667952 -5.30751 0.328262 0 0 0 0.140193 13 12576 1 0 1 
-2.41261 2.80097 0.308391 0 0 0 0.142797 13 12577 1 0 1 
14.5377 1.78972 0.321276 0 0 0 0.138988 13 12578 1 0 1 
5.26269 -7.17119 0.311808 0 0 0 0.141633 13 12579 1 0 1 
-13.7796 -5.28442 0.30948 0 0 0 0.142722 13 12580 1 0 1 
3.69043 -33.8274 0.362679 0 0 0 0.132548 13 12581 1 0 1 
1.7177 -16.2413 0.336139 0 0 0 0.13706 13 12582 1 0 1 
11.1728 12.2085 0.321956 0 0 0 0.139868 13 12583 1 0 1 
-33.4394 4.80538 0.343273 0 0 0 0.138198 13 12584 1 0 1 
-20.1952 20.9239 0.335343 0 0 0 0.136987 13 12585 1 0 1 
0.846038 -12.5842 0.328049 0 0 0 0.140032 13 12586 1 0 1 
-14.1433 20.451 0.236817 0 0 0 0.145326 13 12587 1 0 1 
5.95165 8.05284 0.321473 0 0 0 0.140749 13 12588 1 0 1 
-12.8421 9.70375 0.343632 0 0 0 0.136931 13 12589 1 0 1 
-2.18241 12.216 0.308313 0 0 0 0.140818 13 12590 1 0 1 
8.3629 -5.93946 0.334591 0 0 0 0.137126 13 12591 1 0 1 
3.49177 11.9025 0.273062 0 0 0 0.1504 13 12592 1 0 1 
-14.7006 13.1253 0.287149 0 0 0 0.147523 13 12593 1 0 1 
-15.6157 14.9068 0.319468 0 0 0 0.141388 13 12594 1 0 1 
-21.8181 -0.535077 0.300529 0 0 0 0.144724 13 12595 1 0 1 
30.6115 25.8206 0.325748 0 0 0 0.139689 13 12596 1 0 1 
5.00148 0.933821 0.320657 0 0 0 0.140684 13 12597 1 0 1 
7.67305 -0.964755 0.354619 0 0 0 0.13191 13 12598 1 0 1 
7.15669 21.0746 0.352241 0 0 0 0.133072 13 12599 1 0 1 
9.39936 -22.0254 0.298256 0 0 0 0.146837 13 12600 1 0 1 
-1.34818 -8.92509 0.332509 0 0 0 0.138214 13 12601 1 0 1 
-17.9027 4.06073 0.369184 0 0 0 0.130833 13 12602 1 0 1 
-8.10811 31.7262 0.34581 0 0 0 0.13363 13 12603 1 0 1 
0.632743 0.076132 0.316706 0 0 0 0.138864 13 12604 1 0 1 
-10.5077 10.8151 0.323006 0 0 0 0.139386 13 12605 1 0 1 
36.1159 23.5443 0.294987 0 0 0 0.145551 13 12606 1 0 1 
6.82771 31.8697 0.38865 0 0 0 0.130204 13 12607 1 0 1 
-7.49912 19.07 0.321872 0 0 0 0.140701 13 12608 1 0 1 
-2.40956 -16.1563 0.347574 0 0 0 0.13358 13 12609 1 0 1 
40.9367 -7.15756 0.350464 0 0 0 0.13348 13 12610 1 0 1 
-7.61121 -16.361 0.301082 0 0 0 0.143971 13 12611 1 0 1 
14.6247 10.4234 0.344701 0 0 0 0.134782 13 12612 1 0 1 
-0.77069 -3.64267 0.329449 0 0 0 0.137763 13 12613 1 0 1 
2.6786 6.05308 0.313816 0 0 0 0.141654 13 12614 1 0 1 
22.893 -16.8268 0.271588 0 0 0 0.150549 13 12615 1 0 1 
-18.1794 10.7631 0.343916 0 0 0 0.136719 13 12616 1 0 1 
-17.7957 1.54357 0.322417 0 0 0 0.139952 13 12617 1 0 1 
4.55246 12.5387 0.300618 0 0 0 0.143593 13 12618 1 0 1 
18.429 14.0932 0.277727 0 0 0 0.148221 13 12619 1 0 1 
-10.839 -1.98879 0.299521 0 0 0 0.144451 13 12620 1 0 1 
-7.53525 -0.325014 0.318584 0 0 0 0.142185 13 12621 1 0 1 
-1.20281 30.9006 0.321475 0 0 0 0.139352 13 12622 1 0 1 
0.417514 -36.1636 0.306971 0 0 0 0.140279 13 12623 1 0 1 
14.7055 4.59165 0.404829 0 0 0 0.127535 13 12624 1 0 1 
-20.7256 6.14301 0.329804 0 0 0 0.1381 13 12625 1 0 1 
8.12429 -27.0237 0.349399 0 0 0 0.134706 13 12626 1 0 1 
-12.2027 6.04953 0.365691 0 0 0 0.131394 13 12627 1 0 1 
12.7466 2.72476 0.335525 0 0 0 0.137209 13 12628 1 0 1 
-6.14387 -0.807566 0.319544 0 0 0 0.139807 13 12629 1 0 1 
11.232 34.014 0.325014 0 0 0 0.139614 13 12630 1 0 1 
13.4335 -8.43935 0.314292 0 0 0 0.141785 13 12631 1 0 1 
3.15642 -5.39832 0.316559 0 0 0 0.140374 13 12632 1 0 1 
-24.6447 -27.3218 0.305256 0 0 0 0.143081 13 12633 1 0 1 
23.0058 47.9866 0.331869 0 0 0 0.13688 13 12634 1 0 1 
-17.3466 -11.84 0.332573 0 0 0 0.137031 13 12635 1 0 1 
-11.4613 17.9706 0.346893 0 0 0 0.134117 13 12636 1 0 1 
11.4669 -11.8372 0.334158 0 0 0 0.135708 13 12637 1 0 1 
-2.4582 -10.334 0.346258 0 0 0 0.136697 13 12638 1 0 1 
3.44826 -7.06741 0.315509 0 0 0 0.142634 13 12639 1 0 1 
-13.3797 4.93624 0.299137 0 0 0 0.144111 13 12640 1 0 1 
5.20017 11.1349 0.328924 0 0 0 0.139933 13 12641 1 0 1 
7.14085 -19.6997 0.350825 0 0 0 0.135188 13 12642 1 0 1 
-1.12625 -0.37926 0.315068 0 0 0 0.140777 13 12643 1 0 1 
-23.6638 -6.75721 0.316666 0 0 0 0.141958 13 12644 1 0 1 
-23.1107 30.4894 0.300055 0 0 0 0.143495 13 12645 1 0 1 
31.8798 0.36699 0.274693 0 0 0 0.143262 13 12646 1 0 1 
3.23832 -3.72856 0.284462 0 0 0 0.148347 13 12647 1 0 1 
10.7858 26.9986 0.347329 0 0 0 0.135718 13 12648 1 0 1 
-2.91771 -5.25468 0.325959 0 0 0 0.138333 13 12649 1 0 1 
-0.620664 7.75475 0.315891 0 0 0 0.141842 13 12650 1 0 1 
19.7385 -14.4065 0.353001 0 0 0 0.134026 13 12651 1 0 1 
2.73361 46.3938 0.328694 0 0 0 0.137484 13 12652 1 0 1 
17.8754 23.1766 0.360429 0 0 0 0.132116 13 12653 1 0 1 
0.82767 -4.76376 0.286696 0 0 0 0.146887 13 12654 1 0 1 
-6.17192 10.8346 0.313974 0 0 0 0.140891 13 12655 1 0 1 
30.0375 38.1052 0.319697 0 0 0 0.141814 13 12656 1 0 1 
-10.3421 -11.6114 0.312306 0 0 0 0.142368 13 12657 1 0 1 
-7.83693 17.3956 0.310898 0 0 0 0.141682 13 12658 1 0 1 
-11.7236 34.5864 0.289364 0 0 0 0.147657 13 12659 1 0 1 
-7.25748 -8.85555 0.33382 0 0 0 0.137167 13 12660 1 0 1 
-7.08236 7.10774 0.332995 0 0 0 0.137235 13 12661 1 0 1 
3.34282 -27.8663 0.329923 0 0 0 0.135917 13 12662 1 0 1 
13.4742 22.1202 0.302591 0 0 0 0.134149 13 12663 1 0 1 
16.3614 -43.8653 0.271247 0 0 0 0.152144 13 12664 1 0 1 
17.7225 -8.17117 0.340113 0 0 0 0.134291 13 12665 1 0 1 
3.43235 9.65145 0.332291 0 0 0 0.136751 13 12666 1 0 1 
-16.8149 -9.10542 0.313075 0 0 0 0.142576 13 12667 1 0 1 
-10.4479 -21.836 0.315538 0 0 0 0.140556 13 12668 1 0 1 
1.51125 -12.8085 0.312258 0 0 0 0.141956 13 12669 1 0 1 
35.7719 24.3303 0.338041 0 0 0 0.136542 13 12670 1 0 1 
-12.7866 -9.86991 0.338656 0 0 0 0.137515 13 12671 1 0 1 
-5.2482 -10.3388 0.353309 0 0 0 0.133461 13 12672 1 0 1 
9.27182 -1.98548 0.35162 0 0 0 0.135277 13 12673 1 0 1 
26.2831 -11.5155 0.348694 0 0 0 0.135403 13 12674 1 0 1 
28.9946 29.69 0.323051 0 0 0 0.139869 13 12675 1 0 1 
5.34137 -28.7185 0.285751 0 0 0 0.146856 13 12676 1 0 1 
-3.52636 18.3982 0.319593 0 0 0 0.14139 13 12677 1 0 1 
15.0027 -3.96593 0.324351 0 0 0 0.139328 13 12678 1 0 1 
35.7887 18.4968 0.29793 0 0 0 0.145792 13 12679 1 0 1 
23.1667 10.8804 0.30133 0 0 0 0.1451 13 12680 1 0 1 
3.96069 -2.4095 0.309121 0 0 0 0.142756 13 12681 1 0 1 
-12.4856 -5.81723 0.298105 0 0 0 0.144529 13 12682 1 0 1 
-0.640414 16.8365 0.311805 0 0 0 0.14296 13 12683 1 0 1 
-18.623 1.34678 0.298226 0 0 0 0.146443 13 12684 1 0 1 
13.5483 2.36943 0.333213 0 0 0 0.138815 13 12685 1 0 1 
7.78856 -24.3248 0.362827 0 0 0 0.132279 13 12686 1 0 1 
-11.3426 -18.5091 0.314308 0 0 0 0.140891 13 12687 1 0 1 
-6.67821 10.4212 0.320867 0 0 0 0.140382 13 12688 1 0 1 
5.80426 -22.2213 0.334945 0 0 0 0.138971 13 12689 1 0 1 
-18.3106 -0.464656 0.320425 0 0 0 0.142138 13 12690 1 0 1 
-6.15451 -11.1521 0.317717 0 0 0 0.141013 13 12691 1 0 1 
-11.8746 0.871593 0.349865 0 0 0 0.134758 13 12692 1 0 1 
12.479 5.73662 0.325291 0 0 0 0.138935 13 12693 1 0 1 
-18.7964 -16.2114 0.366382 0 0 0 0.132083 13 12694 1 0 1 
-3.37605 -23.0933 0.289272 0 0 0 0.145084 13 12695 1 0 1 
-11.6201 -9.82462 0.32106 0 0 0 0.141207 13 12696 1 0 1 
6.11089 26.6203 0.315144 0 0 0 0.133689 13 12697 1 0 1 
-18.6528 -29.5758 0.293649 0 0 0 0.145664 13 12698 1 0 1 
-10.8398 -0.145138 0.324565 0 0 0 0.13937 13 12699 1 0 1 
-25.5862 -8.98197 0.329283 0 0 0 0.138775 13 12700 1 0 1 
-0.233511 -25.3184 0.320708 0 0 0 0.138246 13 12701 1 0 1 
-16.7199 -21.0612 0.256887 0 0 0 0.155981 13 12702 1 0 1 
-7.02944 33.1358 0.31265 0 0 0 0.14212 13 12703 1 0 1 
6.2622 -0.83963 0.34254 0 0 0 0.134821 13 12704 1 0 1 
2.04588 31.4969 0.285245 0 0 0 0.146879 13 12705 1 0 1 
-0.72169 -1.10044 0.30947 0 0 0 0.143057 13 12706 1 0 1 
2.91916 20.9442 0.30965 0 0 0 0.14336 13 12707 1 0 1 
3.17564 -11.0413 0.281995 0 0 0 0.147559 13 12708 1 0 1 
-33.3987 27.497 0.329208 0 0 0 0.138887 13 12709 1 0 1 
-12.3408 5.83236 0.331116 0 0 0 0.138811 13 12710 1 0 1 
-23.7578 -0.324366 0.311034 0 0 0 0.143534 13 12711 1 0 1 
3.09381 14.8195 0.32886 0 0 0 0.13821 13 12712 1 0 1 
-10.0173 7.58138 0.343852 0 0 0 0.135709 13 12713 1 0 1 
19.5168 6.13348 0.290592 0 0 0 0.145888 13 12714 1 0 1 
-9.11651 8.93649 0.32276 0 0 0 0.139499 13 12715 1 0 1 
7.33989 -6.00998 0.313781 0 0 0 0.141678 13 12716 1 0 1 
12.476 0.365961 0.299392 0 0 0 0.144306 13 12717 1 0 1 
0.622459 13.64 0.319948 0 0 0 0.139558 13 12718 1 0 1 
-0.972761 -7.67889 0.315594 0 0 0 0.140662 13 12719 1 0 1 
21.253 16.0693 0.276713 0 0 0 0.148564 13 12720 1 0 1 
15.602 10.9374 0.313065 0 0 0 0.139841 13 12721 1 0 1 
5.27801 -1.70658 0.300193 0 0 0 0.144973 13 12722 1 0 1 
8.22792 -22.467 0.348018 0 0 0 0.133995 13 12723 1 0 1 
25.7572 10.9741 0.314859 0 0 0 0.142615 13 12724 1 0 1 
-4.91524 -6.23013 0.357452 0 0 0 0.133829 13 12725 1 0 1 
-11.5609 25.0848 0.325901 0 0 0 0.139213 13 12726 1 0 1 
-10.1978 1.19713 0.318282 0 0 0 0.141549 13 12727 1 0 1 
-2.58024 -3.53503 0.298805 0 0 0 0.142528 13 12728 1 0 1 
-3.96011 -6.20471 0.322395 0 0 0 0.140554 13 12729 1 0 1 
-25.6492 -2.22488 0.327257 0 0 0 0.139627 13 12730 1 0 1 
4.8678 -10.3565 0.339557 0 0 0 0.136554 13 12731 1 0 1 
-32.338 -17.2259 0.288516 0 0 0 0.146711 13 12732 1 0 1 
-4.63463 -16.1202 0.331971 0 0 0 0.13845 13 12733 1 0 1 
-4.08926 -30.8941 0.283453 0 0 0 0.148721 13 12734 1 0 1 
24.0708 7.2029 0.358377 0 0 0 0.13466 13 12735 1 0 1 
21.042 -19.7473 0.28012 0 0 0 0.148159 13 12736 1 0 1 
-1.03322 15.1707 0.322486 0 0 0 0.138339 13 12737 1 0 1 
2.59195 -22.0627 0.317557 0 0 0 0.141095 13 12738 1 0 1 
-17.0329 -25.8583 0.290186 0 0 0 0.145882 13 12739 1 0 1 
-2.494 -20.0489 0.28846 0 0 0 0.145146 13 12740 1 0 1 
0.663741 17.2055 0.312169 0 0 0 0.141785 13 12741 1 0 1 
-7.79019 0.238436 0.328045 0 0 0 0.13792 13 12742 1 0 1 
28.5237 8.95495 0.340049 0 0 0 0.136002 13 12743 1 0 1 
-0.757936 -2.84826 0.321314 0 0 0 0.137324 13 12744 1 0 1 
2.24635 -4.56455 0.289715 0 0 0 0.147106 13 12745 1 0 1 
9.05694 41.2798 0.305514 0 0 0 0.137036 13 12746 1 0 1 
-8.73002 -19.921 0.293734 0 0 0 0.145046 13 12747 1 0 1 
3.16375 -14.8067 0.330234 0 0 0 0.138933 13 12748 1 0 1 
11.1343 -4.0245 0.34037 0 0 0 0.136504 13 12749 1 0 1 
5.82655 2.0603 0.310607 0 0 0 0.14145 13 12750 1 0 1 
-1.13532 -1.77401 0.315612 0 0 0 0.14214 13 12751 1 0 1 
0.107367 5.14572 0.333549 0 0 0 0.138895 13 12752 1 0 1 
-14.9505 -7.04659 0.340026 0 0 0 0.137313 13 12753 1 0 1 
-5.68815 6.53083 0.317405 0 0 0 0.141374 13 12754 1 0 1 
3.08105 25.0555 0.319712 0 0 0 0.137879 13 12755 1 0 1 
-12.8371 12.9913 0.318105 0 0 0 0.140561 13 12756 1 0 1 
-31.0279 1.75021 0.33063 0 0 0 0.138218 13 12757 1 0 1 
-21.0282 -27.1355 0.355378 0 0 0 0.133134 13 12758 1 0 1 
-19.709 -18.2518 0.35113 0 0 0 0.133632 13 12759 1 0 1 
-30.3629 21.2168 0.296674 0 0 0 0.145027 13 12760 1 0 1 
-16.8952 -10.0209 0.331469 0 0 0 0.135984 13 12761 1 0 1 
-16.3741 11.3297 0.3356 0 0 0 0.137975 13 12762 1 0 1 
1.4169 -21.401 0.284021 0 0 0 0.140218 13 12763 1 0 1 
-26.4143 34.6697 0.34406 0 0 0 0.137304 13 12764 1 0 1 
-3.69127 -3.198 0.341441 0 0 0 0.134936 13 12765 1 0 1 
1.26291 -8.57921 0.290044 0 0 0 0.144879 13 12766 1 0 1 
16.2374 -16.9077 0.306195 0 0 0 0.14312 13 12767 1 0 1 
4.19807 10.1258 0.35179 0 0 0 0.134404 13 12768 1 0 1 
6.58963 34.0336 0.342346 0 0 0 0.138108 13 12769 1 0 1 
-38.4373 13.8452 0.31352 0 0 0 0.141607 13 12770 1 0 1 
-41.3428 -30.0719 0.315631 0 0 0 0.140139 13 12771 1 0 1 
42.2539 -1.85944 0.329157 0 0 0 0.137987 13 12772 1 0 1 
-16.4055 -27.6839 0.305081 0 0 0 0.144843 13 12773 1 0 1 
-2.93288 -5.35452 0.307141 0 0 0 0.141925 13 12774 1 0 1 
5.34667 12.3664 0.312026 0 0 0 0.141654 13 12775 1 0 1 
-12.25 -18.9662 0.299654 0 0 0 0.143757 13 12776 1 0 1 
7.38118 -19.7587 0.317514 0 0 0 0.139746 13 12777 1 0 1 
12.107 4.2367 0.282992 0 0 0 0.146773 13 12778 1 0 1 
-12.4286 8.6183 0.30234 0 0 0 0.144589 13 12779 1 0 1 
-13.0056 23.0521 0.277241 0 0 0 0.150453 13 12780 1 0 1 
-0.124358 -1.3123 0.314882 0 0 0 0.141333 13 12781 1 0 1 
-4.20159 3.04875 0.321062 0 0 0 0.140652 13 12782 1 0 1 
9.06945 14.1155 0.29092 0 0 0 0.146405 13 12783 1 0 1 
-16.8998 6.40118 0.316711 0 0 0 0.14154 13 12784 1 0 1 
-5.91221 -9.21015 0.369513 0 0 0 0.131295 13 12785 1 0 1 
2.94729 -20.0825 0.295576 0 0 0 0.14413 13 12786 1 0 1 
22.1424 -15.7814 0.30123 0 0 0 0.145588 13 12787 1 0 1 
14.298 14.7092 0.322027 0 0 0 0.140236 13 12788 1 0 1 
13.2557 8.07833 0.335714 0 0 0 0.135513 13 12789 1 0 1 
15.8574 -14.3044 0.254604 0 0 0 0.157441 13 12790 1 0 1 
-15.943 -18.0463 0.338518 0 0 0 0.137249 13 12791 1 0 1 
22.6543 -5.60916 0.343472 0 0 0 0.134767 13 12792 1 0 1 
6.75142 -3.30783 0.323469 0 0 0 0.138855 13 12793 1 0 1 
-10.4177 1.71952 0.313267 0 0 0 0.143417 13 12794 1 0 1 
-10.5679 20.4256 0.312762 0 0 0 0.141212 13 12795 1 0 1 
-4.47335 -3.56634 0.357601 0 0 0 0.131582 13 12796 1 0 1 
17.5114 3.09974 0.278136 0 0 0 0.149148 13 12797 1 0 1 
-5.52614 -3.24666 0.323845 0 0 0 0.139219 13 12798 1 0 1 
-19.255 -6.59488 0.34507 0 0 0 0.136695 13 12799 1 0 1 
22.5218 1.83162 0.327957 0 0 0 0.139201 13 12800 1 0 1 
-2.69631 -8.4521 0.316997 0 0 0 0.140185 13 12801 1 0 1 
-29.7945 28.7723 0.361567 0 0 0 0.134897 13 12802 1 0 1 
-10.5025 -22.0031 0.356047 0 0 0 0.13267 13 12803 1 0 1 
-2.20877 11.6694 0.342539 0 0 0 0.13723 13 12804 1 0 1 
12.742 -15.0959 0.311126 0 0 0 0.137457 13 12805 1 0 1 
-8.78456 0.886907 0.311841 0 0 0 0.14241 13 12806 1 0 1 
29.7106 -0.176288 0.325374 0 0 0 0.138715 13 12807 1 0 1 
8.01407 -2.12737 0.286957 0 0 0 0.146662 13 12808 1 0 1 
0.429618 0.527615 0.319339 0 0 0 0.141063 13 12809 1 0 1 
5.39601 -3.76662 0.360843 0 0 0 0.132723 13 12810 1 0 1 
-18.9313 2.66945 0.344525 0 0 0 0.132883 13 12811 1 0 1 
-6.97287 -24.1372 0.298113 0 0 0 0.14116 13 12812 1 0 1 
12.9055 -1.77402 0.287999 0 0 0 0.148393 13 12813 1 0 1 
30.8128 14.759 0.299669 0 0 0 0.144447 13 12814 1 0 1 
3.16664 5.54582 0.309659 0 0 0 0.141461 13 12815 1 0 1 
8.17135 -8.65373 0.344188 0 0 0 0.137723 13 12816 1 0 1 
2.24767 -9.92313 0.354797 0 0 0 0.132405 13 12817 1 0 1 
0.983916 -2.0866 0.326052 0 0 0 0.139562 13 12818 1 0 1 
9.91871 9.29684 0.279041 0 0 0 0.148949 13 12819 1 0 1 
8.31483 -11.2733 0.311848 0 0 0 0.141301 13 12820 1 0 1 
-35.76 3.49201 0.304781 0 0 0 0.143973 13 12821 1 0 1 
-6.15177 -2.43974 0.350273 0 0 0 0.13447 13 12822 1 0 1 
15.9623 13.8171 0.374538 0 0 0 0.131493 13 12823 1 0 1 
-1.91469 -14.592 0.282753 0 0 0 0.148273 13 12824 1 0 1 
-5.44852 -4.50462 0.356965 0 0 0 0.133056 13 12825 1 0 1 
11.6738 2.69021 0.323583 0 0 0 0.140802 13 12826 1 0 1 
19.534 -2.84362 0.346955 0 0 0 0.134914 13 12827 1 0 1 
12.5878 0.424196 0.339398 0 0 0 0.137866 13 12828 1 0 1 
11.331 35.8928 0.314963 0 0 0 0.139922 13 12829 1 0 1 
-1.33979 -25.469 0.334685 0 0 0 0.134656 13 12830 1 0 1 
5.71764 0.553695 0.334539 0 0 0 0.138446 13 12831 1 0 1 
3.2442 20.4181 0.321171 0 0 0 0.140517 13 12832 1 0 1 
-18.2735 -25.5725 0.306682 0 0 0 0.142943 13 12833 1 0 1 
-8.28491 2.92534 0.289032 0 0 0 0.145556 13 12834 1 0 1 
-10.2545 4.28007 0.314567 0 0 0 0.142978 13 12835 1 0 1 
-1.69486 30.0848 0.254995 0 0 0 0.143653 13 12836 1 0 1 
14.6867 9.49267 0.343658 0 0 0 0.135196 13 12837 1 0 1 
28.0287 -9.61639 0.32652 0 0 0 0.140747 13 12838 1 0 1 
14.1466 -4.9815 0.335683 0 0 0 0.139357 13 12839 1 0 1 
-36.883 22.9074 0.347408 0 0 0 0.135582 13 12840 1 0 1 
-10.7997 -17.4834 0.295095 0 0 0 0.145239 13 12841 1 0 1 
6.60921 -24.1205 0.287124 0 0 0 0.146435 13 12842 1 0 1 
-3.58594 -0.662701 0.342983 0 0 0 0.137025 13 12843 1 0 1 
10.2114 14.7888 0.260086 0 0 0 0.15333 13 12844 1 0 1 
-3.74641 -28.8895 0.285098 0 0 0 0.14787 13 12845 1 0 1 
-1.24469 -12.9877 0.284614 0 0 0 0.147975 13 12846 1 0 1 
-5.16573 18.918 0.280406 0 0 0 0.147406 13 12847 1 0 1 
-25.2507 -20.5331 0.361004 0 0 0 0.132685 13 12848 1 0 1 
2.55285 4.10674 0.365111 0 0 0 0.130768 13 12849 1 0 1 
16.9654 -14.1825 0.337664 0 0 0 0.139479 13 12850 1 0 1 
-7.69642 -2.01305 0.323638 0 0 0 0.138677 13 12851 1 0 1 
25.677 -10.7261 0.279992 0 0 0 0.148433 13 12852 1 0 1 
-4.61539 3.58076 0.313327 0 0 0 0.142117 13 12853 1 0 1 
-12.7499 10.0037 0.336334 0 0 0 0.137724 13 12854 1 0 1 
-27.1971 -3.50181 0.343086 0 0 0 0.137055 13 12855 1 0 1 
10.8306 9.37964 0.260321 0 0 0 0.152898 13 12856 1 0 1 
2.0832 7.27548 0.290225 0 0 0 0.145361 13 12857 1 0 1 
-10.1554 12.4371 0.278477 0 0 0 0.148878 13 12858 1 0 1 
-13.9267 -2.46074 0.380726 0 0 0 0.129407 13 12859 1 0 1 
-0.137061 -0.850949 0.33331 0 0 0 0.135473 13 12860 1 0 1 
-16.1183 -1.95165 0.340562 0 0 0 0.136154 13 12861 1 0 1 
10.7635 -3.13036 0.324425 0 0 0 0.14015 13 12862 1 0 1 
-25.2464 35.6774 0.334302 0 0 0 0.137122 13 12863 1 0 1 
17.2774 8.84025 0.264828 0 0 0 0.150669 13 12864 1 0 1 
3.47574 -20.9967 0.296353 0 0 0 0.144886 13 12865 1 0 1 
1.04257 6.71346 0.34008 0 0 0 0.137344 13 12866 1 0 1 
-7.04631 -23.4591 0.325303 0 0 0 0.140594 13 12867 1 0 1 
29.5836 -12.0678 0.331008 0 0 0 0.138745 13 12868 1 0 1 
7.31228 -18.683 0.320423 0 0 0 0.141498 13 12869 1 0 1 
-11.1475 21.0907 0.354255 0 0 0 0.133326 13 12870 1 0 1 
27.242 -2.83132 0.331564 0 0 0 0.136465 13 12871 1 0 1 
27.5191 11.6162 0.313757 0 0 0 0.142432 13 12872 1 0 1 
-26.3765 25.7598 0.357117 0 0 0 0.132682 13 12873 1 0 1 
-16.3252 -22.7418 0.318088 0 0 0 0.141523 13 12874 1 0 1 
11.9031 18.6189 0.328963 0 0 0 0.14033 13 12875 1 0 1 
0.580883 15.6879 0.330745 0 0 0 0.138926 13 12876 1 0 1 
-9.12468 15.2091 0.281142 0 0 0 0.146527 13 12877 1 0 1 
-8.11126 8.08774 0.320031 0 0 0 0.142158 13 12878 1 0 1 
0.37254 0.299124 0.330332 0 0 0 0.137661 13 12879 1 0 1 
30.4507 -9.0736 0.281473 0 0 0 0.148288 13 12880 1 0 1 
-16.3467 2.25426 0.3313 0 0 0 0.139592 13 12881 1 0 1 
9.59788 10.8608 0.338142 0 0 0 0.134585 13 12882 1 0 1 
-21.3653 8.29749 0.318384 0 0 0 0.141535 13 12883 1 0 1 
2.68912 5.10871 0.314644 0 0 0 0.142735 13 12884 1 0 1 
9.78854 -4.14289 0.342733 0 0 0 0.133627 13 12885 1 0 1 
3.82152 8.01566 0.339459 0 0 0 0.134407 13 12886 1 0 1 
29.9885 25.328 0.306261 0 0 0 0.143602 13 12887 1 0 1 
-27.1528 -0.315105 0.316107 0 0 0 0.142005 13 12888 1 0 1 
-22.3635 -20.1564 0.328796 0 0 0 0.139082 13 12889 1 0 1 
26.2529 -15.6272 0.353394 0 0 0 0.134521 13 12890 1 0 1 
-10.2386 7.94259 0.303647 0 0 0 0.142913 13 12891 1 0 1 
16.2127 -10.7239 0.290843 0 0 0 0.147207 13 12892 1 0 1 
8.83766 8.17503 0.318234 0 0 0 0.142221 13 12893 1 0 1 
15.6418 -23.8769 0.273944 0 0 0 0.15093 13 12894 1 0 1 
-0.0140412 -5.15052 0.30232 0 0 0 0.143523 13 12895 1 0 1 
13.8154 -1.79162 0.322037 0 0 0 0.140011 13 12896 1 0 1 
22.0063 12.6918 0.349313 0 0 0 0.134448 13 12897 1 0 1 
12.832 1.97312 0.352242 0 0 0 0.133619 13 12898 1 0 1 
6.03131 -4.03569 0.304555 0 0 0 0.144487 13 12899 1 0 1 
-14.1677 -11.6115 0.285372 0 0 0 0.146726 13 12900 1 0 1 
16.6057 8.17547 0.3 0 0 0 0.143295 13 12901 1 0 1 
-28.3469 -17.0137 0.289465 0 0 0 0.144239 13 12902 1 0 1 
-2.5507 16.7902 0.289801 0 0 0 0.145981 13 12903 1 0 1 
7.85514 -6.92316 0.338569 0 0 0 0.135233 13 12904 1 0 1 
8.2178 -9.46793 0.320285 0 0 0 0.140519 13 12905 1 0 1 
-3.63071 -6.23342 0.375425 0 0 0 0.131786 13 12906 1 0 1 
-6.70757 -1.67141 0.281826 0 0 0 0.148047 13 12907 1 0 1 
-11.4583 -9.94107 0.285063 0 0 0 0.148271 13 12908 1 0 1 
-5.01966 -11.618 0.330785 0 0 0 0.139368 13 12909 1 0 1 
-14.0076 11.8875 0.318957 0 0 0 0.136593 13 12910 1 0 1 
-17.8577 -0.0410505 0.339291 0 0 0 0.138901 13 12911 1 0 1 
-18.9409 -39.4535 0.336762 0 0 0 0.136522 13 12912 1 0 1 
-3.5336 2.16769 0.302214 0 0 0 0.144389 13 12913 1 0 1 
15.8069 -11.2229 0.319548 0 0 0 0.137195 13 12914 1 0 1 
-27.2461 -28.0622 0.307723 0 0 0 0.141401 13 12915 1 0 1 
15.4606 13.8349 0.332671 0 0 0 0.138383 13 12916 1 0 1 
10.9649 -23.1389 0.334923 0 0 0 0.13825 13 12917 1 0 1 
-13.1527 2.28954 0.295021 0 0 0 0.144757 13 12918 1 0 1 
0.181374 -6.18118 0.291697 0 0 0 0.146241 13 12919 1 0 1 
32.7054 3.90366 0.284408 0 0 0 0.146966 13 12920 1 0 1 
3.23084 -18.6721 0.319546 0 0 0 0.140626 13 12921 1 0 1 
-7.43011 15.5963 0.343207 0 0 0 0.136403 13 12922 1 0 1 
-1.88187 -1.39602 0.308772 0 0 0 0.142783 13 12923 1 0 1 
6.77968 3.5519 0.330537 0 0 0 0.139021 13 12924 1 0 1 
17.2649 32.9313 0.34211 0 0 0 0.136109 13 12925 1 0 1 
10.1152 -6.71447 0.299845 0 0 0 0.143129 13 12926 1 0 1 
7.62247 11.5742 0.33156 0 0 0 0.138399 13 12927 1 0 1 
18.3419 6.79159 0.322653 0 0 0 0.139262 13 12928 1 0 1 
-6.85853 2.45276 0.26159 0 0 0 0.152671 13 12929 1 0 1 
-15.1402 -2.89871 0.358975 0 0 0 0.131603 13 12930 1 0 1 
26.8502 0.235995 0.332552 0 0 0 0.138439 13 12931 1 0 1 
22.674 1.70953 0.337998 0 0 0 0.136515 13 12932 1 0 1 
15.9439 -10.1186 0.286241 0 0 0 0.14623 13 12933 1 0 1 
-23.99 6.68177 0.253695 0 0 0 0.139864 13 12934 1 0 1 
-14.6592 -28.3305 0.331866 0 0 0 0.14029 13 12935 1 0 1 
14.736 -21.5296 0.333649 0 0 0 0.138418 13 12936 1 0 1 
-17.8966 -10.7159 0.337087 0 0 0 0.138046 13 12937 1 0 1 
4.41301 19.385 0.308799 0 0 0 0.142668 13 12938 1 0 1 
16.2425 -28.4326 0.331516 0 0 0 0.138273 13 12939 1 0 1 
-7.26367 4.89925 0.343986 0 0 0 0.136655 13 12940 1 0 1 
2.99068 -9.22707 0.326566 0 0 0 0.138372 13 12941 1 0 1 
-0.247715 30.7717 0.284934 0 0 0 0.147986 13 12942 1 0 1 
-5.50407 -25.8913 0.335239 0 0 0 0.136972 13 12943 1 0 1 
12.479 -0.261299 0.322706 0 0 0 0.138283 13 12944 1 0 1 
-12.4216 16.4509 0.346569 0 0 0 0.134594 13 12945 1 0 1 
-6.88563 -12.899 0.348743 0 0 0 0.133909 13 12946 1 0 1 
-4.16492 11.5079 0.370139 0 0 0 0.131924 13 12947 1 0 1 
-23.4949 -2.86611 0.324646 0 0 0 0.140045 13 12948 1 0 1 
-9.44194 20.8169 0.295562 0 0 0 0.146069 13 12949 1 0 1 
-22.2276 -0.123814 0.293505 0 0 0 0.145556 13 12950 1 0 1 
25.313 15.6649 0.293057 0 0 0 0.143903 13 12951 1 0 1 
7.53038 15.6939 0.326732 0 0 0 0.13867 13 12952 1 0 1 
-3.93143 -29.8907 0.32973 0 0 0 0.138465 13 12953 1 0 1 
9.04367 -26.6233 0.336061 0 0 0 0.138077 13 12954 1 0 1 
21.8534 -16.8277 0.35749 0 0 0 0.134762 13 12955 1 0 1 
1.37707 -0.0354584 0.298479 0 0 0 0.143871 13 12956 1 0 1 
2.90579 14.3974 0.336535 0 0 0 0.13687 13 12957 1 0 1 
12.2769 2.44699 0.260869 0 0 0 0.154592 13 12958 1 0 1 
19.8169 -13.3742 0.33349 0 0 0 0.137488 13 12959 1 0 1 
-1.52539 -19.8174 0.333626 0 0 0 0.137942 13 12960 1 0 1 
-18.1561 -6.45001 0.304011 0 0 0 0.144803 13 12961 1 0 1 
8.58082 1.12452 0.332512 0 0 0 0.138713 13 12962 1 0 1 
-36.779 9.59079 0.335856 0 0 0 0.138614 13 12963 1 0 1 
-24.7999 -25.3292 0.275957 0 0 0 0.148964 13 12964 1 0 1 
-17.2921 -9.21199 0.304126 0 0 0 0.144266 13 12965 1 0 1 
1.88248 -46.4724 0.336389 0 0 0 0.136272 13 12966 1 0 1 
1.8604 -23.0839 0.268076 0 0 0 0.152408 13 12967 1 0 1 
-20.5317 0.809087 0.353291 0 0 0 0.132212 13 12968 1 0 1 
-2.21096 -4.10588 0.312607 0 0 0 0.141088 13 12969 1 0 1 
12.3003 -2.71049 0.306834 0 0 0 0.142438 13 12970 1 0 1 
-3.68378 20.0951 0.323602 0 0 0 0.140765 13 12971 1 0 1 
-4.69822 22.4748 0.345443 0 0 0 0.1356 13 12972 1 0 1 
-3.01336 1.9888 0.330726 0 0 0 0.13843 13 12973 1 0 1 
13.1439 -3.35343 0.333117 0 0 0 0.13854 13 12974 1 0 1 
-26.4718 -9.44008 0.354412 0 0 0 0.133014 13 12975 1 0 1 
5.27562 -2.42406 0.353374 0 0 0 0.135391 13 12976 1 0 1 
10.2939 1.03879 0.270596 0 0 0 0.149681 13 12977 1 0 1 
-11.0862 16.9948 0.312655 0 0 0 0.141426 13 12978 1 0 1 
8.88497 10.9993 0.300512 0 0 0 0.142829 13 12979 1 0 1 
12.5818 6.65689 0.344624 0 0 0 0.136279 13 12980 1 0 1 
19.1078 -14.3285 0.368296 0 0 0 0.132999 13 12981 1 0 1 
-5.19524 -15.994 0.323993 0 0 0 0.138251 13 12982 1 0 1 
-12.6645 1.24394 0.281162 0 0 0 0.147708 13 12983 1 0 1 
-0.812361 32.3845 0.284298 0 0 0 0.147977 13 12984 1 0 1 
16.3483 -12.4743 0.277666 0 0 0 0.15062 13 12985 1 0 1 
-10.0525 17.8127 0.318132 0 0 0 0.140876 13 12986 1 0 1 
-26.4366 -9.04315 0.310993 0 0 0 0.140704 13 12987 1 0 1 
-17.8237 -11.3431 0.383099 0 0 0 0.13066 13 12988 1 0 1 
-8.81643 2.62343 0.339696 0 0 0 0.137879 13 12989 1 0 1 
-8.59851 9.22203 0.300254 0 0 0 0.143704 13 12990 1 0 1 
16.3215 10.0344 0.327381 0 0 0 0.140309 13 12991 1 0 1 
20.9305 3.80625 0.288582 0 0 0 0.146457 13 12992 1 0 1 
8.42619 23.982 0.319404 0 0 0 0.140772 13 12993 1 0 1 
10.5341 0.84559 0.281461 0 0 0 0.148895 13 12994 1 0 1 
5.22291 7.61408 0.311047 0 0 0 0.14199 13 12995 1 0 1 
21.1776 -16.9724 0.267036 0 0 0 0.152066 13 12996 1 0 1 
-18.8051 12.5736 0.346891 0 0 0 0.136277 13 12997 1 0 1 
-14.9531 -4.39518 0.347643 0 0 0 0.133089 13 12998 1 0 1 
-12.474 28.7306 0.321063 0 0 0 0.140672 13 12999 1 0 1 
-3.75259 1.78386 0.29463 0 0 0 0.144384 13 13000 1 0 1 
-14.8067 17.2728 0.318594 0 0 0 0.140128 13 13001 1 0 1 
-8.57304 31.1817 0.321857 0 0 0 0.139376 13 13002 1 0 1 
-6.35382 -9.33435 0.304617 0 0 0 0.142871 13 13003 1 0 1 
0.373319 -13.9717 0.331991 0 0 0 0.139306 13 13004 1 0 1 
-22.2512 -6.30629 0.32271 0 0 0 0.140251 13 13005 1 0 1 
6.60893 16.7359 0.319156 0 0 0 0.138646 13 13006 1 0 1 
8.13883 -39.0118 0.338043 0 0 0 0.136078 13 13007 1 0 1 
15.0961 -10.3068 0.281949 0 0 0 0.147875 13 13008 1 0 1 
1.78171 -5.26717 0.317672 0 0 0 0.142122 13 13009 1 0 1 
9.48896 13.492 0.320655 0 0 0 0.140754 13 13010 1 0 1 
9.08214 19.3992 0.305302 0 0 0 0.1434 13 13011 1 0 1 
-1.29785 8.51252 0.313303 0 0 0 0.142427 13 13012 1 0 1 
-21.2883 1.3247 0.345884 0 0 0 0.137566 13 13013 1 0 1 
-15.0874 -13.64 0.318935 0 0 0 0.141532 13 13014 1 0 1 
24.2004 -2.62056 0.324362 0 0 0 0.138657 13 13015 1 0 1 
0.153144 7.72885 0.322708 0 0 0 0.140638 13 13016 1 0 1 
-4.26079 -27.146 0.2852 0 0 0 0.148338 13 13017 1 0 1 
14.7832 44.8058 0.372102 0 0 0 0.131378 13 13018 1 0 1 
-6.55096 4.62021 0.334682 0 0 0 0.138135 13 13019 1 0 1 
-13.5104 26.5989 0.304906 0 0 0 0.144396 13 13020 1 0 1 
-16.8847 27.4269 0.318135 0 0 0 0.141146 13 13021 1 0 1 
-16.9937 -22.3077 0.338523 0 0 0 0.136451 13 13022 1 0 1 
-8.33457 10.0385 0.32258 0 0 0 0.138438 13 13023 1 0 1 
-2.58673 20.0758 0.332715 0 0 0 0.140242 13 13024 1 0 1 
8.2159 15.9965 0.319601 0 0 0 0.141276 13 13025 1 0 1 
3.5527 12.3031 0.291551 0 0 0 0.146736 13 13026 1 0 1 
2.51429 12.9377 0.327692 0 0 0 0.138325 13 13027 1 0 1 
-16.2895 -23.9654 0.341868 0 0 0 0.136489 13 13028 1 0 1 
17.7084 -15.0333 0.294465 0 0 0 0.145164 13 13029 1 0 1 
-13.4143 9.45887 0.351775 0 0 0 0.134138 13 13030 1 0 1 
-8.18694 15.5467 0.321663 0 0 0 0.139698 13 13031 1 0 1 
16.9483 17.8003 0.334981 0 0 0 0.136112 13 13032 1 0 1 
3.61852 -8.85898 0.299143 0 0 0 0.144489 13 13033 1 0 1 
9.34621 -2.45965 0.339677 0 0 0 0.135849 13 13034 1 0 1 
13.2547 -9.82744 0.325439 0 0 0 0.139848 13 13035 1 0 1 
13.0489 5.2328 0.325072 0 0 0 0.140887 13 13036 1 0 1 
27.6908 22.3012 0.284017 0 0 0 0.147584 13 13037 1 0 1 
7.47596 -1.38345 0.304017 0 0 0 0.144299 13 13038 1 0 1 
-16.2628 2.16829 0.312819 0 0 0 0.142863 13 13039 1 0 1 
7.81841 -18.1506 0.314214 0 0 0 0.140689 13 13040 1 0 1 
-16.5333 -17.9249 0.326882 0 0 0 0.138511 13 13041 1 0 1 
6.37492 -8.80816 0.304381 0 0 0 0.141652 13 13042 1 0 1 
-21.6016 -20.117 0.30608 0 0 0 0.143804 13 13043 1 0 1 
27.7018 -0.609549 0.325062 0 0 0 0.140508 13 13044 1 0 1 
6.06002 -18.1104 0.368345 0 0 0 0.131769 13 13045 1 0 1 
16.2896 3.37768 0.285278 0 0 0 0.148587 13 13046 1 0 1 
14.7764 13.1345 0.338015 0 0 0 0.137972 13 13047 1 0 1 
-19.7302 -11.0085 0.339005 0 0 0 0.136059 13 13048 1 0 1 
-2.64776 11.5845 0.267149 0 0 0 0.150979 13 13049 1 0 1 
-4.18386 11.3902 0.330777 0 0 0 0.136435 13 13050 1 0 1 
-11.3417 -29.8838 0.29354 0 0 0 0.145921 13 13051 1 0 1 
18.2012 29.8032 0.337796 0 0 0 0.13529 13 13052 1 0 1 
8.63189 -0.457197 0.381688 0 0 0 0.129245 13 13053 1 0 1 
-17.1023 12.7707 0.37885 0 0 0 0.131498 13 13054 1 0 1 
19.5951 8.32817 0.327889 0 0 0 0.139553 13 13055 1 0 1 
3.9258 4.49848 0.325755 0 0 0 0.139813 13 13056 1 0 1 
-18.9187 9.22161 0.320695 0 0 0 0.142442 13 13057 1 0 1 
18.8588 -3.22798 0.325717 0 0 0 0.139081 13 13058 1 0 1 
14.6227 7.65239 0.314965 0 0 0 0.142015 13 13059 1 0 1 
-1.68566 -8.35083 0.379809 0 0 0 0.131615 13 13060 1 0 1 
-1.96935 16.271 0.359382 0 0 0 0.133619 13 13061 1 0 1 
6.09348 15.8042 0.322708 0 0 0 0.139415 13 13062 1 0 1 
4.9885 27.2726 0.336731 0 0 0 0.136563 13 13063 1 0 1 
-5.8329 9.27938 0.300071 0 0 0 0.144713 13 13064 1 0 1 
-11.7564 21.5967 0.290476 0 0 0 0.146703 13 13065 1 0 1 
-8.70346 -9.68731 0.335618 0 0 0 0.135451 13 13066 1 0 1 
6.21472 -4.50225 0.30888 0 0 0 0.14258 13 13067 1 0 1 
-1.07466 7.10711 0.298491 0 0 0 0.144203 13 13068 1 0 1 
-22.7667 -0.100231 0.364975 0 0 0 0.132534 13 13069 1 0 1 
-12.2649 -13.7848 0.326095 0 0 0 0.138304 13 13070 1 0 1 
-2.30424 -8.77514 0.339041 0 0 0 0.135855 13 13071 1 0 1 
-14.1215 12.9285 0.317295 0 0 0 0.142805 13 13072 1 0 1 
-4.07713 4.5803 0.326451 0 0 0 0.140271 13 13073 1 0 1 
-11.6436 -10.0869 0.306961 0 0 0 0.143755 13 13074 1 0 1 
35.8884 39.9663 0.337744 0 0 0 0.136052 13 13075 1 0 1 
12.0544 -10.9721 0.288923 0 0 0 0.146042 13 13076 1 0 1 
-25.8606 -5.51718 0.342371 0 0 0 0.136321 13 13077 1 0 1 
33.8971 21.0478 0.355435 0 0 0 0.133043 13 13078 1 0 1 
-2.2356 3.99777 0.352469 0 0 0 0.134263 13 13079 1 0 1 
-5.48987 18.6403 0.305736 0 0 0 0.144881 13 13080 1 0 1 
-10.5005 6.99768 0.324215 0 0 0 0.14035 13 13081 1 0 1 
-9.61173 -10.4582 0.322119 0 0 0 0.137524 13 13082 1 0 1 
0.174046 -14.497 0.32367 0 0 0 0.135855 13 13083 1 0 1 
-6.83457 -2.24274 0.374256 0 0 0 0.13061 13 13084 1 0 1 
-17.297 -7.85601 0.339083 0 0 0 0.135192 13 13085 1 0 1 
-2.13726 -8.03665 0.368239 0 0 0 0.132009 13 13086 1 0 1 
-23.8395 26.7881 0.336621 0 0 0 0.135277 13 13087 1 0 1 
-0.501768 0.514162 0.392188 0 0 0 0.129664 13 13088 1 0 1 
-5.79546 39.0527 0.304346 0 0 0 0.14336 13 13089 1 0 1 
-17.3072 -9.27739 0.341871 0 0 0 0.137136 13 13090 1 0 1 
12.5767 -12.0127 0.341131 0 0 0 0.137105 13 13091 1 0 1 
-26.2912 16.2143 0.33155 0 0 0 0.135948 13 13092 1 0 1 
-17.9104 1.68184 0.326636 0 0 0 0.138479 13 13093 1 0 1 
-3.26188 6.33891 0.277157 0 0 0 0.148433 13 13094 1 0 1 
0.622058 7.44291 0.326522 0 0 0 0.140301 13 13095 1 0 1 
25.8371 12.0326 0.326674 0 0 0 0.137729 13 13096 1 0 1 
-1.0394 -6.54827 0.396792 0 0 0 0.129377 13 13097 1 0 1 
3.55316 1.51511 0.30977 0 0 0 0.142541 13 13098 1 0 1 
0.110665 10.849 0.314786 0 0 0 0.142406 13 13099 1 0 1 
-5.4725 -2.57543 0.310678 0 0 0 0.141297 13 13100 1 0 1 
-5.51003 -6.82015 0.296425 0 0 0 0.14539 13 13101 1 0 1 
-7.74064 19.1954 0.320075 0 0 0 0.140269 13 13102 1 0 1 
-12.6499 20.2182 0.301963 0 0 0 0.143621 13 13103 1 0 1 
4.95375 6.11432 0.299871 0 0 0 0.144859 13 13104 1 0 1 
-15.2694 -26.8977 0.313483 0 0 0 0.142373 13 13105 1 0 1 
-10.2081 3.44827 0.284559 0 0 0 0.14756 13 13106 1 0 1 
-7.68874 26.8846 0.344865 0 0 0 0.138183 13 13107 1 0 1 
-4.0495 -15.8164 0.324701 0 0 0 0.139161 13 13108 1 0 1 
-7.11143 -11.4402 0.319335 0 0 0 0.141377 13 13109 1 0 1 
-13.9768 11.3464 0.339286 0 0 0 0.136725 13 13110 1 0 1 
-26.4796 5.94582 0.295425 0 0 0 0.145487 13 13111 1 0 1 
-6.99872 44.6324 0.305451 0 0 0 0.141999 13 13112 1 0 1 
-26.8979 -8.44044 0.266261 0 0 0 0.153157 13 13113 1 0 1 
19.0532 -9.47948 0.315984 0 0 0 0.141533 13 13114 1 0 1 
-20.5383 -12.9354 0.32927 0 0 0 0.138664 13 13115 1 0 1 
-21.7807 -18.4363 0.362698 0 0 0 0.131637 13 13116 1 0 1 
11.843 -5.17386 0.331531 0 0 0 0.140882 13 13117 1 0 1 
-19.4028 29.9367 0.318377 0 0 0 0.142889 13 13118 1 0 1 
-8.14472 -26.7161 0.351395 0 0 0 0.135555 13 13119 1 0 1 
12.8533 12.6711 0.315526 0 0 0 0.141719 13 13120 1 0 1 
-3.05805 -10.9595 0.321531 0 0 0 0.140508 13 13121 1 0 1 
1.05214 6.12461 0.345927 0 0 0 0.135022 13 13122 1 0 1 
11.4079 5.26387 0.349507 0 0 0 0.134237 13 13123 1 0 1 
4.0911 -13.3278 0.295916 0 0 0 0.144817 13 13124 1 0 1 
5.13418 -2.28929 0.338657 0 0 0 0.137289 13 13125 1 0 1 
-16.6705 -1.76821 0.353663 0 0 0 0.133629 13 13126 1 0 1 
-14.6781 -13.0122 0.298379 0 0 0 0.145052 13 13127 1 0 1 
5.70098 4.14107 0.338785 0 0 0 0.136857 13 13128 1 0 1 
3.18653 11.1475 0.307704 0 0 0 0.141985 13 13129 1 0 1 
4.35126 13.6663 0.306501 0 0 0 0.143947 13 13130 1 0 1 
23.8406 -5.73825 0.307065 0 0 0 0.142393 13 13131 1 0 1 
-6.37758 -24.9145 0.327878 0 0 0 0.13764 13 13132 1 0 1 
-17.2201 5.20079 0.316436 0 0 0 0.141145 13 13133 1 0 1 
20.188 20.5792 0.322637 0 0 0 0.139671 13 13134 1 0 1 
-0.855151 2.66068 0.326533 0 0 0 0.139863 13 13135 1 0 1 
-3.72377 -8.72188 0.369001 0 0 0 0.132235 13 13136 1 0 1 
2.92841 27.2064 0.313687 0 0 0 0.14176 13 13137 1 0 1 
-21.7127 13.9609 0.296249 0 0 0 0.146272 13 13138 1 0 1 
-12.1721 -39.732 0.330872 0 0 0 0.137872 13 13139 1 0 1 
6.38741 -10.7543 0.334492 0 0 0 0.137896 13 13140 1 0 1 
-18.9069 -6.01647 0.401174 0 0 0 0.128872 13 13141 1 0 1 
-8.40761 12.3023 0.321633 0 0 0 0.137629 13 13142 1 0 1 
31.5618 17.6972 0.304687 0 0 0 0.143934 13 13143 1 0 1 
-1.45186 -15.7442 0.342549 0 0 0 0.136294 13 13144 1 0 1 
-2.93093 -1.98899 0.288386 0 0 0 0.146859 13 13145 1 0 1 
10.379 -27.4444 0.327636 0 0 0 0.139259 13 13146 1 0 1 
8.81043 -12.0666 0.332492 0 0 0 0.139418 13 13147 1 0 1 
1.88211 -1.07385 0.317945 0 0 0 0.140229 13 13148 1 0 1 
-17.2554 -12.6861 0.277666 0 0 0 0.149947 13 13149 1 0 1 
-1.99723 -17.265 0.357007 0 0 0 0.13361 13 13150 1 0 1 
8.507 -12.3777 0.336647 0 0 0 0.136722 13 13151 1 0 1 
-19.2465 8.55502 0.277491 0 0 0 0.149682 13 13152 1 0 1 
-18.9914 4.1472 0.337483 0 0 0 0.138444 13 13153 1 0 1 
-7.51236 -18.884 0.314429 0 0 0 0.14166 13 13154 1 0 1 
15.7516 -6.0851 0.287474 0 0 0 0.141416 13 13155 1 0 1 
6.07825 12.6954 0.285231 0 0 0 0.14648 13 13156 1 0 1 
-18.7432 -14.0723 0.309813 0 0 0 0.14282 13 13157 1 0 1 
-10.6648 13.4524 0.330437 0 0 0 0.139835 13 13158 1 0 1 
21.1938 1.50147 0.330795 0 0 0 0.136875 13 13159 1 0 1 
-24.4238 23.9889 0.331954 0 0 0 0.135692 13 13160 1 0 1 
28.0707 10.789 0.286602 0 0 0 0.147973 13 13161 1 0 1 
-10.283 13.0553 0.33088 0 0 0 0.137431 13 13162 1 0 1 
8.22475 -7.2888 0.312263 0 0 0 0.140453 13 13163 1 0 1 
-5.5956 -4.15825 0.329726 0 0 0 0.139246 13 13164 1 0 1 
-23.2671 22.4245 0.309669 0 0 0 0.143611 13 13165 1 0 1 
-12.2194 -19.1633 0.32223 0 0 0 0.139761 13 13166 1 0 1 
-10.5647 -2.70524 0.284729 0 0 0 0.148479 13 13167 1 0 1 
13.8749 15.1166 0.304401 0 0 0 0.144596 13 13168 1 0 1 
30.4784 8.37896 0.371977 0 0 0 0.131362 13 13169 1 0 1 
18.7065 -31.6483 0.389184 0 0 0 0.131717 13 13170 1 0 1 
-20.8773 -1.78674 0.300616 0 0 0 0.143657 13 13171 1 0 1 
-36.5635 41.823 0.351412 0 0 0 0.133903 13 13172 1 0 1 
10.9524 18.4921 0.374023 0 0 0 0.130474 13 13173 1 0 1 
4.10311 -18.074 0.317729 0 0 0 0.14123 13 13174 1 0 1 
10.9697 6.0134 0.301189 0 0 0 0.145299 13 13175 1 0 1 
-12.4768 -15.0413 0.337084 0 0 0 0.137853 13 13176 1 0 1 
-7.46026 -19.4961 0.340174 0 0 0 0.136133 13 13177 1 0 1 
1.97596 10.1883 0.322845 0 0 0 0.140922 13 13178 1 0 1 
16.3865 -0.197336 0.338561 0 0 0 0.13824 13 13179 1 0 1 
-1.46916 -8.69867 0.317498 0 0 0 0.141752 13 13180 1 0 1 
10.7465 3.37244 0.28777 0 0 0 0.146622 13 13181 1 0 1 
9.42539 2.45549 0.27799 0 0 0 0.147717 13 13182 1 0 1 
7.17193 12.79 0.332731 0 0 0 0.138498 13 13183 1 0 1 
4.08167 3.14538 0.26187 0 0 0 0.152361 13 13184 1 0 1 
-6.4616 5.85829 0.310411 0 0 0 0.142037 13 13185 1 0 1 
4.36345 -5.90061 0.326947 0 0 0 0.13972 13 13186 1 0 1 
13.2711 23.5856 0.305447 0 0 0 0.145137 13 13187 1 0 1 
0.390786 7.01041 0.325632 0 0 0 0.139958 13 13188 1 0 1 
-26.6047 2.10821 0.308845 0 0 0 0.144017 13 13189 1 0 1 
13.4177 6.49459 0.344952 0 0 0 0.136631 13 13190 1 0 1 
0.0639497 33.3814 0.335744 0 0 0 0.136465 13 13191 1 0 1 
1.27282 0.786889 0.350531 0 0 0 0.132484 13 13192 1 0 1 
16.9334 -13.8945 0.314627 0 0 0 0.142498 13 13193 1 0 1 
41.2156 9.44453 0.311177 0 0 0 0.141241 13 13194 1 0 1 
-16.0342 -17.7307 0.33128 0 0 0 0.136558 13 13195 1 0 1 
23.7895 3.44079 0.310111 0 0 0 0.143675 13 13196 1 0 1 
-6.34931 13.4711 0.310538 0 0 0 0.14233 13 13197 1 0 1 
-32.2205 3.60828 0.32518 0 0 0 0.140656 13 13198 1 0 1 
-5.61879 -7.35297 0.313198 0 0 0 0.140506 13 13199 1 0 1 
13.1757 -32.2649 0.347125 0 0 0 0.13604 13 13200 1 0 1 
-4.5958 34.7907 0.338289 0 0 0 0.137269 13 13201 1 0 1 
9.06485 9.00341 0.333239 0 0 0 0.136117 13 13202 1 0 1 
15.3164 -15.1847 0.309052 0 0 0 0.143 13 13203 1 0 1 
-10.5107 -3.40812 0.322993 0 0 0 0.139701 13 13204 1 0 1 
-41.9734 5.50426 0.316399 0 0 0 0.142504 13 13205 1 0 1 
11.008 19.7664 0.331645 0 0 0 0.13716 13 13206 1 0 1 
5.32863 5.76461 0.332277 0 0 0 0.137508 13 13207 1 0 1 
17.1828 -1.69058 0.355771 0 0 0 0.13335 13 13208 1 0 1 
13.2616 21.5812 0.319825 0 0 0 0.141321 13 13209 1 0 1 
18.1149 30.047 0.320998 0 0 0 0.138235 13 13210 1 0 1 
-10.0549 18.9768 0.331781 0 0 0 0.137958 13 13211 1 0 1 
12.781 0.847732 0.349798 0 0 0 0.135417 13 13212 1 0 1 
-16.3666 -15.273 0.334985 0 0 0 0.138947 13 13213 1 0 1 
22.8972 -0.340703 0.309758 0 0 0 0.143079 13 13214 1 0 1 
0.91619 7.4851 0.306424 0 0 0 0.142573 13 13215 1 0 1 
7.46771 22.381 0.283762 0 0 0 0.148483 13 13216 1 0 1 
7.0843 13.9538 0.309946 0 0 0 0.142858 13 13217 1 0 1 
0.469442 -15.0391 0.353586 0 0 0 0.134378 13 13218 1 0 1 
-3.98835 -17.2317 0.31875 0 0 0 0.141259 13 13219 1 0 1 
3.86808 -22.5967 0.329358 0 0 0 0.136326 13 13220 1 0 1 
16.6993 11.1047 0.317291 0 0 0 0.141269 13 13221 1 0 1 
13.1598 -14.1179 0.30362 0 0 0 0.142992 13 13222 1 0 1 
19.9814 -0.644173 0.337819 0 0 0 0.136924 13 13223 1 0 1 
8.60417 32.4633 0.340357 0 0 0 0.135126 13 13224 1 0 1 
-6.63767 -26.9256 0.346613 0 0 0 0.134246 13 13225 1 0 1 
2.47547 -10.2125 0.345436 0 0 0 0.137822 13 13226 1 0 1 
21.1149 -15.4662 0.324062 0 0 0 0.13912 13 13227 1 0 1 
17.6938 22.7919 0.28161 0 0 0 0.148137 13 13228 1 0 1 
-6.99083 -5.31698 0.287715 0 0 0 0.148009 13 13229 1 0 1 
-7.38616 15.9774 0.331581 0 0 0 0.139393 13 13230 1 0 1 
-13.7994 -6.85539 0.28253 0 0 0 0.148283 13 13231 1 0 1 
-10.756 -9.36647 0.326254 0 0 0 0.140364 13 13232 1 0 1 
32.7718 -3.78553 0.300937 0 0 0 0.14538 13 13233 1 0 1 
4.07721 -1.64115 0.254089 0 0 0 0.157255 13 13234 1 0 1 
-28.0794 12.8992 0.32559 0 0 0 0.140817 13 13235 1 0 1 
7.81156 23.9695 0.350525 0 0 0 0.135753 13 13236 1 0 1 
-0.431699 -2.59755 0.300777 0 0 0 0.14455 13 13237 1 0 1 
2.94184 -6.1934 0.301928 0 0 0 0.143348 13 13238 1 0 1 
2.6225 22.0075 0.329187 0 0 0 0.138388 13 13239 1 0 1 
31.4533 10.4166 0.318491 0 0 0 0.14201 13 13240 1 0 1 
-15.9487 1.77948 0.32441 0 0 0 0.139159 13 13241 1 0 1 
-22.2903 16.1342 0.276027 0 0 0 0.150012 13 13242 1 0 1 
16.6417 31.3689 0.302013 0 0 0 0.144109 13 13243 1 0 1 
25.5716 -29.3851 0.349612 0 0 0 0.13312 13 13244 1 0 1 
-4.39812 5.50178 0.328875 0 0 0 0.138845 13 13245 1 0 1 
0.995736 -17.6893 0.32435 0 0 0 0.139414 13 13246 1 0 1 
-1.05062 19.0272 0.269457 0 0 0 0.151648 13 13247 1 0 1 
1.63801 -29.7174 0.313266 0 0 0 0.140825 13 13248 1 0 1 
-1.0008 -9.99006 0.342096 0 0 0 0.137065 13 13249 1 0 1 
-11.3848 24.7173 0.28758 0 0 0 0.146943 13 13250 1 0 1 
43.4847 29.2714 0.301382 0 0 0 0.144562 13 13251 1 0 1 
0.0365964 -24.0645 0.276884 0 0 0 0.147882 13 13252 1 0 1 
-7.67834 3.05295 0.377911 0 0 0 0.131004 13 13253 1 0 1 
7.64158 12.5839 0.288056 0 0 0 0.148204 13 13254 1 0 1 
-14.4331 -25.7837 0.291 0 0 0 0.144158 13 13255 1 0 1 
-5.45216 16.7024 0.3825 0 0 0 0.130128 13 13256 1 0 1 
-4.45544 20.6195 0.306641 0 0 0 0.143744 13 13257 1 0 1 
6.70465 -30.248 0.322474 0 0 0 0.139758 13 13258 1 0 1 
18.5314 2.28437 0.299687 0 0 0 0.144228 13 13259 1 0 1 
20.5641 -20.7999 0.283384 0 0 0 0.145804 13 13260 1 0 1 
-12.614 3.01538 0.328823 0 0 0 0.137265 13 13261 1 0 1 
-18.433 -37.4898 0.294249 0 0 0 0.146497 13 13262 1 0 1 
-1.74876 -2.57414 0.321073 0 0 0 0.141415 13 13263 1 0 1 
-24.1079 4.12957 0.329853 0 0 0 0.138159 13 13264 1 0 1 
9.86385 -10.1146 0.328932 0 0 0 0.138765 13 13265 1 0 1 
-16.9016 -13.0098 0.33187 0 0 0 0.137264 13 13266 1 0 1 
7.42899 -15.9121 0.327703 0 0 0 0.138515 13 13267 1 0 1 
-24.5957 19.9648 0.366164 0 0 0 0.132478 13 13268 1 0 1 
-6.50997 20.9298 0.340143 0 0 0 0.13688 13 13269 1 0 1 
9.054 6.46397 0.338178 0 0 0 0.137737 13 13270 1 0 1 
21.0801 4.02066 0.302893 0 0 0 0.144248 13 13271 1 0 1 
-10.315 3.57659 0.342553 0 0 0 0.135305 13 13272 1 0 1 
-26.5086 -6.44741 0.370958 0 0 0 0.130897 13 13273 1 0 1 
24.6804 22.9415 0.34722 0 0 0 0.133291 13 13274 1 0 1 
14.8014 12.0561 0.314602 0 0 0 0.142421 13 13275 1 0 1 
7.45148 0.480662 0.346214 0 0 0 0.137094 13 13276 1 0 1 
-18.9475 -7.23491 0.323353 0 0 0 0.139514 13 13277 1 0 1 
7.64415 5.16773 0.312379 0 0 0 0.133692 13 13278 1 0 1 
-15.9202 18.8539 0.328701 0 0 0 0.138802 13 13279 1 0 1 
12.7055 -11.8862 0.285622 0 0 0 0.148407 13 13280 1 0 1 
6.12338 21.487 0.344742 0 0 0 0.135506 13 13281 1 0 1 
7.66861 5.39442 0.332507 0 0 0 0.137677 13 13282 1 0 1 
20.1907 0.188131 0.310865 0 0 0 0.132481 13 13283 1 0 1 
0.606475 5.77905 0.324397 0 0 0 0.139377 13 13284 1 0 1 
34.8192 -2.95466 0.348563 0 0 0 0.136179 13 13285 1 0 1 
-4.04802 -7.17262 0.332374 0 0 0 0.138898 13 13286 1 0 1 
-1.34293 -18.9552 0.312357 0 0 0 0.141092 13 13287 1 0 1 
-15.3507 0.296833 0.339018 0 0 0 0.135113 13 13288 1 0 1 
15.1564 4.06472 0.324329 0 0 0 0.140477 13 13289 1 0 1 
-4.63582 14.4881 0.324043 0 0 0 0.138639 13 13290 1 0 1 
6.48146 14.3042 0.323653 0 0 0 0.140451 13 13291 1 0 1 
-5.62545 22.9618 0.311522 0 0 0 0.142544 13 13292 1 0 1 
-11.2619 3.83624 0.326281 0 0 0 0.139631 13 13293 1 0 1 
-10.4515 18.1118 0.327134 0 0 0 0.139256 13 13294 1 0 1 
-11.7079 -7.91906 0.327483 0 0 0 0.138584 13 13295 1 0 1 
-21.3168 -23.4984 0.330218 0 0 0 0.13929 13 13296 1 0 1 
25.5103 17.0232 0.344657 0 0 0 0.134619 13 13297 1 0 1 
-4.22527 6.12895 0.402276 0 0 0 0.127908 13 13298 1 0 1 
-1.83236 9.9402 0.295741 0 0 0 0.146146 13 13299 1 0 1 
15.5734 -40.7884 0.301302 0 0 0 0.143452 13 13300 1 0 1 
-6.85646 3.25195 0.327452 0 0 0 0.138202 13 13301 1 0 1 
14.1587 1.58597 0.307933 0 0 0 0.142591 13 13302 1 0 1 
-1.0876 12.5606 0.284229 0 0 0 0.148398 13 13303 1 0 1 
8.17453 20.5634 0.327048 0 0 0 0.13838 13 13304 1 0 1 
-1.18489 -13.4493 0.31981 0 0 0 0.141404 13 13305 1 0 1 
-25.1304 0.304826 0.319148 0 0 0 0.139956 13 13306 1 0 1 
-14.217 -0.429583 0.300278 0 0 0 0.144419 13 13307 1 0 1 
1.70531 -30.9724 0.363906 0 0 0 0.132684 13 13308 1 0 1 
-5.74004 -18.4342 0.278615 0 0 0 0.138744 13 13309 1 0 1 
-6.08902 10.6391 0.305411 0 0 0 0.143983 13 13310 1 0 1 
-18.1041 -31.3323 0.341144 0 0 0 0.138022 13 13311 1 0 1 
26.2779 -1.89756 0.325106 0 0 0 0.137497 13 13312 1 0 1 
25.39 -6.99304 0.263817 0 0 0 0.154297 13 13313 1 0 1 
-7.70361 10.2205 0.264039 0 0 0 0.133353 13 13314 1 0 1 
-13.5947 17.7301 0.338011 0 0 0 0.137548 13 13315 1 0 1 
-24.1226 19.8019 0.34577 0 0 0 0.136356 13 13316 1 0 1 
-14.0743 18.8311 0.33797 0 0 0 0.135731 13 13317 1 0 1 
-39.2593 18.8037 0.309915 0 0 0 0.142755 13 13318 1 0 1 
21.4198 15.3939 0.28798 0 0 0 0.147296 13 13319 1 0 1 
14.5507 1.30711 0.294926 0 0 0 0.14481 13 13320 1 0 1 
7.02794 -9.03298 0.335727 0 0 0 0.137766 13 13321 1 0 1 
-10.4115 -7.73501 0.299722 0 0 0 0.143785 13 13322 1 0 1 
23.7992 10.5983 0.348539 0 0 0 0.135074 13 13323 1 0 1 
-4.87862 -4.63052 0.333392 0 0 0 0.137557 13 13324 1 0 1 
0.327684 -2.7057 0.307533 0 0 0 0.14216 13 13325 1 0 1 
10.092 -7.20358 0.31162 0 0 0 0.141597 13 13326 1 0 1 
-7.98965 32.1806 0.28065 0 0 0 0.148385 13 13327 1 0 1 
3.29519 -17.4054 0.367531 0 0 0 0.13159 13 13328 1 0 1 
-6.40532 -12.9948 0.334451 0 0 0 0.139959 13 13329 1 0 1 
2.66727 -1.54319 0.31262 0 0 0 0.142231 13 13330 1 0 1 
-2.84287 -24.6256 0.367048 0 0 0 0.130014 13 13331 1 0 1 
14.9013 -10.8606 0.317575 0 0 0 0.141983 13 13332 1 0 1 
9.22855 20.9467 0.335554 0 0 0 0.137078 13 13333 1 0 1 
-4.08171 5.40528 0.311014 0 0 0 0.141278 13 13334 1 0 1 
-5.818 -7.48136 0.339388 0 0 0 0.13668 13 13335 1 0 1 
-3.26897 -30.9073 0.317135 0 0 0 0.138587 13 13336 1 0 1 
-9.68214 11.9839 0.344009 0 0 0 0.132681 13 13337 1 0 1 
-7.45023 -13.5101 0.304537 0 0 0 0.143645 13 13338 1 0 1 
1.67274 -19.4211 0.336543 0 0 0 0.138072 13 13339 1 0 1 
-4.62002 13.2738 0.282856 0 0 0 0.147766 13 13340 1 0 1 
5.93948 17.0106 0.341102 0 0 0 0.137219 13 13341 1 0 1 
9.60761 33.3924 0.28285 0 0 0 0.148208 13 13342 1 0 1 
10.3257 1.97593 0.308351 0 0 0 0.142133 13 13343 1 0 1 
-16.9466 5.81175 0.279167 0 0 0 0.149475 13 13344 1 0 1 
5.79944 17.3429 0.312648 0 0 0 0.140873 13 13345 1 0 1 
-6.07877 -10.8276 0.368136 0 0 0 0.131337 13 13346 1 0 1 
6.17338 0.74265 0.315431 0 0 0 0.13937 13 13347 1 0 1 
-9.46098 -9.00871 0.348241 0 0 0 0.134941 13 13348 1 0 1 
-15.6806 -17.4213 0.338676 0 0 0 0.136023 13 13349 1 0 1 
27.9114 -2.51534 0.339452 0 0 0 0.138342 13 13350 1 0 1 
-0.275248 -2.12113 0.334042 0 0 0 0.137582 13 13351 1 0 1 
-22.1077 5.83068 0.324804 0 0 0 0.1393 13 13352 1 0 1 
-21.321 17.2838 0.33368 0 0 0 0.136286 13 13353 1 0 1 
-1.21208 2.73489 0.377397 0 0 0 0.131445 13 13354 1 0 1 
1.45694 -0.068608 0.313568 0 0 0 0.140533 13 13355 1 0 1 
-21.2674 -11.1871 0.342375 0 0 0 0.133666 13 13356 1 0 1 
-11.774 -13.432 0.288503 0 0 0 0.146341 13 13357 1 0 1 
10.7076 2.42587 0.364105 0 0 0 0.13354 13 13358 1 0 1 
13.3294 19.8549 0.294916 0 0 0 0.142154 13 13359 1 0 1 
1.40356 3.56359 0.361599 0 0 0 0.131646 13 13360 1 0 1 
3.66193 16.3331 0.378749 0 0 0 0.132651 13 13361 1 0 1 
-4.52163 8.81098 0.312874 0 0 0 0.140987 13 13362 1 0 1 
8.40498 -12.979 0.270966 0 0 0 0.150866 13 13363 1 0 1 
-29.7169 6.55337 0.324318 0 0 0 0.140658 13 13364 1 0 1 
-15.2912 0.624326 0.344004 0 0 0 0.135935 13 13365 1 0 1 
9.34089 -19.7117 0.309986 0 0 0 0.143131 13 13366 1 0 1 
-18.0312 12.9573 0.328988 0 0 0 0.138608 13 13367 1 0 1 
11.3485 20.4987 0.361473 0 0 0 0.133081 13 13368 1 0 1 
6.5388 18.8524 0.340461 0 0 0 0.136959 13 13369 1 0 1 
-7.90746 12.4997 0.333621 0 0 0 0.136221 13 13370 1 0 1 
-9.01395 1.75308 0.31062 0 0 0 0.142454 13 13371 1 0 1 
-6.5566 -4.64866 0.319452 0 0 0 0.143009 13 13372 1 0 1 
-4.04786 -15.6209 0.330733 0 0 0 0.138622 13 13373 1 0 1 
-25.4773 -3.52032 0.349246 0 0 0 0.135088 13 13374 1 0 1 
39.8929 -9.47661 0.36151 0 0 0 0.13458 13 13375 1 0 1 
-3.2505 -12.5591 0.327118 0 0 0 0.137863 13 13376 1 0 1 
-30.3024 -21.3032 0.330364 0 0 0 0.138803 13 13377 1 0 1 
-2.29687 2.53442 0.318893 0 0 0 0.14179 13 13378 1 0 1 
2.79695 6.09392 0.343404 0 0 0 0.137182 13 13379 1 0 1 
-6.81918 8.77132 0.30819 0 0 0 0.142612 13 13380 1 0 1 
-16.4693 1.965 0.280346 0 0 0 0.148745 13 13381 1 0 1 
15.5454 18.4132 0.350235 0 0 0 0.135176 13 13382 1 0 1 
2.38076 23.7428 0.34794 0 0 0 0.136149 13 13383 1 0 1 
-1.93572 4.46991 0.341093 0 0 0 0.13705 13 13384 1 0 1 
-0.63855 3.84379 0.320262 0 0 0 0.136915 13 13385 1 0 1 
-29.0032 42.9574 0.355118 0 0 0 0.133334 13 13386 1 0 1 
-4.58027 -10.5842 0.282051 0 0 0 0.148528 13 13387 1 0 1 
15.9367 -6.04986 0.291694 0 0 0 0.145081 13 13388 1 0 1 
-0.0750859 26.8067 0.292724 0 0 0 0.145881 13 13389 1 0 1 
0.131886 16.8557 0.320367 0 0 0 0.140581 13 13390 1 0 1 
16.538 5.15083 0.344461 0 0 0 0.136723 13 13391 1 0 1 
0.0778221 -8.83143 0.324421 0 0 0 0.139913 13 13392 1 0 1 
8.13009 22.5367 0.347885 0 0 0 0.135157 13 13393 1 0 1 
-18.46 -2.28388 0.306555 0 0 0 0.136196 13 13394 1 0 1 
-8.09583 11.9965 0.334286 0 0 0 0.13728 13 13395 1 0 1 
-13.3074 13.7486 0.333835 0 0 0 0.136485 13 13396 1 0 1 
-26.9436 -12.317 0.331939 0 0 0 0.139465 13 13397 1 0 1 
32.9787 2.91438 0.311334 0 0 0 0.143078 13 13398 1 0 1 
-1.82587 3.5328 0.301433 0 0 0 0.143574 13 13399 1 0 1 
-11.7481 -12.6211 0.355246 0 0 0 0.131916 13 13400 1 0 1 
15.4172 21.5403 0.344782 0 0 0 0.135097 13 13401 1 0 1 
12.3811 -15.8629 0.295302 0 0 0 0.145317 13 13402 1 0 1 
-16.4362 -11.0586 0.32512 0 0 0 0.138886 13 13403 1 0 1 
0.700743 -7.71196 0.298981 0 0 0 0.141642 13 13404 1 0 1 
-14.6217 -15.3633 0.354037 0 0 0 0.134604 13 13405 1 0 1 
-4.31615 -6.82482 0.357999 0 0 0 0.132846 13 13406 1 0 1 
-4.84713 9.20533 0.300015 0 0 0 0.14516 13 13407 1 0 1 
2.41761 7.51877 0.312874 0 0 0 0.142988 13 13408 1 0 1 
-22.1679 -7.60913 0.305171 0 0 0 0.143624 13 13409 1 0 1 
-24.6945 -0.212242 0.31998 0 0 0 0.140875 13 13410 1 0 1 
-12.9038 6.56581 0.336575 0 0 0 0.137779 13 13411 1 0 1 
40.9349 15.2255 0.310671 0 0 0 0.141385 13 13412 1 0 1 
9.18266 -27.2279 0.311277 0 0 0 0.141666 13 13413 1 0 1 
-3.50041 -10.6405 0.314554 0 0 0 0.141877 13 13414 1 0 1 
9.97262 -13.9024 0.275854 0 0 0 0.149965 13 13415 1 0 1 
-3.16943 24.0582 0.350212 0 0 0 0.134148 13 13416 1 0 1 
-9.98822 -3.82028 0.307837 0 0 0 0.142349 13 13417 1 0 1 
-6.09277 -6.60279 0.308256 0 0 0 0.143802 13 13418 1 0 1 
-17.4651 5.07921 0.44988 0 0 0 0.123676 13 13419 1 0 1 
-11.8918 -0.437553 0.396975 0 0 0 0.128855 13 13420 1 0 1 
-12.7699 -29.4428 0.326563 0 0 0 0.139065 13 13421 1 0 1 
6.27017 -20.2218 0.313515 0 0 0 0.141442 13 13422 1 0 1 
3.54682 -6.5907 0.309618 0 0 0 0.143055 13 13423 1 0 1 
44.5857 -7.87488 0.304184 0 0 0 0.143858 13 13424 1 0 1 
3.40925 6.4147 0.319589 0 0 0 0.140793 13 13425 1 0 1 
7.40883 -17.1252 0.312585 0 0 0 0.14172 13 13426 1 0 1 
-14.0129 0.630212 0.322363 0 0 0 0.141028 13 13427 1 0 1 
-18.3531 -10.0145 0.298757 0 0 0 0.142729 13 13428 1 0 1 
10.2188 -5.00403 0.330158 0 0 0 0.141128 13 13429 1 0 1 
-9.76963 10.8609 0.325868 0 0 0 0.137551 13 13430 1 0 1 
-17.177 18.1551 0.31026 0 0 0 0.143071 13 13431 1 0 1 
-14.6586 -8.69016 0.331866 0 0 0 0.138976 13 13432 1 0 1 
-3.44489 -20.6939 0.305529 0 0 0 0.144648 13 13433 1 0 1 
13.9139 -9.14131 0.32526 0 0 0 0.140047 13 13434 1 0 1 
-2.52703 23.2192 0.334324 0 0 0 0.138153 13 13435 1 0 1 
-10.5996 -8.58108 0.377371 0 0 0 0.131442 13 13436 1 0 1 
-2.80916 3.84399 0.340238 0 0 0 0.137414 13 13437 1 0 1 
-9.61212 16.5721 0.317021 0 0 0 0.140723 13 13438 1 0 1 
34.9374 -9.31288 0.346225 0 0 0 0.135657 13 13439 1 0 1 
-10.0793 -8.87087 0.297274 0 0 0 0.143944 13 13440 1 0 1 
23.4949 -5.49166 0.349339 0 0 0 0.135668 13 13441 1 0 1 
-14.3209 18.1222 0.323923 0 0 0 0.138975 13 13442 1 0 1 
-15.804 8.66331 0.288185 0 0 0 0.148241 13 13443 1 0 1 
-10.3624 -22.3805 0.3706 0 0 0 0.131072 13 13444 1 0 1 
-9.20016 3.47211 0.350939 0 0 0 0.134385 13 13445 1 0 1 
-20.2747 0.335656 0.283454 0 0 0 0.146644 13 13446 1 0 1 
-24.9759 -5.23071 0.320832 0 0 0 0.139864 13 13447 1 0 1 
28.0456 -29.8203 0.364785 0 0 0 0.131902 13 13448 1 0 1 
-7.00774 13.947 0.261582 0 0 0 0.153043 13 13449 1 0 1 
6.69874 28.1491 0.312432 0 0 0 0.141395 13 13450 1 0 1 
-27.8979 3.17669 0.312062 0 0 0 0.14299 13 13451 1 0 1 
-4.05307 -14.0139 0.30788 0 0 0 0.143081 13 13452 1 0 1 
-13.7687 7.06439 0.374743 0 0 0 0.13067 13 13453 1 0 1 
-23.851 9.80563 0.355296 0 0 0 0.133501 13 13454 1 0 1 
11.9591 15.248 0.312139 0 0 0 0.14271 13 13455 1 0 1 
13.8944 -7.04967 0.333084 0 0 0 0.138422 13 13456 1 0 1 
2.15793 -8.83831 0.302084 0 0 0 0.142055 13 13457 1 0 1 
-7.71155 3.16279 0.323618 0 0 0 0.140673 13 13458 1 0 1 
-7.56073 -7.14609 0.374859 0 0 0 0.12992 13 13459 1 0 1 
8.05235 1.66784 0.341242 0 0 0 0.135709 13 13460 1 0 1 
-0.969658 10.9325 0.300275 0 0 0 0.145703 13 13461 1 0 1 
7.11693 20.8868 0.335178 0 0 0 0.138519 13 13462 1 0 1 
-12.8447 -16.0132 0.322854 0 0 0 0.138575 13 13463 1 0 1 
12.7831 1.72707 0.347061 0 0 0 0.134706 13 13464 1 0 1 
1.50336 15.1232 0.325818 0 0 0 0.139292 13 13465 1 0 1 
2.7931 -26.4191 0.257362 0 0 0 0.155511 13 13466 1 0 1 
8.71733 1.31891 0.31465 0 0 0 0.143366 13 13467 1 0 1 
-10.6652 23.4025 0.322623 0 0 0 0.139327 13 13468 1 0 1 
3.63689 15.6663 0.342114 0 0 0 0.13509 13 13469 1 0 1 
19.4776 17.2502 0.360049 0 0 0 0.13484 13 13470 1 0 1 
13.1328 -15.1403 0.327802 0 0 0 0.138382 13 13471 1 0 1 
-7.31597 -3.04141 0.318919 0 0 0 0.140348 13 13472 1 0 1 
12.0193 9.73031 0.290361 0 0 0 0.146332 13 13473 1 0 1 
-10.7146 -8.08649 0.32037 0 0 0 0.140843 13 13474 1 0 1 
13.7058 -28.6368 0.324441 0 0 0 0.139726 13 13475 1 0 1 
-3.73031 -14.4265 0.350536 0 0 0 0.135666 13 13476 1 0 1 
14.2419 -35.9658 0.289778 0 0 0 0.146295 13 13477 1 0 1 
-0.769707 -7.15575 0.304924 0 0 0 0.142216 13 13478 1 0 1 
-14.6015 14.2216 0.324843 0 0 0 0.138598 13 13479 1 0 1 
7.64795 -9.73712 0.354387 0 0 0 0.132747 13 13480 1 0 1 
6.33437 17.6626 0.304272 0 0 0 0.144927 13 13481 1 0 1 
-7.11919 10.3277 0.356063 0 0 0 0.134654 13 13482 1 0 1 
4.76085 -8.07342 0.321816 0 0 0 0.140412 13 13483 1 0 1 
-13.666 -1.98539 0.327007 0 0 0 0.138976 13 13484 1 0 1 
30.4192 0.593007 0.305329 0 0 0 0.144349 13 13485 1 0 1 
-10.9432 -16.3712 0.304945 0 0 0 0.143334 13 13486 1 0 1 
-12.6475 19.2931 0.337408 0 0 0 0.13812 13 13487 1 0 1 
-25.9876 34.8425 0.315081 0 0 0 0.140738 13 13488 1 0 1 
21.5681 -18.0435 0.331928 0 0 0 0.138579 13 13489 1 0 1 
-10.3659 8.81467 0.311706 0 0 0 0.140628 13 13490 1 0 1 
-3.82136 22.8652 0.303935 0 0 0 0.143591 13 13491 1 0 1 
-43.3955 -20.0021 0.327254 0 0 0 0.137631 13 13492 1 0 1 
-1.40619 -13.7844 0.30098 0 0 0 0.143935 13 13493 1 0 1 
8.28351 -14.8662 0.326705 0 0 0 0.138269 13 13494 1 0 1 
-29.8452 6.00343 0.272803 0 0 0 0.146467 13 13495 1 0 1 
2.64607 3.29576 0.302883 0 0 0 0.144272 13 13496 1 0 1 
1.94583 -7.09585 0.329055 0 0 0 0.139038 13 13497 1 0 1 
16.917 5.2817 0.326343 0 0 0 0.140519 13 13498 1 0 1 
-2.3539 18.7426 0.27161 0 0 0 0.15142 13 13499 1 0 1 
21.3529 7.99452 0.328533 0 0 0 0.140815 13 13500 1 0 1 
-11.4935 -12.8422 0.334207 0 0 0 0.138036 13 13501 1 0 1 
-11.7562 -0.648511 0.334126 0 0 0 0.139084 13 13502 1 0 1 
-5.83254 -3.69052 0.284206 0 0 0 0.149023 13 13503 1 0 1 
-5.13143 -13.5859 0.335776 0 0 0 0.136658 13 13504 1 0 1 
14.2081 -13.7546 0.327566 0 0 0 0.139127 13 13505 1 0 1 
0.565595 -0.241985 0.341639 0 0 0 0.136073 13 13506 1 0 1 
6.24615 -13.1743 0.289299 0 0 0 0.145681 13 13507 1 0 1 
14.8237 10.0323 0.322224 0 0 0 0.139244 13 13508 1 0 1 
10.3279 -2.22508 0.2989 0 0 0 0.144445 13 13509 1 0 1 
2.60911 20.2823 0.320651 0 0 0 0.140473 13 13510 1 0 1 
-31.3704 -3.05873 0.377931 0 0 0 0.130184 13 13511 1 0 1 
2.81891 1.73332 0.333187 0 0 0 0.134025 13 13512 1 0 1 
-8.93937 16.3212 0.274516 0 0 0 0.150783 13 13513 1 0 1 
1.77793 12.7179 0.336777 0 0 0 0.135948 13 13514 1 0 1 
17.4978 -17.1507 0.338756 0 0 0 0.138807 13 13515 1 0 1 
11.9252 -10.8186 0.280792 0 0 0 0.147743 13 13516 1 0 1 
-1.99591 13.2669 0.278153 0 0 0 0.148955 13 13517 1 0 1 
-13.5532 -4.4147 0.290192 0 0 0 0.146227 13 13518 1 0 1 
-1.82143 -10.243 0.319079 0 0 0 0.141902 13 13519 1 0 1 
13.7605 -17.9795 0.307034 0 0 0 0.142797 13 13520 1 0 1 
-19.0867 5.52957 0.294249 0 0 0 0.14597 13 13521 1 0 1 
7.00254 23.4954 0.293945 0 0 0 0.146698 13 13522 1 0 1 
-7.31814 -8.14586 0.324742 0 0 0 0.139996 13 13523 1 0 1 
0.084078 -17.0926 0.361687 0 0 0 0.133783 13 13524 1 0 1 
-20.6151 4.44171 0.346667 0 0 0 0.136037 13 13525 1 0 1 
-13.0579 -8.69819 0.294636 0 0 0 0.146471 13 13526 1 0 1 
28.3054 11.428 0.302114 0 0 0 0.143842 13 13527 1 0 1 
0.649175 -14.9119 0.324733 0 0 0 0.139595 13 13528 1 0 1 
-16.9175 22.13 0.334213 0 0 0 0.137701 13 13529 1 0 1 
13.7974 3.14589 0.340635 0 0 0 0.136217 13 13530 1 0 1 
-7.04458 -9.6971 0.272332 0 0 0 0.15125 13 13531 1 0 1 
3.8393 11.5387 0.381426 0 0 0 0.128136 13 13532 1 0 1 
-6.32361 28.5995 0.316873 0 0 0 0.143121 13 13533 1 0 1 
-10.915 -7.77864 0.32522 0 0 0 0.138448 13 13534 1 0 1 
17.3713 6.45045 0.353274 0 0 0 0.136315 13 13535 1 0 1 
6.63379 7.21579 0.374452 0 0 0 0.131237 13 13536 1 0 1 
4.6061 20.1479 0.28972 0 0 0 0.145322 13 13537 1 0 1 
0.0225593 0.437277 0.332406 0 0 0 0.137612 13 13538 1 0 1 
-4.06641 -13.3131 0.337158 0 0 0 0.136963 13 13539 1 0 1 
0.100913 11.816 0.347967 0 0 0 0.135009 13 13540 1 0 1 
7.07154 24.1757 0.316062 0 0 0 0.139461 13 13541 1 0 1 
-9.89572 12.5143 0.280303 0 0 0 0.149404 13 13542 1 0 1 
21.7984 2.10218 0.327977 0 0 0 0.1389 13 13543 1 0 1 
-4.11668 20.7162 0.327967 0 0 0 0.13947 13 13544 1 0 1 
-32.0177 -4.84713 0.340788 0 0 0 0.137896 13 13545 1 0 1 
14.8204 -3.61686 0.302511 0 0 0 0.143692 13 13546 1 0 1 
6.8217 -18.336 0.330999 0 0 0 0.13958 13 13547 1 0 1 
1.76065 10.5759 0.33879 0 0 0 0.135703 13 13548 1 0 1 
15.8698 -23.9952 0.285697 0 0 0 0.14601 13 13549 1 0 1 
20.0801 -32.0943 0.326865 0 0 0 0.138977 13 13550 1 0 1 
2.92295 -1.52402 0.30493 0 0 0 0.143551 13 13551 1 0 1 
-26.8743 11.2263 0.38174 0 0 0 0.130545 13 13552 1 0 1 
10.7553 2.17141 0.30385 0 0 0 0.145092 13 13553 1 0 1 
-8.7559 -26.0909 0.330143 0 0 0 0.140597 13 13554 1 0 1 
-23.9127 4.44707 0.36149 0 0 0 0.132792 13 13555 1 0 1 
-9.11644 -4.75233 0.360187 0 0 0 0.133084 13 13556 1 0 1 
-2.16352 -9.47153 0.303164 0 0 0 0.144329 13 13557 1 0 1 
17.7201 6.41771 0.319498 0 0 0 0.140418 13 13558 1 0 1 
-5.6271 -3.41311 0.344552 0 0 0 0.137185 13 13559 1 0 1 
11.0448 6.4984 0.345829 0 0 0 0.13417 13 13560 1 0 1 
0.36688 16.4115 0.33153 0 0 0 0.13798 13 13561 1 0 1 
18.0199 -14.9813 0.353135 0 0 0 0.136492 13 13562 1 0 1 
-24.9741 -7.08868 0.30246 0 0 0 0.142949 13 13563 1 0 1 
11.9208 -9.66835 0.312303 0 0 0 0.14295 13 13564 1 0 1 
-11.9654 13.7194 0.270978 0 0 0 0.150266 13 13565 1 0 1 
4.59507 -6.69643 0.323214 0 0 0 0.139791 13 13566 1 0 1 
-37.0142 -3.47338 0.271876 0 0 0 0.150773 13 13567 1 0 1 
-3.47361 -16.5942 0.311993 0 0 0 0.14304 13 13568 1 0 1 
5.5977 -13.8544 0.314082 0 0 0 0.141075 13 13569 1 0 1 
-18.2413 -2.76007 0.307544 0 0 0 0.14498 13 13570 1 0 1 
-0.813645 9.09291 0.359894 0 0 0 0.132528 13 13571 1 0 1 
23.6251 -8.68338 0.307713 0 0 0 0.142811 13 13572 1 0 1 
-0.87381 14.0342 0.342633 0 0 0 0.134355 13 13573 1 0 1 
-20.0362 -1.66279 0.292083 0 0 0 0.145349 13 13574 1 0 1 
7.94602 7.79317 0.294756 0 0 0 0.147032 13 13575 1 0 1 
-0.527954 -2.5515 0.346811 0 0 0 0.135218 13 13576 1 0 1 
-10.4588 14.9112 0.323141 0 0 0 0.140794 13 13577 1 0 1 
-12.8835 28.3552 0.370464 0 0 0 0.13057 13 13578 1 0 1 
-8.33782 -10.7473 0.340218 0 0 0 0.134719 13 13579 1 0 1 
16.3149 -17.0766 0.346171 0 0 0 0.134947 13 13580 1 0 1 
-9.59352 18.5258 0.301689 0 0 0 0.143221 13 13581 1 0 1 
-2.94987 36.8367 0.328229 0 0 0 0.13668 13 13582 1 0 1 
-8.11015 2.98224 0.345661 0 0 0 0.135924 13 13583 1 0 1 
-1.44083 0.183483 0.327805 0 0 0 0.138804 13 13584 1 0 1 
1.959 4.58761 0.314018 0 0 0 0.142511 13 13585 1 0 1 
6.47333 1.05422 0.302678 0 0 0 0.142704 13 13586 1 0 1 
-11.2425 -16.2854 0.311544 0 0 0 0.141387 13 13587 1 0 1 
28.5257 9.12236 0.324264 0 0 0 0.138277 13 13588 1 0 1 
-20.0128 18.2709 0.335407 0 0 0 0.138781 13 13589 1 0 1 
7.5815 9.07825 0.309725 0 0 0 0.142852 13 13590 1 0 1 
-2.5534 -10.562 0.282831 0 0 0 0.146997 13 13591 1 0 1 
-9.02279 16.8638 0.321559 0 0 0 0.141298 13 13592 1 0 1 
15.9898 5.34793 0.309823 0 0 0 0.14194 13 13593 1 0 1 
-9.3037 -9.64034 0.332766 0 0 0 0.13806 13 13594 1 0 1 
3.44075 -9.18383 0.332924 0 0 0 0.135588 13 13595 1 0 1 
-20.0335 6.33806 0.268672 0 0 0 0.153382 13 13596 1 0 1 
-27.723 -3.73794 0.317169 0 0 0 0.143007 13 13597 1 0 1 
8.11455 9.4713 0.332382 0 0 0 0.13837 13 13598 1 0 1 
6.87756 -27.2898 0.299602 0 0 0 0.144165 13 13599 1 0 1 
25.3085 36.7125 0.323907 0 0 0 0.139255 13 13600 1 0 1 
-31.1139 2.84529 0.328702 0 0 0 0.139084 13 13601 1 0 1 
7.8078 5.46355 0.378261 0 0 0 0.130168 13 13602 1 0 1 
12.135 4.42505 0.379046 0 0 0 0.130491 13 13603 1 0 1 
7.97391 -5.23258 0.349971 0 0 0 0.135857 13 13604 1 0 1 
-31.6119 -12.6563 0.326088 0 0 0 0.140353 13 13605 1 0 1 
0.972377 -12.5718 0.31673 0 0 0 0.141564 13 13606 1 0 1 
-3.16336 3.74593 0.286485 0 0 0 0.147842 13 13607 1 0 1 
-20.5646 17.9834 0.294663 0 0 0 0.147102 13 13608 1 0 1 
1.07277 -1.84173 0.296286 0 0 0 0.145308 13 13609 1 0 1 
-9.10295 0.542272 0.352231 0 0 0 0.133535 13 13610 1 0 1 
6.82551 -1.29229 0.335155 0 0 0 0.137554 13 13611 1 0 1 
-10.4414 -20.8484 0.332584 0 0 0 0.138681 13 13612 1 0 1 
5.19185 5.43299 0.303664 0 0 0 0.145107 13 13613 1 0 1 
0.868423 -6.90438 0.316667 0 0 0 0.13988 13 13614 1 0 1 
-0.682192 -9.83101 0.303222 0 0 0 0.144535 13 13615 1 0 1 
6.00796 20.343 0.343901 0 0 0 0.134465 13 13616 1 0 1 
42.1029 7.86088 0.34362 0 0 0 0.137216 13 13617 1 0 1 
28.3365 2.34193 0.33318 0 0 0 0.138546 13 13618 1 0 1 
6.13506 -15.1621 0.29524 0 0 0 0.147031 13 13619 1 0 1 
33.0056 27.3275 0.316916 0 0 0 0.141301 13 13620 1 0 1 
2.28529 -17.9375 0.330052 0 0 0 0.140262 13 13621 1 0 1 
-16.0805 -2.3918 0.305552 0 0 0 0.142545 13 13622 1 0 1 
11.5721 -4.89808 0.343643 0 0 0 0.134333 13 13623 1 0 1 
5.61165 29.9646 0.353866 0 0 0 0.134949 13 13624 1 0 1 
28.4509 -23.3664 0.325556 0 0 0 0.136694 13 13625 1 0 1 
-7.44124 -3.14287 0.314704 0 0 0 0.142473 13 13626 1 0 1 
-18.3774 -10.4947 0.308889 0 0 0 0.143212 13 13627 1 0 1 
-21.1079 -13.4705 0.362148 0 0 0 0.132887 13 13628 1 0 1 
14.9182 -7.04484 0.295257 0 0 0 0.144966 13 13629 1 0 1 
-6.45937 6.44666 0.331924 0 0 0 0.137438 13 13630 1 0 1 
31.9217 -6.31936 0.295635 0 0 0 0.146002 13 13631 1 0 1 
-34.5291 -18.0271 0.321717 0 0 0 0.139002 13 13632 1 0 1 
8.166 -11.531 0.387019 0 0 0 0.13132 13 13633 1 0 1 
-2.83899 8.51619 0.315581 0 0 0 0.140413 13 13634 1 0 1 
-6.65408 -2.59103 0.334748 0 0 0 0.137822 13 13635 1 0 1 
-21.1975 -33.4098 0.300663 0 0 0 0.14406 13 13636 1 0 1 
1.10456 13.3095 0.299013 0 0 0 0.143854 13 13637 1 0 1 
-14.5247 -4.91084 0.259613 0 0 0 0.154491 13 13638 1 0 1 
39.2208 10.631 0.324124 0 0 0 0.13951 13 13639 1 0 1 
6.27824 -1.17344 0.316043 0 0 0 0.139986 13 13640 1 0 1 
-16.1867 -4.01751 0.332961 0 0 0 0.139564 13 13641 1 0 1 
-13.3918 13.3496 0.344026 0 0 0 0.135556 13 13642 1 0 1 
21.2663 10.4441 0.302304 0 0 0 0.145587 13 13643 1 0 1 
2.37066 -15.7043 0.306143 0 0 0 0.142046 13 13644 1 0 1 
24.906 -8.07807 0.348883 0 0 0 0.135344 13 13645 1 0 1 
0.815513 -3.51645 0.301142 0 0 0 0.143226 13 13646 1 0 1 
8.88951 13.0881 0.369087 0 0 0 0.133633 13 13647 1 0 1 
-6.0784 0.264368 0.336513 0 0 0 0.131473 13 13648 1 0 1 
-11.966 -5.42183 0.367374 0 0 0 0.132298 13 13649 1 0 1 
10.2944 13.7077 0.352413 0 0 0 0.134936 13 13650 1 0 1 
16.3055 0.37287 0.314744 0 0 0 0.141794 13 13651 1 0 1 
-2.99627 18.0492 0.350829 0 0 0 0.134778 13 13652 1 0 1 
4.92411 -11.9425 0.296933 0 0 0 0.144808 13 13653 1 0 1 
-22.4082 1.27558 0.304727 0 0 0 0.144727 13 13654 1 0 1 
-10.3042 -11.5993 0.312671 0 0 0 0.140697 13 13655 1 0 1 
7.24849 -9.38876 0.313304 0 0 0 0.142011 13 13656 1 0 1 
15.0632 -3.72402 0.308225 0 0 0 0.143785 13 13657 1 0 1 
-24.9641 29.8226 0.353632 0 0 0 0.134487 13 13658 1 0 1 
7.7035 -25.2431 0.356786 0 0 0 0.134107 13 13659 1 0 1 
-19.0431 17.6992 0.349584 0 0 0 0.135477 13 13660 1 0 1 
-1.06239 29.2493 0.317785 0 0 0 0.141131 13 13661 1 0 1 
37.8656 1.40482 0.327744 0 0 0 0.139755 13 13662 1 0 1 
2.44867 -20.0248 0.308191 0 0 0 0.14353 13 13663 1 0 1 
-11.648 -2.26551 0.325349 0 0 0 0.138861 13 13664 1 0 1 
7.60345 1.46104 0.329213 0 0 0 0.137214 13 13665 1 0 1 
29.5828 3.45157 0.338462 0 0 0 0.136983 13 13666 1 0 1 
-12.8985 5.6069 0.348925 0 0 0 0.135174 13 13667 1 0 1 
13.4461 -21.6284 0.314031 0 0 0 0.139728 13 13668 1 0 1 
17.7493 41.9406 0.339047 0 0 0 0.135623 13 13669 1 0 1 
2.73266 -32.9695 0.315412 0 0 0 0.140144 13 13670 1 0 1 
-11.7258 15.4203 0.28668 0 0 0 0.147448 13 13671 1 0 1 
-18.8573 -8.0863 0.295795 0 0 0 0.145574 13 13672 1 0 1 
7.03899 21.7247 0.341413 0 0 0 0.136577 13 13673 1 0 1 
19.6665 5.10169 0.275911 0 0 0 0.148763 13 13674 1 0 1 
6.3636 -9.2411 0.301279 0 0 0 0.144826 13 13675 1 0 1 
-6.11133 -9.08563 0.327279 0 0 0 0.138075 13 13676 1 0 1 
38.1785 17.1298 0.31126 0 0 0 0.139929 13 13677 1 0 1 
-36.1659 20.3301 0.327941 0 0 0 0.138321 13 13678 1 0 1 
3.19589 -14.4603 0.364147 0 0 0 0.132009 13 13679 1 0 1 
11.3167 27.4926 0.353784 0 0 0 0.133099 13 13680 1 0 1 
-22.0392 2.72865 0.345865 0 0 0 0.136425 13 13681 1 0 1 
9.18017 -7.40546 0.354442 0 0 0 0.132738 13 13682 1 0 1 
-2.06738 13.3221 0.326463 0 0 0 0.13962 13 13683 1 0 1 
-14.6787 -10.1796 0.349406 0 0 0 0.135816 13 13684 1 0 1 
-9.97421 -31.195 0.306635 0 0 0 0.142531 13 13685 1 0 1 
-12.7652 26.0117 0.269054 0 0 0 0.152248 13 13686 1 0 1 
1.67181 19.6121 0.329277 0 0 0 0.138797 13 13687 1 0 1 
12.5404 26.1591 0.310005 0 0 0 0.142492 13 13688 1 0 1 
-5.38058 -22.342 0.334761 0 0 0 0.135872 13 13689 1 0 1 
-2.35161 -6.61058 0.321521 0 0 0 0.139913 13 13690 1 0 1 
-23.4679 -3.14561 0.358483 0 0 0 0.134478 13 13691 1 0 1 
2.43619 -16.9704 0.327896 0 0 0 0.138738 13 13692 1 0 1 
-4.13589 -14.3803 0.314769 0 0 0 0.138176 13 13693 1 0 1 
-0.966045 -7.96115 0.307784 0 0 0 0.143391 13 13694 1 0 1 
16.9213 -5.50879 0.308431 0 0 0 0.14252 13 13695 1 0 1 
-20.2655 -22.0531 0.326798 0 0 0 0.139484 13 13696 1 0 1 
4.61127 1.88367 0.344754 0 0 0 0.13283 13 13697 1 0 1 
15.8297 -8.83769 0.322448 0 0 0 0.138746 13 13698 1 0 1 
-8.16938 -20.5909 0.315165 0 0 0 0.140986 13 13699 1 0 1 
-11.5668 -33.3356 0.342747 0 0 0 0.136333 13 13700 1 0 1 
1.83236 6.29924 0.323683 0 0 0 0.138962 13 13701 1 0 1 
-20.7026 -11.8815 0.319488 0 0 0 0.140806 13 13702 1 0 1 
8.46675 8.92798 0.305379 0 0 0 0.14192 13 13703 1 0 1 
32.4926 4.27124 0.259476 0 0 0 0.151987 13 13704 1 0 1 
22.9619 -19.6974 0.353759 0 0 0 0.132722 13 13705 1 0 1 
10.2637 -4.65889 0.310449 0 0 0 0.142015 13 13706 1 0 1 
17.7672 0.293991 0.357221 0 0 0 0.13214 13 13707 1 0 1 
-12.196 -13.5429 0.394824 0 0 0 0.128875 13 13708 1 0 1 
-13.0046 28.5501 0.322903 0 0 0 0.138099 13 13709 1 0 1 
1.81684 10.9313 0.323922 0 0 0 0.139699 13 13710 1 0 1 
-25.4587 18.4939 0.284435 0 0 0 0.14845 13 13711 1 0 1 
-1.95925 -4.38974 0.339598 0 0 0 0.137377 13 13712 1 0 1 
5.48616 9.2111 0.317083 0 0 0 0.132313 13 13713 1 0 1 
5.81004 -7.31117 0.319261 0 0 0 0.140632 13 13714 1 0 1 
-9.5247 -10.0694 0.333916 0 0 0 0.137946 13 13715 1 0 1 
-0.599362 -25.0558 0.355457 0 0 0 0.13339 13 13716 1 0 1 
-32.7238 14.2774 0.341663 0 0 0 0.136214 13 13717 1 0 1 
16.1838 13.1401 0.301519 0 0 0 0.144646 13 13718 1 0 1 
-3.81574 -11.7943 0.324338 0 0 0 0.139357 13 13719 1 0 1 
-7.56064 21.9072 0.313018 0 0 0 0.14123 13 13720 1 0 1 
4.49658 -13.0711 0.27405 0 0 0 0.150139 13 13721 1 0 1 
2.08401 -15.6972 0.322522 0 0 0 0.138488 13 13722 1 0 1 
2.33819 -28.6416 0.279964 0 0 0 0.142967 13 13723 1 0 1 
7.64665 16.4371 0.338498 0 0 0 0.137627 13 13724 1 0 1 
-14.9735 8.47549 0.328693 0 0 0 0.138764 13 13725 1 0 1 
-3.62275 26.6949 0.324092 0 0 0 0.138307 13 13726 1 0 1 
19.5952 -28.4219 0.338737 0 0 0 0.136254 13 13727 1 0 1 
1.96575 5.52873 0.373562 0 0 0 0.132057 13 13728 1 0 1 
22.2397 20.6065 0.328223 0 0 0 0.137051 13 13729 1 0 1 
12.0467 5.22799 0.285849 0 0 0 0.146596 13 13730 1 0 1 
18.2856 -29.4275 0.298787 0 0 0 0.142907 13 13731 1 0 1 
-5.14731 -34.4387 0.344765 0 0 0 0.13563 13 13732 1 0 1 
2.4991 -3.41913 0.280256 0 0 0 0.141844 13 13733 1 0 1 
5.12838 -29.7386 0.347318 0 0 0 0.133999 13 13734 1 0 1 
0.15055 12.8549 0.319033 0 0 0 0.141809 13 13735 1 0 1 
11.5841 1.25185 0.35925 0 0 0 0.131068 13 13736 1 0 1 
-21.7167 -26.9065 0.304017 0 0 0 0.143433 13 13737 1 0 1 
18.6563 -7.41245 0.314479 0 0 0 0.142503 13 13738 1 0 1 
2.51726 -8.27579 0.373728 0 0 0 0.131516 13 13739 1 0 1 
-15.6038 -9.39388 0.331796 0 0 0 0.138433 13 13740 1 0 1 
31.553 11.3546 0.350538 0 0 0 0.135243 13 13741 1 0 1 
-4.25864 8.02296 0.36107 0 0 0 0.133873 13 13742 1 0 1 
-19.0708 -1.34034 0.358165 0 0 0 0.133255 13 13743 1 0 1 
11.1963 13.8136 0.305006 0 0 0 0.142899 13 13744 1 0 1 
13.1752 9.59573 0.308285 0 0 0 0.142295 13 13745 1 0 1 
20.2463 -10.1061 0.27438 0 0 0 0.150622 13 13746 1 0 1 
-0.875006 -0.417642 0.35192 0 0 0 0.133236 13 13747 1 0 1 
8.73657 -9.86462 0.29421 0 0 0 0.140057 13 13748 1 0 1 
16.3728 6.84627 0.343582 0 0 0 0.137048 13 13749 1 0 1 
-10.057 10.8672 0.325336 0 0 0 0.140985 13 13750 1 0 1 
-27.2519 4.49839 0.316072 0 0 0 0.141041 13 13751 1 0 1 
-47.9094 7.91915 0.338633 0 0 0 0.135298 13 13752 1 0 1 
2.443 -25.8553 0.297124 0 0 0 0.131365 13 13753 1 0 1 
-13.8916 -5.54341 0.313675 0 0 0 0.142115 13 13754 1 0 1 
-29.9954 -0.653475 0.302281 0 0 0 0.145246 13 13755 1 0 1 
-0.62599 -18.9706 0.314075 0 0 0 0.142441 13 13756 1 0 1 
-4.59796 -14.3264 0.29743 0 0 0 0.145548 13 13757 1 0 1 
-7.98769 12.3465 0.355037 0 0 0 0.13501 13 13758 1 0 1 
4.93114 39.8079 0.336912 0 0 0 0.138352 13 13759 1 0 1 
-5.97464 -7.23962 0.30252 0 0 0 0.143363 13 13760 1 0 1 
16.1848 -21.1948 0.319516 0 0 0 0.139042 13 13761 1 0 1 
-24.1344 10.7888 0.292317 0 0 0 0.146524 13 13762 1 0 1 
6.29281 8.06919 0.38544 0 0 0 0.129124 13 13763 1 0 1 
19.0018 9.88865 0.354618 0 0 0 0.134546 13 13764 1 0 1 
16.5714 -16.5367 0.300796 0 0 0 0.143871 13 13765 1 0 1 
-4.83651 12.1852 0.283376 0 0 0 0.147873 13 13766 1 0 1 
16.7195 17.6951 0.314075 0 0 0 0.141293 13 13767 1 0 1 
18.9021 6.71628 0.369847 0 0 0 0.132245 13 13768 1 0 1 
2.1785 -15.9993 0.299897 0 0 0 0.146342 13 13769 1 0 1 
2.90468 -6.46665 0.346879 0 0 0 0.136191 13 13770 1 0 1 
9.025 -23.1318 0.371658 0 0 0 0.132726 13 13771 1 0 1 
27.3302 3.09861 0.316369 0 0 0 0.141791 13 13772 1 0 1 
-7.72518 13.933 0.296332 0 0 0 0.144924 13 13773 1 0 1 
7.97864 -7.20357 0.292515 0 0 0 0.144799 13 13774 1 0 1 
-46.3024 -42.2016 0.350495 0 0 0 0.135957 13 13775 1 0 1 
-1.39375 23.3459 0.282086 0 0 0 0.148269 13 13776 1 0 1 
-12.8632 14.8266 0.316197 0 0 0 0.141934 13 13777 1 0 1 
3.49241 -3.55047 0.33039 0 0 0 0.138022 13 13778 1 0 1 
13.9011 7.34272 0.362933 0 0 0 0.133521 13 13779 1 0 1 
-14.2707 -2.58088 0.333211 0 0 0 0.13872 13 13780 1 0 1 
-0.92578 -2.54899 0.308007 0 0 0 0.141276 13 13781 1 0 1 
5.81518 -15.2764 0.338842 0 0 0 0.136252 13 13782 1 0 1 
13.7774 -4.24099 0.300825 0 0 0 0.144413 13 13783 1 0 1 
14.6185 1.22968 0.355607 0 0 0 0.133818 13 13784 1 0 1 
8.56007 -2.38372 0.325384 0 0 0 0.140372 13 13785 1 0 1 
3.99672 24.3828 0.337381 0 0 0 0.135849 13 13786 1 0 1 
-7.61456 -22.0565 0.328336 0 0 0 0.139301 13 13787 1 0 1 
2.86311 -16.3458 0.343568 0 0 0 0.136387 13 13788 1 0 1 
-21.4451 -20.463 0.278158 0 0 0 0.149168 13 13789 1 0 1 
9.23024 20.495 0.335294 0 0 0 0.135849 13 13790 1 0 1 
12.6314 4.83759 0.31609 0 0 0 0.138986 13 13791 1 0 1 
-9.91813 -4.12798 0.311791 0 0 0 0.142329 13 13792 1 0 1 
5.19794 8.57799 0.304494 0 0 0 0.144627 13 13793 1 0 1 
11.1769 15.5749 0.331371 0 0 0 0.136962 13 13794 1 0 1 
13.137 5.02248 0.347909 0 0 0 0.134905 13 13795 1 0 1 
-2.83264 13.9505 0.36259 0 0 0 0.13248 13 13796 1 0 1 
3.88193 7.55392 0.39431 0 0 0 0.128876 13 13797 1 0 1 
13.8002 -1.07436 0.331179 0 0 0 0.138331 13 13798 1 0 1 
-8.52076 -3.1923 0.319224 0 0 0 0.140577 13 13799 1 0 1 
0.550319 -16.6274 0.342171 0 0 0 0.134032 13 13800 1 0 1 
-24.5816 1.63698 0.336722 0 0 0 0.13695 13 13801 1 0 1 
30.6003 9.2516 0.334243 0 0 0 0.137947 13 13802 1 0 1 
9.16274 2.2061 0.315007 0 0 0 0.141275 13 13803 1 0 1 
12.3595 32.7534 0.33116 0 0 0 0.136998 13 13804 1 0 1 
-25.4808 21.5827 0.34742 0 0 0 0.136199 13 13805 1 0 1 
2.17918 -19.3144 0.287554 0 0 0 0.147622 13 13806 1 0 1 
-1.0466 -8.61758 0.319678 0 0 0 0.140507 13 13807 1 0 1 
13.7797 13.8637 0.310159 0 0 0 0.142879 13 13808 1 0 1 
8.10779 -16.2148 0.332139 0 0 0 0.138871 13 13809 1 0 1 
-10.5088 8.95566 0.334367 0 0 0 0.139246 13 13810 1 0 1 
1.24875 -11.9651 0.317147 0 0 0 0.139772 13 13811 1 0 1 
9.38277 -5.81676 0.345084 0 0 0 0.136864 13 13812 1 0 1 
11.9303 23.8446 0.344214 0 0 0 0.135641 13 13813 1 0 1 
-14.1812 6.00423 0.340947 0 0 0 0.137208 13 13814 1 0 1 
-13.2028 -6.02965 0.369981 0 0 0 0.132607 13 13815 1 0 1 
3.49286 2.59841 0.35593 0 0 0 0.131839 13 13816 1 0 1 
-15.6842 -13.3869 0.368134 0 0 0 0.132091 13 13817 1 0 1 
-19.6752 9.29066 0.319423 0 0 0 0.140986 13 13818 1 0 1 
-16.6792 3.57151 0.330573 0 0 0 0.137392 13 13819 1 0 1 
-7.92922 -19.1481 0.298702 0 0 0 0.14411 13 13820 1 0 1 
11.2155 -1.38658 0.323972 0 0 0 0.140073 13 13821 1 0 1 
8.51163 -22.4803 0.31088 0 0 0 0.142036 13 13822 1 0 1 
3.51059 -6.54896 0.343212 0 0 0 0.138744 13 13823 1 0 1 
22.1036 -28.6171 0.349262 0 0 0 0.134583 13 13824 1 0 1 
1.01702 -17.9498 0.327886 0 0 0 0.138056 13 13825 1 0 1 
5.48124 -4.62315 0.343704 0 0 0 0.136075 13 13826 1 0 1 
-14.551 8.51701 0.348567 0 0 0 0.134639 13 13827 1 0 1 
3.26255 29.8132 0.312683 0 0 0 0.142577 13 13828 1 0 1 
-9.51079 5.13632 0.351519 0 0 0 0.135299 13 13829 1 0 1 
2.18174 9.69695 0.321188 0 0 0 0.142141 13 13830 1 0 1 
25.1505 18.0107 0.333097 0 0 0 0.137947 13 13831 1 0 1 
1.17382 -31.3692 0.284143 0 0 0 0.148377 13 13832 1 0 1 
0.714645 -10.4263 0.357817 0 0 0 0.133538 13 13833 1 0 1 
14.1168 -7.92463 0.303617 0 0 0 0.143628 13 13834 1 0 1 
-9.97534 26.9735 0.298961 0 0 0 0.144965 13 13835 1 0 1 
-2.27926 -13.28 0.355675 0 0 0 0.131071 13 13836 1 0 1 
3.74641 -11.4328 0.339219 0 0 0 0.136269 13 13837 1 0 1 
1.59848 7.54656 0.350103 0 0 0 0.135433 13 13838 1 0 1 
-7.60834 -27.207 0.330963 0 0 0 0.137683 13 13839 1 0 1 
2.95914 0.804152 0.29009 0 0 0 0.146653 13 13840 1 0 1 
10.9269 -3.03102 0.318255 0 0 0 0.140119 13 13841 1 0 1 
-13.3129 3.2284 0.33537 0 0 0 0.135398 13 13842 1 0 1 
-1.54694 -26.9752 0.338392 0 0 0 0.136479 13 13843 1 0 1 
-3.36339 1.61726 0.322702 0 0 0 0.139754 13 13844 1 0 1 
5.36849 -9.33726 0.3371 0 0 0 0.136359 13 13845 1 0 1 
2.41465 12.5892 0.413305 0 0 0 0.126641 13 13846 1 0 1 
28.7146 -0.772427 0.315526 0 0 0 0.140405 13 13847 1 0 1 
-7.60982 9.86588 0.321266 0 0 0 0.140921 13 13848 1 0 1 
17.0731 11.7976 0.351149 0 0 0 0.134646 13 13849 1 0 1 
-33.5041 4.8655 0.29435 0 0 0 0.144917 13 13850 1 0 1 
-0.136681 -23.3177 0.290118 0 0 0 0.147745 13 13851 1 0 1 
-2.98961 11.365 0.324017 0 0 0 0.140786 13 13852 1 0 1 
-24.6611 9.81818 0.325113 0 0 0 0.139441 13 13853 1 0 1 
35.5928 -25.8797 0.333465 0 0 0 0.137197 13 13854 1 0 1 
-3.50399 -15.2959 0.306893 0 0 0 0.144359 13 13855 1 0 1 
11.8944 -12.158 0.332393 0 0 0 0.13566 13 13856 1 0 1 
6.95799 -6.03626 0.315697 0 0 0 0.14176 13 13857 1 0 1 
-9.07755 -12.0895 0.340864 0 0 0 0.13709 13 13858 1 0 1 
-20.6586 10.5099 0.288195 0 0 0 0.147871 13 13859 1 0 1 
-7.90328 18.4356 0.354061 0 0 0 0.131961 13 13860 1 0 1 
-9.02345 6.79643 0.344446 0 0 0 0.136578 13 13861 1 0 1 
16.5556 8.65504 0.347577 0 0 0 0.134662 13 13862 1 0 1 
-17.5137 -5.76062 0.33485 0 0 0 0.134726 13 13863 1 0 1 
9.31049 -9.92132 0.356984 0 0 0 0.13302 13 13864 1 0 1 
0.962475 4.43382 0.351231 0 0 0 0.134436 13 13865 1 0 1 
-13.2344 -20.4957 0.297642 0 0 0 0.144348 13 13866 1 0 1 
-4.16001 7.99991 0.313602 0 0 0 0.142655 13 13867 1 0 1 
1.65506 12.7853 0.320417 0 0 0 0.139932 13 13868 1 0 1 
-33.8862 10.8214 0.331521 0 0 0 0.138454 13 13869 1 0 1 
9.17722 7.20326 0.373389 0 0 0 0.131761 13 13870 1 0 1 
10.2913 -0.151442 0.262126 0 0 0 0.15409 13 13871 1 0 1 
4.25526 -6.32167 0.319304 0 0 0 0.140815 13 13872 1 0 1 
-2.49874 -6.67515 0.344424 0 0 0 0.136463 13 13873 1 0 1 
2.4309 -4.69362 0.311783 0 0 0 0.141447 13 13874 1 0 1 
12.1397 -3.45996 0.287703 0 0 0 0.147078 13 13875 1 0 1 
12.5515 -21.7862 0.310355 0 0 0 0.142639 13 13876 1 0 1 
10.7112 13.0859 0.358518 0 0 0 0.134124 13 13877 1 0 1 
-21.9175 -0.942458 0.31869 0 0 0 0.139111 13 13878 1 0 1 
1.7998 -10.2377 0.365257 0 0 0 0.131237 13 13879 1 0 1 
-4.30794 -6.98914 0.335083 0 0 0 0.137615 13 13880 1 0 1 
53.5175 9.37996 0.323597 0 0 0 0.139357 13 13881 1 0 1 
-3.59316 4.51531 0.359423 0 0 0 0.13293 13 13882 1 0 1 
-20.3847 9.12345 0.313922 0 0 0 0.141563 13 13883 1 0 1 
15.1875 5.71632 0.37074 0 0 0 0.131577 13 13884 1 0 1 
-9.36829 -0.394728 0.378419 0 0 0 0.131739 13 13885 1 0 1 
-24.0499 26.0438 0.351698 0 0 0 0.136406 13 13886 1 0 1 
6.34105 -8.54582 0.326984 0 0 0 0.136604 13 13887 1 0 1 
24.6667 3.42124 0.302551 0 0 0 0.145066 13 13888 1 0 1 
11.5913 0.323653 0.373489 0 0 0 0.131733 13 13889 1 0 1 
-11.7924 5.6852 0.310173 0 0 0 0.14389 13 13890 1 0 1 
-19.5584 -23.718 0.322386 0 0 0 0.138963 13 13891 1 0 1 
-36.4751 16.0961 0.352351 0 0 0 0.13315 13 13892 1 0 1 
-8.16376 1.63839 0.301747 0 0 0 0.145193 13 13893 1 0 1 
-9.44901 1.24702 0.329766 0 0 0 0.138509 13 13894 1 0 1 
-10.1128 -14.6908 0.312478 0 0 0 0.142861 13 13895 1 0 1 
-2.63095 -14.3569 0.343756 0 0 0 0.135053 13 13896 1 0 1 
1.41879 -8.98352 0.298381 0 0 0 0.14541 13 13897 1 0 1 
-12.0646 0.466933 0.335819 0 0 0 0.137055 13 13898 1 0 1 
5.17384 5.5507 0.308112 0 0 0 0.143556 13 13899 1 0 1 
14.823 0.313236 0.360864 0 0 0 0.132781 13 13900 1 0 1 
-16.7404 2.41949 0.312143 0 0 0 0.141808 13 13901 1 0 1 
-3.50169 15.8303 0.311518 0 0 0 0.143151 13 13902 1 0 1 
-1.57407 41.7032 0.331617 0 0 0 0.136863 13 13903 1 0 1 
-21.385 -0.676416 0.329196 0 0 0 0.139223 13 13904 1 0 1 
-17.9519 4.68153 0.337866 0 0 0 0.136515 13 13905 1 0 1 
-1.19801 3.7407 0.302758 0 0 0 0.141904 13 13906 1 0 1 
-2.99564 3.64907 0.318079 0 0 0 0.13999 13 13907 1 0 1 
7.11149 1.1099 0.328837 0 0 0 0.138887 13 13908 1 0 1 
-0.240495 18.2607 0.302193 0 0 0 0.145017 13 13909 1 0 1 
-8.86878 -3.20681 0.30967 0 0 0 0.142067 13 13910 1 0 1 
-1.89944 -9.68046 0.322245 0 0 0 0.140928 13 13911 1 0 1 
2.76729 -14.4623 0.335365 0 0 0 0.138354 13 13912 1 0 1 
1.80667 3.95895 0.291457 0 0 0 0.146138 13 13913 1 0 1 
-7.14672 -39.8944 0.312993 0 0 0 0.140976 13 13914 1 0 1 
13.4316 37.7488 0.292325 0 0 0 0.145969 13 13915 1 0 1 
-15.0441 -9.47958 0.301867 0 0 0 0.143169 13 13916 1 0 1 
-15.5196 -21.8797 0.305486 0 0 0 0.143653 13 13917 1 0 1 
14.5041 8.48227 0.339838 0 0 0 0.134579 13 13918 1 0 1 
-18.2651 30.006 0.311115 0 0 0 0.143141 13 13919 1 0 1 
9.53238 -10.6202 0.327983 0 0 0 0.139281 13 13920 1 0 1 
22.3041 6.51709 0.326275 0 0 0 0.140767 13 13921 1 0 1 
-3.38922 -5.55463 0.278464 0 0 0 0.147532 13 13922 1 0 1 
10.7041 0.353189 0.291212 0 0 0 0.145786 13 13923 1 0 1 
3.50222 -6.88196 0.35657 0 0 0 0.13305 13 13924 1 0 1 
13.2628 25.5318 0.324312 0 0 0 0.140387 13 13925 1 0 1 
-12.0355 5.66962 0.307455 0 0 0 0.141729 13 13926 1 0 1 
-0.515471 6.84917 0.278588 0 0 0 0.149528 13 13927 1 0 1 
-13.8278 19.2037 0.347998 0 0 0 0.133972 13 13928 1 0 1 
-16.3195 -16.6186 0.326909 0 0 0 0.138035 13 13929 1 0 1 
11.258 3.06657 0.354139 0 0 0 0.133776 13 13930 1 0 1 
14.653 -14.9174 0.327344 0 0 0 0.138433 13 13931 1 0 1 
-19.4155 -1.17273 0.336123 0 0 0 0.137018 13 13932 1 0 1 
20.1972 21.9465 0.329684 0 0 0 0.139227 13 13933 1 0 1 
11.3805 -24.4048 0.327925 0 0 0 0.140861 13 13934 1 0 1 
14.1756 -5.63473 0.300636 0 0 0 0.144974 13 13935 1 0 1 
-5.77276 -3.01664 0.401175 0 0 0 0.1289 13 13936 1 0 1 
-1.69248 -16.7879 0.308481 0 0 0 0.142755 13 13937 1 0 1 
-1.71338 -9.36277 0.30907 0 0 0 0.143902 13 13938 1 0 1 
-16.3786 12.9762 0.307412 0 0 0 0.140515 13 13939 1 0 1 
6.29588 17.9767 0.320282 0 0 0 0.138283 13 13940 1 0 1 
-6.09864 2.12365 0.320826 0 0 0 0.140809 13 13941 1 0 1 
6.95522 0.611765 0.289522 0 0 0 0.147078 13 13942 1 0 1 
22.6614 23.1736 0.319322 0 0 0 0.139856 13 13943 1 0 1 
-29.884 -6.11402 0.248527 0 0 0 0.144039 13 13944 1 0 1 
-11.1193 -15.1302 0.343873 0 0 0 0.136077 13 13945 1 0 1 
16.0667 -9.14485 0.330682 0 0 0 0.137945 13 13946 1 0 1 
-16.519 -1.67983 0.33654 0 0 0 0.13636 13 13947 1 0 1 
29.5998 -1.56445 0.327833 0 0 0 0.140486 13 13948 1 0 1 
17.833 -25.6692 0.297102 0 0 0 0.143987 13 13949 1 0 1 
3.62457 -11.5354 0.320688 0 0 0 0.140398 13 13950 1 0 1 
2.35157 10.3025 0.328792 0 0 0 0.137372 13 13951 1 0 1 
2.3918 -25.3712 0.35365 0 0 0 0.133466 13 13952 1 0 1 
11.0095 -4.91061 0.3485 0 0 0 0.135404 13 13953 1 0 1 
-22.5583 -9.91955 0.336201 0 0 0 0.137737 13 13954 1 0 1 
6.08224 -25.5886 0.258826 0 0 0 0.153947 13 13955 1 0 1 
-3.31939 22.8228 0.33967 0 0 0 0.13832 13 13956 1 0 1 
-7.10479 -13.7176 0.30765 0 0 0 0.143148 13 13957 1 0 1 
10.6964 -11.1003 0.344517 0 0 0 0.13479 13 13958 1 0 1 
6.40216 19.1937 0.334848 0 0 0 0.136408 13 13959 1 0 1 
-8.49515 -0.694286 0.331975 0 0 0 0.13756 13 13960 1 0 1 
-12.6891 13.4444 0.325194 0 0 0 0.13805 13 13961 1 0 1 
7.48531 5.17399 0.336279 0 0 0 0.136363 13 13962 1 0 1 
-10.2293 -3.43175 0.300662 0 0 0 0.144215 13 13963 1 0 1 
-10.6689 4.6193 0.349556 0 0 0 0.134353 13 13964 1 0 1 
10.2804 3.04165 0.295698 0 0 0 0.142126 13 13965 1 0 1 
-16.5135 -21.1924 0.331232 0 0 0 0.139214 13 13966 1 0 1 
5.1554 7.00633 0.334765 0 0 0 0.137399 13 13967 1 0 1 
-14.4294 6.33169 0.333451 0 0 0 0.137409 13 13968 1 0 1 
6.8388 18.9544 0.29858 0 0 0 0.141517 13 13969 1 0 1 
27.6875 10.9084 0.298453 0 0 0 0.144976 13 13970 1 0 1 
27.1314 -13.8303 0.341309 0 0 0 0.135057 13 13971 1 0 1 
-10.6885 -17.3261 0.303649 0 0 0 0.144714 13 13972 1 0 1 
-7.42766 9.34066 0.361324 0 0 0 0.134265 13 13973 1 0 1 
1.40306 20.4269 0.326871 0 0 0 0.138045 13 13974 1 0 1 
16.5902 -20.7521 0.314049 0 0 0 0.140858 13 13975 1 0 1 
-4.25806 18.7583 0.306506 0 0 0 0.143887 13 13976 1 0 1 
2.61861 6.55019 0.360884 0 0 0 0.132417 13 13977 1 0 1 
5.28959 18.9598 0.323646 0 0 0 0.140453 13 13978 1 0 1 
20.7832 -7.87458 0.30495 0 0 0 0.144162 13 13979 1 0 1 
-18.3292 12.6457 0.357648 0 0 0 0.132944 13 13980 1 0 1 
-2.74813 30.1423 0.379764 0 0 0 0.129887 13 13981 1 0 1 
7.53067 24.5803 0.324708 0 0 0 0.139318 13 13982 1 0 1 
-9.763 7.72877 0.33539 0 0 0 0.136289 13 13983 1 0 1 
1.35265 -24.3391 0.12529 0.217888 -1.27336 25.1648 0.142835 13 13984 1 0 1 
-0.263962 18.3087 0.336398 0 0 0 0.137477 13 13985 1 0 1 
6.63319 3.74519 0.314871 0 0 0 0.140147 13 13986 1 0 1 
-0.879461 7.2323 0.32412 0 0 0 0.138047 13 13987 1 0 1 
-5.30123 5.63974 0.319961 0 0 0 0.142189 13 13988 1 0 1 
1.82581 12.489 0.335657 0 0 0 0.13735 13 13989 1 0 1 
-4.72503 -4.02115 0.365416 0 0 0 0.131868 13 13990 1 0 1 
11.6502 -10.0939 0.324589 0 0 0 0.139913 13 13991 1 0 1 
-20.4475 0.706697 0.332243 0 0 0 0.136996 13 13992 1 0 1 
-21.7213 0.480843 0.33029 0 0 0 0.139092 13 13993 1 0 1 
40.5413 26.7001 0.315677 0 0 0 0.141179 13 13994 1 0 1 
10.8927 -3.182 0.33704 0 0 0 0.136935 13 13995 1 0 1 
0.481748 1.09663 0.317963 0 0 0 0.141192 13 13996 1 0 1 
5.51794 12.0984 0.331314 0 0 0 0.138367 13 13997 1 0 1 
19.3957 -16.1262 0.28539 0 0 0 0.147576 13 13998 1 0 1 
4.76267 2.4344 0.348989 0 0 0 0.134216 13 13999 1 0 1 
-19.1069 -5.46763 0.343217 0 0 0 0.134956 13 14000 1 0 1 
-18.2218 -24.274 0.370379 0 0 0 0.130712 13 14001 1 0 1 
-1.81457 6.47356 0.351845 0 0 0 0.133008 13 14002 1 0 1 
7.14125 -5.39904 0.320248 0 0 0 0.139746 13 14003 1 0 1 
3.98332 6.52037 0.30636 0 0 0 0.143467 13 14004 1 0 1 
6.96312 10.522 0.303688 0 0 0 0.14272 13 14005 1 0 1 
-1.90755 6.49355 0.332703 0 0 0 0.137396 13 14006 1 0 1 
0.583191 -13.923 0.331416 0 0 0 0.139694 13 14007 1 0 1 
-4.10713 -3.15221 0.296602 0 0 0 0.144478 13 14008 1 0 1 
8.65682 -29.3648 0.337546 0 0 0 0.137454 13 14009 1 0 1 
12.2081 -3.48947 0.34888 0 0 0 0.134423 13 14010 1 0 1 
-0.551707 -14.5238 0.339575 0 0 0 0.136368 13 14011 1 0 1 
-18.3356 -4.16989 0.324341 0 0 0 0.139841 13 14012 1 0 1 
7.5945 -12.3183 0.288302 0 0 0 0.146894 13 14013 1 0 1 
-18.0573 11.1761 0.307195 0 0 0 0.143904 13 14014 1 0 1 
0.851943 21.7994 0.319781 0 0 0 0.138308 13 14015 1 0 1 
-15.3538 -13.6302 0.298253 0 0 0 0.145536 13 14016 1 0 1 
-1.249 16.9728 0.349922 0 0 0 0.134483 13 14017 1 0 1 
-12.7334 0.101001 0.318218 0 0 0 0.139155 13 14018 1 0 1 
6.84062 -18.9101 0.304724 0 0 0 0.143976 13 14019 1 0 1 
26.9123 13.5691 0.317602 0 0 0 0.138958 13 14020 1 0 1 
26.4354 1.61662 0.306969 0 0 0 0.140491 13 14021 1 0 1 
1.55278 13.987 0.317657 0 0 0 0.139458 13 14022 1 0 1 
-3.47439 -16.0832 0.321308 0 0 0 0.139378 13 14023 1 0 1 
-4.46513 -5.60531 0.347268 0 0 0 0.134597 13 14024 1 0 1 
5.72598 -16.425 0.344964 0 0 0 0.136827 13 14025 1 0 1 
-22.0784 11.3054 0.32164 0 0 0 0.138971 13 14026 1 0 1 
14.5598 12.9541 0.315051 0 0 0 0.142357 13 14027 1 0 1 
8.91155 -15.2403 0.369685 0 0 0 0.131907 13 14028 1 0 1 
-2.75275 9.79917 0.350529 0 0 0 0.135512 13 14029 1 0 1 
-6.65976 -22.1864 0.307165 0 0 0 0.14218 13 14030 1 0 1 
-17.4274 -13.7807 0.341584 0 0 0 0.13625 13 14031 1 0 1 
10.7455 -1.05546 0.296303 0 0 0 0.143821 13 14032 1 0 1 
-17.5271 -5.59028 0.331638 0 0 0 0.136184 13 14033 1 0 1 
-3.32929 -30.5018 0.333435 0 0 0 0.138138 13 14034 1 0 1 
-33.7406 -15.8508 0.316978 0 0 0 0.141905 13 14035 1 0 1 
13.6845 7.4412 0.325586 0 0 0 0.139532 13 14036 1 0 1 
-10.328 3.21543 0.359614 0 0 0 0.13283 13 14037 1 0 1 
-26.6113 1.7736 0.351688 0 0 0 0.135351 13 14038 1 0 1 
-18.4345 -20.3588 0.319064 0 0 0 0.140656 13 14039 1 0 1 
-13.1413 -1.9302 0.320198 0 0 0 0.140993 13 14040 1 0 1 
0.151624 15.4766 0.314643 0 0 0 0.141404 13 14041 1 0 1 
-32.4269 7.77871 0.347575 0 0 0 0.135334 13 14042 1 0 1 
-10.4689 -22.6961 0.289884 0 0 0 0.145332 13 14043 1 0 1 
2.67635 -39.5091 0.337679 0 0 0 0.137123 13 14044 1 0 1 
17.1778 -37.102 0.37973 0 0 0 0.131053 13 14045 1 0 1 
-35.9255 18.7812 0.313788 0 0 0 0.140186 13 14046 1 0 1 
5.07863 -15.9856 0.286289 0 0 0 0.147994 13 14047 1 0 1 
5.25582 -22.8415 0.32922 0 0 0 0.137571 13 14048 1 0 1 
-9.86026 -21.5224 0.342224 0 0 0 0.136338 13 14049 1 0 1 
-12.1186 0.0523978 0.340663 0 0 0 0.13754 13 14050 1 0 1 
12.7918 -9.77149 0.321252 0 0 0 0.140099 13 14051 1 0 1 
15.9792 -0.533236 0.313496 0 0 0 0.142361 13 14052 1 0 1 
8.47246 6.78525 0.273194 0 0 0 0.150605 13 14053 1 0 1 
29.5092 34.8512 0.328305 0 0 0 0.1398 13 14054 1 0 1 
-4.63365 18.3167 0.323737 0 0 0 0.140723 13 14055 1 0 1 
-6.28164 2.42981 0.351853 0 0 0 0.134172 13 14056 1 0 1 
5.59409 5.22449 0.304271 0 0 0 0.144416 13 14057 1 0 1 
-26.1429 -23.4415 0.300823 0 0 0 0.145084 13 14058 1 0 1 
-11.1251 -0.577547 0.291146 0 0 0 0.145502 13 14059 1 0 1 
10.519 26.0966 0.332698 0 0 0 0.13808 13 14060 1 0 1 
-6.44852 -21.1888 0.352159 0 0 0 0.134048 13 14061 1 0 1 
-7.26833 9.21814 0.347899 0 0 0 0.135465 13 14062 1 0 1 
-4.43381 23.741 0.305402 0 0 0 0.142963 13 14063 1 0 1 
-14.6906 5.57667 0.322955 0 0 0 0.139603 13 14064 1 0 1 
8.3939 27.3616 0.230035 0 0 0 0.141211 13 14065 1 0 1 
-11.1208 11.1805 0.309972 0 0 0 0.142219 13 14066 1 0 1 
15.4879 -12.7086 0.346258 0 0 0 0.13526 13 14067 1 0 1 
-7.84834 38.6357 0.34718 0 0 0 0.13506 13 14068 1 0 1 
-25.9592 22.9529 0.31291 0 0 0 0.141668 13 14069 1 0 1 
-14.3322 9.41012 0.318693 0 0 0 0.14099 13 14070 1 0 1 
-23.2532 -2.41218 0.323102 0 0 0 0.141546 13 14071 1 0 1 
-16.8746 -14.0257 0.324813 0 0 0 0.13966 13 14072 1 0 1 
1.05058 19.2268 0.338939 0 0 0 0.135306 13 14073 1 0 1 
23.5354 -1.55753 0.359245 0 0 0 0.132196 13 14074 1 0 1 
11.0292 -17.4246 0.30215 0 0 0 0.142734 13 14075 1 0 1 
-39.992 -13.7942 0.357101 0 0 0 0.132369 13 14076 1 0 1 
-5.4717 10.7952 0.28473 0 0 0 0.148704 13 14077 1 0 1 
3.84252 -1.40816 0.323398 0 0 0 0.139335 13 14078 1 0 1 
1.40436 26.2072 0.330285 0 0 0 0.138586 13 14079 1 0 1 
-10.6197 -13.7546 0.2793 0 0 0 0.147752 13 14080 1 0 1 
26.3712 3.98401 0.301451 0 0 0 0.142009 13 14081 1 0 1 
0.762644 14.4746 0.321903 0 0 0 0.140005 13 14082 1 0 1 
7.88233 10.1325 0.312788 0 0 0 0.141777 13 14083 1 0 1 
13.7543 8.54822 0.33644 0 0 0 0.137186 13 14084 1 0 1 
-11.3235 5.58525 0.360837 0 0 0 0.133703 13 14085 1 0 1 
-6.72023 24.2579 0.336392 0 0 0 0.137968 13 14086 1 0 1 
25.5593 -2.62756 0.326757 0 0 0 0.139274 13 14087 1 0 1 
-4.48955 -6.68165 0.342722 0 0 0 0.135719 13 14088 1 0 1 
-12.2713 13.0518 0.340139 0 0 0 0.138102 13 14089 1 0 1 
-26.2791 10.0114 0.343933 0 0 0 0.136456 13 14090 1 0 1 
7.38289 9.08559 0.324023 0 0 0 0.138064 13 14091 1 0 1 
7.56174 5.19297 0.340047 0 0 0 0.137675 13 14092 1 0 1 
-24.4182 -1.661 0.350837 0 0 0 0.134721 13 14093 1 0 1 
-29.4053 1.60911 0.266991 0 0 0 0.150039 13 14094 1 0 1 
-35.9973 -22.8435 0.360064 0 0 0 0.13436 13 14095 1 0 1 
12.582 -5.07316 0.325594 0 0 0 0.139722 13 14096 1 0 1 
-12.2252 -4.14836 0.337768 0 0 0 0.136474 13 14097 1 0 1 
-18.3923 4.16691 0.335316 0 0 0 0.135144 13 14098 1 0 1 
-33.2441 -32.2965 0.294218 0 0 0 0.144266 13 14099 1 0 1 
5.63963 0.93927 0.32849 0 0 0 0.141115 13 14100 1 0 1 
-0.241125 19.9228 0.345769 0 0 0 0.137367 13 14101 1 0 1 
-30.6912 12.7405 0.31811 0 0 0 0.141321 13 14102 1 0 1 
-12.5404 -17.1139 0.311815 0 0 0 0.142617 13 14103 1 0 1 
9.53874 1.71305 0.352948 0 0 0 0.132494 13 14104 1 0 1 
-11.4674 -2.46247 0.313457 0 0 0 0.140981 13 14105 1 0 1 
-12.5425 36.1748 0.316207 0 0 0 0.141596 13 14106 1 0 1 
-6.98611 -14.1659 0.339902 0 0 0 0.137737 13 14107 1 0 1 
1.90559 -1.59685 0.2892 0 0 0 0.148193 13 14108 1 0 1 
-26.6197 6.81515 0.318786 0 0 0 0.14045 13 14109 1 0 1 
-15.5768 -40.8778 0.345114 0 0 0 0.134284 13 14110 1 0 1 
29.9028 -3.2837 0.33297 0 0 0 0.138095 13 14111 1 0 1 
4.93244 18.866 0.280159 0 0 0 0.147838 13 14112 1 0 1 
-19.124 -6.58711 0.318084 0 0 0 0.140425 13 14113 1 0 1 
-21.1963 -10.3849 0.324744 0 0 0 0.138821 13 14114 1 0 1 
20.1143 4.56507 0.334505 0 0 0 0.137287 13 14115 1 0 1 
10.9763 -10.8437 0.284695 0 0 0 0.147009 13 14116 1 0 1 
6.0964 27.1669 0.319392 0 0 0 0.141144 13 14117 1 0 1 
10.2406 8.95585 0.32487 0 0 0 0.140124 13 14118 1 0 1 
-11.239 -0.15162 0.333992 0 0 0 0.136888 13 14119 1 0 1 
-29.911 -6.96647 0.32838 0 0 0 0.13741 13 14120 1 0 1 
-16.847 -10.9565 0.273772 0 0 0 0.149935 13 14121 1 0 1 
-1.67935 3.66266 0.316856 0 0 0 0.142396 13 14122 1 0 1 
1.60607 7.78383 0.364643 0 0 0 0.132611 13 14123 1 0 1 
-5.2631 7.68845 0.331006 0 0 0 0.137067 13 14124 1 0 1 
-11.1265 -2.72275 0.322783 0 0 0 0.140178 13 14125 1 0 1 
-7.98597 -11.8079 0.345335 0 0 0 0.135113 13 14126 1 0 1 
-9.63841 1.89793 0.310517 0 0 0 0.14305 13 14127 1 0 1 
10.4789 -2.83846 0.346451 0 0 0 0.132827 13 14128 1 0 1 
5.02108 2.68509 0.315324 0 0 0 0.142109 13 14129 1 0 1 
1.1191 7.03847 0.316645 0 0 0 0.141324 13 14130 1 0 1 
0.601606 23.8552 0.338695 0 0 0 0.137492 13 14131 1 0 1 
0.323301 1.68647 0.307078 0 0 0 0.144369 13 14132 1 0 1 
-8.58732 -13.6401 0.26467 0 0 0 0.15418 13 14133 1 0 1 
-5.26529 -11.7807 0.34508 0 0 0 0.135989 13 14134 1 0 1 
2.62337 6.35745 0.321437 0 0 0 0.140234 13 14135 1 0 1 
8.55944 19.3003 0.326306 0 0 0 0.138075 13 14136 1 0 1 
-9.12301 9.13308 0.33667 0 0 0 0.137889 13 14137 1 0 1 
3.03836 -24.9291 0.312142 0 0 0 0.142262 13 14138 1 0 1 
1.19615 34.7562 0.363052 0 0 0 0.134062 13 14139 1 0 1 
4.43078 3.27394 0.351503 0 0 0 0.133878 13 14140 1 0 1 
-13.3328 5.93311 0.318976 0 0 0 0.140241 13 14141 1 0 1 
-6.03951 4.89526 0.358534 0 0 0 0.134063 13 14142 1 0 1 
14.2734 -3.57393 0.345682 0 0 0 0.134512 13 14143 1 0 1 
2.98963 24.1133 0.349088 0 0 0 0.134493 13 14144 1 0 1 
13.1331 9.57956 0.363387 0 0 0 0.131824 13 14145 1 0 1 
19.4594 -18.1038 0.293609 0 0 0 0.144923 13 14146 1 0 1 
13.0136 14.3679 0.338526 0 0 0 0.137185 13 14147 1 0 1 
37.8841 -5.20746 0.351279 0 0 0 0.133894 13 14148 1 0 1 
-13.1821 25.7143 0.343184 0 0 0 0.137385 13 14149 1 0 1 
-10.8729 10.0151 0.321823 0 0 0 0.13903 13 14150 1 0 1 
-9.70351 -8.82315 0.336502 0 0 0 0.137368 13 14151 1 0 1 
25.3954 5.77835 0.329995 0 0 0 0.138943 13 14152 1 0 1 
-5.92126 -16.3579 0.331403 0 0 0 0.137718 13 14153 1 0 1 
-7.76132 -3.69534 0.330329 0 0 0 0.136218 13 14154 1 0 1 
1.92289 10.3554 0.321993 0 0 0 0.139395 13 14155 1 0 1 
-2.44656 15.8346 0.362682 0 0 0 0.133673 13 14156 1 0 1 
4.83185 -6.83117 0.323987 0 0 0 0.140982 13 14157 1 0 1 
-23.634 -5.26091 0.307021 0 0 0 0.143636 13 14158 1 0 1 
27.8533 -2.28024 0.32563 0 0 0 0.140564 13 14159 1 0 1 
28.2178 -4.96171 0.319303 0 0 0 0.133671 13 14160 1 0 1 
23.008 -12.2682 0.322085 0 0 0 0.138011 13 14161 1 0 1 
-11.7895 -8.63251 0.297733 0 0 0 0.144184 13 14162 1 0 1 
22.3048 16.0544 0.33371 0 0 0 0.138327 13 14163 1 0 1 
-2.06229 -10.7888 0.316519 0 0 0 0.14206 13 14164 1 0 1 
12.0134 -19.497 0.304891 0 0 0 0.143856 13 14165 1 0 1 
-26.3788 -12.85 0.291039 0 0 0 0.145626 13 14166 1 0 1 
26.9336 -18.9534 0.354123 0 0 0 0.135889 13 14167 1 0 1 
3.34765 0.508134 0.301525 0 0 0 0.14418 13 14168 1 0 1 
3.69814 15.4105 0.334134 0 0 0 0.13801 13 14169 1 0 1 
21.2382 18.7227 0.327367 0 0 0 0.139896 13 14170 1 0 1 
0.503059 9.65043 0.3519 0 0 0 0.135721 13 14171 1 0 1 
35.3236 7.45833 0.300336 0 0 0 0.144489 13 14172 1 0 1 
-18.7585 26.7688 0.315483 0 0 0 0.140346 13 14173 1 0 1 
38.4828 -44.9897 0.341391 0 0 0 0.135055 13 14174 1 0 1 
-5.35441 -20.1738 0.347852 0 0 0 0.134552 13 14175 1 0 1 
26.8345 -5.41534 0.340806 0 0 0 0.136859 13 14176 1 0 1 
-27.5413 22.1407 0.35504 0 0 0 0.133611 13 14177 1 0 1 
32.7169 -29.6399 0.325823 0 0 0 0.134465 13 14178 1 0 1 
0.548923 21.4282 0.331888 0 0 0 0.137077 13 14179 1 0 1 
-3.26415 13.4495 0.339995 0 0 0 0.134194 13 14180 1 0 1 
14.063 15.0384 0.338557 0 0 0 0.136373 13 14181 1 0 1 
4.08783 10.3857 0.329745 0 0 0 0.138275 13 14182 1 0 1 
-9.94464 -5.00326 0.315108 0 0 0 0.141778 13 14183 1 0 1 
6.71808 -27.5257 0.34665 0 0 0 0.135463 13 14184 1 0 1 
-3.9053 -3.44289 0.323226 0 0 0 0.140307 13 14185 1 0 1 
6.8968 5.18629 0.343464 0 0 0 0.135549 13 14186 1 0 1 
-3.73278 1.12058 0.318353 0 0 0 0.140346 13 14187 1 0 1 
-2.40968 33.4327 0.303853 0 0 0 0.143407 13 14188 1 0 1 
-10.0645 -8.55387 0.357721 0 0 0 0.131336 13 14189 1 0 1 
9.56722 -8.22818 0.336594 0 0 0 0.138473 13 14190 1 0 1 
-7.89313 1.52933 0.3213 0 0 0 0.139781 13 14191 1 0 1 
6.15129 17.3264 0.279112 0 0 0 0.148404 13 14192 1 0 1 
-7.99337 -8.52647 0.357498 0 0 0 0.133356 13 14193 1 0 1 
2.11799 9.84628 0.330065 0 0 0 0.139381 13 14194 1 0 1 
1.10064 -12.761 0.35835 0 0 0 0.132328 13 14195 1 0 1 
-28.7024 21.0292 0.301652 0 0 0 0.14339 13 14196 1 0 1 
13.0652 8.03613 0.318695 0 0 0 0.140231 13 14197 1 0 1 
8.87523 3.42123 0.291278 0 0 0 0.139234 13 14198 1 0 1 
-11.7408 -6.96547 0.327882 0 0 0 0.139771 13 14199 1 0 1 
-6.17099 -8.1064 0.349517 0 0 0 0.134505 13 14200 1 0 1 
11.7643 -0.997301 0.318641 0 0 0 0.142833 13 14201 1 0 1 
11.0964 -22.8447 0.292507 0 0 0 0.143869 13 14202 1 0 1 
4.86021 7.82908 0.323024 0 0 0 0.14063 13 14203 1 0 1 
11.8531 6.77068 0.316103 0 0 0 0.141975 13 14204 1 0 1 
-14.7145 12.0689 0.358381 0 0 0 0.134069 13 14205 1 0 1 
2.52595 -21.9228 0.301604 0 0 0 0.143143 13 14206 1 0 1 
18.6654 31.917 0.357997 0 0 0 0.134274 13 14207 1 0 1 
-10.5374 3.41413 0.327986 0 0 0 0.139179 13 14208 1 0 1 
34.3562 0.637758 0.340946 0 0 0 0.135571 13 14209 1 0 1 
4.79398 0.458267 0.196203 0 0 0 0.140846 13 14210 1 0 1 
-5.68043 -8.60232 0.354898 0 0 0 0.134253 13 14211 1 0 1 
-22.3839 3.05502 0.305069 0 0 0 0.143132 13 14212 1 0 1 
17.0921 6.53067 0.352581 0 0 0 0.135671 13 14213 1 0 1 
11.1495 -13.8014 0.34957 0 0 0 0.13346 13 14214 1 0 1 
-18.3597 -21.5587 0.319062 0 0 0 0.141314 13 14215 1 0 1 
-7.36107 9.4501 0.35196 0 0 0 0.1351 13 14216 1 0 1 
1.11454 20.0411 0.333631 0 0 0 0.137459 13 14217 1 0 1 
1.95762 30.3229 0.339311 0 0 0 0.136204 13 14218 1 0 1 
-11.1726 -3.00619 0.337325 0 0 0 0.13856 13 14219 1 0 1 
28.032 32.0066 0.316817 0 0 0 0.139779 13 14220 1 0 1 
-17.4577 11.6176 0.365249 0 0 0 0.1325 13 14221 1 0 1 
-27.715 -11.3404 0.305468 0 0 0 0.141939 13 14222 1 0 1 
-1.41428 26.7273 0.334195 0 0 0 0.138374 13 14223 1 0 1 
15.8472 1.85466 0.331599 0 0 0 0.138311 13 14224 1 0 1 
17.1564 -17.1494 0.345571 0 0 0 0.137863 13 14225 1 0 1 
-33.1083 -19.4784 0.349585 0 0 0 0.135925 13 14226 1 0 1 
-17.153 18.0965 0.318831 0 0 0 0.139763 13 14227 1 0 1 
0.611077 6.92929 0.3509 0 0 0 0.134391 13 14228 1 0 1 
-5.43459 7.43046 0.324336 0 0 0 0.140298 13 14229 1 0 1 
17.8629 24.1811 0.330857 0 0 0 0.138624 13 14230 1 0 1 
-4.08473 -11.6293 0.317788 0 0 0 0.14243 13 14231 1 0 1 
-17.7632 8.82784 0.317411 0 0 0 0.139651 13 14232 1 0 1 
-22.0388 -2.03206 0.337401 0 0 0 0.135325 13 14233 1 0 1 
-8.45648 3.16095 0.342901 0 0 0 0.137134 13 14234 1 0 1 
27.3564 -19.0535 0.325075 0 0 0 0.1403 13 14235 1 0 1 
0.217016 -25.8348 0.299633 0 0 0 0.144303 13 14236 1 0 1 
-0.83299 11.3962 0.300432 0 0 0 0.144495 13 14237 1 0 1 
25.9919 15.2816 0.349954 0 0 0 0.134593 13 14238 1 0 1 
-13.4081 -28.804 0.347202 0 0 0 0.133746 13 14239 1 0 1 
-2.40028 -7.70272 0.384732 0 0 0 0.129824 13 14240 1 0 1 
7.29043 30.2411 0.317939 0 0 0 0.140601 13 14241 1 0 1 
-0.359345 18.6809 0.313738 0 0 0 0.141919 13 14242 1 0 1 
20.3598 -1.38902 0.341275 0 0 0 0.134965 13 14243 1 0 1 
-17.517 7.05384 0.328334 0 0 0 0.138842 13 14244 1 0 1 
15.0607 32.1013 0.269962 0 0 0 0.150214 13 14245 1 0 1 
33.5487 -4.18562 0.327109 0 0 0 0.138387 13 14246 1 0 1 
-5.65088 7.91128 0.319554 0 0 0 0.140698 13 14247 1 0 1 
-6.35062 -10.0863 0.276544 0 0 0 0.149844 13 14248 1 0 1 
-22.9104 -52.116 0.345651 0 0 0 0.13481 13 14249 1 0 1 
27.2296 7.77587 0.344663 0 0 0 0.132851 13 14250 1 0 1 
17.4861 -9.01674 0.367689 0 0 0 0.130625 13 14251 1 0 1 
-2.84599 11.1723 0.31249 0 0 0 0.140657 13 14252 1 0 1 
-18.7675 -19.107 0.352316 0 0 0 0.132381 13 14253 1 0 1 
-2.21686 2.18529 0.325972 0 0 0 0.140183 13 14254 1 0 1 
0.970345 -8.86336 0.302506 0 0 0 0.143262 13 14255 1 0 1 
2.0937 -19.148 0.349536 0 0 0 0.135868 13 14256 1 0 1 
-5.0441 4.14191 0.369594 0 0 0 0.132713 13 14257 1 0 1 
-19.0057 1.75196 0.337566 0 0 0 0.135229 13 14258 1 0 1 
3.21002 -12.7781 0.308087 0 0 0 0.142045 13 14259 1 0 1 
-12.5188 2.19671 0.334002 0 0 0 0.13798 13 14260 1 0 1 
4.09504 5.4351 0.315445 0 0 0 0.142228 13 14261 1 0 1 
-0.972024 -19.5221 0.344566 0 0 0 0.136456 13 14262 1 0 1 
-13.859 1.04428 0.323767 0 0 0 0.141427 13 14263 1 0 1 
14.1156 2.57789 0.327411 0 0 0 0.13937 13 14264 1 0 1 
-14.5258 6.73246 0.328424 0 0 0 0.138691 13 14265 1 0 1 
-8.14877 6.32967 0.274061 0 0 0 0.149183 13 14266 1 0 1 
2.51937 -6.88006 0.299631 0 0 0 0.145278 13 14267 1 0 1 
3.91063 4.11662 0.311933 0 0 0 0.141158 13 14268 1 0 1 
-5.05331 -16.0283 0.32779 0 0 0 0.139668 13 14269 1 0 1 
-0.880076 -14.2877 0.284386 0 0 0 0.147333 13 14270 1 0 1 
19.1836 -10.7918 0.318207 0 0 0 0.140265 13 14271 1 0 1 
-15.8181 -35.0494 0.329833 0 0 0 0.137808 13 14272 1 0 1 
26.7735 4.36593 0.293306 0 0 0 0.146081 13 14273 1 0 1 
1.1801 34.6341 0.306009 0 0 0 0.14362 13 14274 1 0 1 
-22.9709 7.83509 0.328646 0 0 0 0.137514 13 14275 1 0 1 
-12.7909 -15.595 0.293652 0 0 0 0.144224 13 14276 1 0 1 
-2.04168 -8.71901 0.323407 0 0 0 0.139923 13 14277 1 0 1 
-15.0819 3.11675 0.33475 0 0 0 0.134818 13 14278 1 0 1 
-6.91793 -2.55819 0.325274 0 0 0 0.139069 13 14279 1 0 1 
0.328169 11.4243 0.293847 0 0 0 0.143861 13 14280 1 0 1 
23.6344 -28.8374 0.323169 0 0 0 0.137137 13 14281 1 0 1 
-0.741489 11.564 0.3306 0 0 0 0.138417 13 14282 1 0 1 
17.818 9.0962 0.307598 0 0 0 0.14292 13 14283 1 0 1 
27.2529 0.135149 0.3293 0 0 0 0.137036 13 14284 1 0 1 
-26.4526 12.9932 0.370596 0 0 0 0.132938 13 14285 1 0 1 
-0.206062 15.2333 0.287317 0 0 0 0.145413 13 14286 1 0 1 
27.3954 4.35654 0.334924 0 0 0 0.13735 13 14287 1 0 1 
24.4816 3.58966 0.332701 0 0 0 0.137928 13 14288 1 0 1 
1.02778 -14.758 0.369735 0 0 0 0.131659 13 14289 1 0 1 
-1.73193 44.9839 0.320306 0 0 0 0.140931 13 14290 1 0 1 
-4.01165 -8.65359 0.278864 0 0 0 0.150607 13 14291 1 0 1 
-26.4513 -10.4717 0.3484 0 0 0 0.134704 13 14292 1 0 1 
-0.2262 -1.44401 0.336056 0 0 0 0.136907 13 14293 1 0 1 
-15.4047 -4.79547 0.392174 0 0 0 0.129898 13 14294 1 0 1 
1.66282 7.98229 0.308908 0 0 0 0.142055 13 14295 1 0 1 
0.61201 14.125 0.317902 0 0 0 0.142017 13 14296 1 0 1 
11.9743 18.356 0.276695 0 0 0 0.150147 13 14297 1 0 1 
5.35784 13.5336 0.356394 0 0 0 0.133615 13 14298 1 0 1 
-28.9528 -12.3295 0.286845 0 0 0 0.147546 13 14299 1 0 1 
11.3421 -24.7899 0.303769 0 0 0 0.144183 13 14300 1 0 1 
-24.6392 20.9853 0.323727 0 0 0 0.13827 13 14301 1 0 1 
-10.2463 -26.9925 0.321447 0 0 0 0.139064 13 14302 1 0 1 
-2.30175 -31.5197 0.335146 0 0 0 0.136214 13 14303 1 0 1 
-10.1929 3.11906 0.301309 0 0 0 0.144952 13 14304 1 0 1 
5.17162 -10.0863 0.313278 0 0 0 0.142233 13 14305 1 0 1 
19.5519 7.29174 0.331252 0 0 0 0.138886 13 14306 1 0 1 
-8.84801 1.36279 0.295218 0 0 0 0.145873 13 14307 1 0 1 
5.96585 17.6396 0.355434 0 0 0 0.132265 13 14308 1 0 1 
6.4709 -5.51062 0.299637 0 0 0 0.141232 13 14309 1 0 1 
16.613 -16.8677 0.335037 0 0 0 0.138163 13 14310 1 0 1 
-0.118028 -4.55441 0.37002 0 0 0 0.131685 13 14311 1 0 1 
0.387772 2.42367 0.330083 0 0 0 0.138027 13 14312 1 0 1 
-19.6733 20.8608 0.307401 0 0 0 0.142684 13 14313 1 0 1 
-13.5189 -5.83997 0.326641 0 0 0 0.13985 13 14314 1 0 1 
20.6764 8.95419 0.314227 0 0 0 0.141646 13 14315 1 0 1 
-1.84052 8.63404 0.317014 0 0 0 0.140821 13 14316 1 0 1 
4.24548 19.2908 0.319749 0 0 0 0.140861 13 14317 1 0 1 
-6.02894 3.62674 0.382649 0 0 0 0.129672 13 14318 1 0 1 
14.5884 -10.8756 0.362811 0 0 0 0.13253 13 14319 1 0 1 
13.4187 -8.19459 0.299118 0 0 0 0.144258 13 14320 1 0 1 
10.7914 -11.7513 0.344564 0 0 0 0.137018 13 14321 1 0 1 
-2.52627 1.11768 0.351122 0 0 0 0.135975 13 14322 1 0 1 
-17.2716 -3.56365 0.339519 0 0 0 0.137083 13 14323 1 0 1 
25.6693 8.81999 0.292475 0 0 0 0.146236 13 14324 1 0 1 
15.9072 -32.4993 0.306566 0 0 0 0.144221 13 14325 1 0 1 
-9.82987 13.0343 0.346817 0 0 0 0.136044 13 14326 1 0 1 
1.8529 7.49827 0.322193 0 0 0 0.139887 13 14327 1 0 1 
26.9262 22.0403 0.321325 0 0 0 0.141481 13 14328 1 0 1 
-1.17628 20.0322 0.313907 0 0 0 0.141711 13 14329 1 0 1 
-7.1012 2.49399 0.307598 0 0 0 0.141871 13 14330 1 0 1 
5.77775 -6.04944 0.301944 0 0 0 0.14391 13 14331 1 0 1 
2.98589 13.1289 0.316966 0 0 0 0.141002 13 14332 1 0 1 
24.6614 -4.44613 0.333653 0 0 0 0.135732 13 14333 1 0 1 
6.62606 -13.7165 0.311968 0 0 0 0.142986 13 14334 1 0 1 
1.63595 -1.86986 0.270282 0 0 0 0.151874 13 14335 1 0 1 
6.59881 6.52959 0.259771 0 0 0 0.139364 13 14336 1 0 1 
-2.52261 -13.0966 0.303957 0 0 0 0.143968 13 14337 1 0 1 
2.17264 -7.30961 0.358745 0 0 0 0.131993 13 14338 1 0 1 
11.6579 12.4928 0.328368 0 0 0 0.139499 13 14339 1 0 1 
8.92324 -5.97167 0.300326 0 0 0 0.143971 13 14340 1 0 1 
11.1262 1.046 0.299781 0 0 0 0.145098 13 14341 1 0 1 
-14.6773 0.373391 0.308917 0 0 0 0.143411 13 14342 1 0 1 
0.528669 6.77453 0.328975 0 0 0 0.137963 13 14343 1 0 1 
1.77064 10.2992 0.337649 0 0 0 0.13688 13 14344 1 0 1 
-3.93745 8.03835 0.282578 0 0 0 0.147531 13 14345 1 0 1 
-0.125588 13.8412 0.32842 0 0 0 0.1371 13 14346 1 0 1 
-5.67943 20.5976 0.359534 0 0 0 0.132935 13 14347 1 0 1 
19.4503 6.5277 0.326293 0 0 0 0.138387 13 14348 1 0 1 
5.15746 0.309785 0.332755 0 0 0 0.136995 13 14349 1 0 1 
-20.0649 15.7179 0.33079 0 0 0 0.140286 13 14350 1 0 1 
-8.35208 -5.76679 0.302943 0 0 0 0.144058 13 14351 1 0 1 
5.33689 -26.3408 0.324341 0 0 0 0.134747 13 14352 1 0 1 
-10.0727 -20.4386 0.304378 0 0 0 0.143606 13 14353 1 0 1 
-1.78857 22.5379 0.306803 0 0 0 0.142594 13 14354 1 0 1 
-21.5003 9.3153 0.29657 0 0 0 0.146349 13 14355 1 0 1 
-0.295707 -18.9211 0.343874 0 0 0 0.135925 13 14356 1 0 1 
16.2177 -8.71044 0.320061 0 0 0 0.140227 13 14357 1 0 1 
16.7129 1.65499 0.290311 0 0 0 0.146997 13 14358 1 0 1 
-7.60831 -13.2359 0.373539 0 0 0 0.130817 13 14359 1 0 1 
-3.04599 1.77931 0.41258 0 0 0 0.127212 13 14360 1 0 1 
10.4039 11.8835 0.283878 0 0 0 0.146353 13 14361 1 0 1 
-31.3099 0.630115 0.317998 0 0 0 0.141422 13 14362 1 0 1 
-5.46954 -8.58831 0.311207 0 0 0 0.142771 13 14363 1 0 1 
16.9376 -11.6761 0.283312 0 0 0 0.142709 13 14364 1 0 1 
9.11759 -50.4835 0.31878 0 0 0 0.139107 13 14365 1 0 1 
6.71604 23.7187 0.357682 0 0 0 0.132879 13 14366 1 0 1 
9.68181 4.66631 0.29973 0 0 0 0.138048 13 14367 1 0 1 
-5.74602 14.2703 0.300282 0 0 0 0.143913 13 14368 1 0 1 
-19.6172 13.9542 0.328871 0 0 0 0.139938 13 14369 1 0 1 
-36.6035 -1.04819 0.327964 0 0 0 0.136343 13 14370 1 0 1 
2.24684 -13.9785 0.348505 0 0 0 0.135807 13 14371 1 0 1 
8.45548 -14.7242 0.257921 0 0 0 0.152344 13 14372 1 0 1 
2.10275 -1.96036 0.340637 0 0 0 0.137068 13 14373 1 0 1 
-2.87389 -7.50017 0.333405 0 0 0 0.138929 13 14374 1 0 1 
10.3192 -12.5368 0.312341 0 0 0 0.141284 13 14375 1 0 1 
10.5985 16.4084 0.329377 0 0 0 0.138451 13 14376 1 0 1 
-23.8709 4.60125 0.318075 0 0 0 0.142914 13 14377 1 0 1 
0.638784 -19.7422 0.298462 0 0 0 0.145454 13 14378 1 0 1 
4.59253 -20.2048 0.340714 0 0 0 0.136291 13 14379 1 0 1 
-5.22548 14.37 0.334066 0 0 0 0.138658 13 14380 1 0 1 
11.2235 17.8836 0.28023 0 0 0 0.149168 13 14381 1 0 1 
13.0311 0.374126 0.344871 0 0 0 0.136073 13 14382 1 0 1 
-4.84226 7.53054 0.264264 0 0 0 0.153776 13 14383 1 0 1 
-4.58208 14.2098 0.365375 0 0 0 0.131136 13 14384 1 0 1 
-22.5033 -9.92158 0.366826 0 0 0 0.130735 13 14385 1 0 1 
18.9483 -4.73474 0.296234 0 0 0 0.144478 13 14386 1 0 1 
23.227 17.6723 0.33302 0 0 0 0.138464 13 14387 1 0 1 
-24.1985 3.1466 0.308612 0 0 0 0.143446 13 14388 1 0 1 
-5.27878 -11.5079 0.258848 0 0 0 0.155121 13 14389 1 0 1 
-14.6409 -27.5842 0.363783 0 0 0 0.131699 13 14390 1 0 1 
13.6247 1.24849 0.334531 0 0 0 0.136587 13 14391 1 0 1 
-14.3072 -30.2953 0.322381 0 0 0 0.139533 13 14392 1 0 1 
26.0368 -6.63076 0.33137 0 0 0 0.137566 13 14393 1 0 1 
-14.5987 15.3235 0.335519 0 0 0 0.138351 13 14394 1 0 1 
3.27866 14.2459 0.301185 0 0 0 0.143269 13 14395 1 0 1 
2.72923 21.3715 0.319539 0 0 0 0.137152 13 14396 1 0 1 
-5.82019 4.63849 0.268878 0 0 0 0.151544 13 14397 1 0 1 
11.2801 -7.08088 0.323889 0 0 0 0.141409 13 14398 1 0 1 
9.11306 11.1199 0.286991 0 0 0 0.146836 13 14399 1 0 1 
2.96663 7.54025 0.340289 0 0 0 0.137837 13 14400 1 0 1 
-2.47571 5.96182 0.283975 0 0 0 0.147769 13 14401 1 0 1 
20.9466 -22.8685 0.331851 0 0 0 0.137063 13 14402 1 0 1 
15.7534 25.19 0.313425 0 0 0 0.141973 13 14403 1 0 1 
-5.05743 -16.3695 0.3133 0 0 0 0.142044 13 14404 1 0 1 
5.21436 -16.8577 0.333305 0 0 0 0.138406 13 14405 1 0 1 
8.17472 -2.53021 0.309524 0 0 0 0.142399 13 14406 1 0 1 
-19.8103 10.5003 0.342821 0 0 0 0.13647 13 14407 1 0 1 
-36.4006 22.7709 0.3078 0 0 0 0.143853 13 14408 1 0 1 
15.6721 -2.84433 0.315278 0 0 0 0.14269 13 14409 1 0 1 
1.17212 4.77148 0.293717 0 0 0 0.144242 13 14410 1 0 1 
-2.82233 -3.21825 0.300077 0 0 0 0.145186 13 14411 1 0 1 
27.0215 -3.98605 0.326096 0 0 0 0.140646 13 14412 1 0 1 
11.0906 -2.01264 0.305816 0 0 0 0.14309 13 14413 1 0 1 
-27.1738 -2.4828 0.330962 0 0 0 0.138626 13 14414 1 0 1 
13.3119 8.67624 0.316337 0 0 0 0.141535 13 14415 1 0 1 
-1.71544 -5.47738 0.327062 0 0 0 0.139448 13 14416 1 0 1 
2.42222 2.0545 0.285091 0 0 0 0.145874 13 14417 1 0 1 
-8.03444 27.1793 0.28938 0 0 0 0.146107 13 14418 1 0 1 
-2.32127 -3.95443 0.292497 0 0 0 0.146083 13 14419 1 0 1 
19.6634 -4.48956 0.336694 0 0 0 0.137633 13 14420 1 0 1 
-18.3811 3.159 0.28635 0 0 0 0.146931 13 14421 1 0 1 
6.04566 12.4622 0.297821 0 0 0 0.144289 13 14422 1 0 1 
6.74824 27.4784 0.338908 0 0 0 0.134786 13 14423 1 0 1 
5.79788 0.744302 0.352272 0 0 0 0.132437 13 14424 1 0 1 
3.93944 -4.78635 0.306478 0 0 0 0.142688 13 14425 1 0 1 
-12.3979 -15.697 0.277429 0 0 0 0.149205 13 14426 1 0 1 
0.525103 25.3343 0.314829 0 0 0 0.142348 13 14427 1 0 1 
15.3347 -7.54633 0.37797 0 0 0 0.129994 13 14428 1 0 1 
-9.56293 3.69395 0.341985 0 0 0 0.135894 13 14429 1 0 1 
-1.24766 -2.6756 0.347988 0 0 0 0.135168 13 14430 1 0 1 
-18.5644 -5.01421 0.380667 0 0 0 0.130813 13 14431 1 0 1 
15.2902 -5.95372 0.299923 0 0 0 0.145039 13 14432 1 0 1 
6.34066 -10.1954 0.325776 0 0 0 0.139084 13 14433 1 0 1 
9.32721 51.8495 0.310655 0 0 0 0.140902 13 14434 1 0 1 
8.86903 -4.66253 0.348067 0 0 0 0.134585 13 14435 1 0 1 
2.02498 -8.90298 0.299926 0 0 0 0.14483 13 14436 1 0 1 
4.5733 13.4026 0.351657 0 0 0 0.13515 13 14437 1 0 1 
5.02115 1.73118 0.317532 0 0 0 0.141223 13 14438 1 0 1 
-1.74089 -8.08247 0.304743 0 0 0 0.143465 13 14439 1 0 1 
8.49999 -7.41922 0.279823 0 0 0 0.146413 13 14440 1 0 1 
-8.78284 -8.08705 0.35098 0 0 0 0.135367 13 14441 1 0 1 
-18.095 7.78918 0.359128 0 0 0 0.132128 13 14442 1 0 1 
-1.94859 0.348438 0.321615 0 0 0 0.141058 13 14443 1 0 1 
-4.16001 21.114 0.320507 0 0 0 0.14119 13 14444 1 0 1 
-4.02023 -10.2264 0.34342 0 0 0 0.136445 13 14445 1 0 1 
6.22167 4.42693 0.3129 0 0 0 0.143063 13 14446 1 0 1 
14.8735 -15.8635 0.380253 0 0 0 0.130023 13 14447 1 0 1 
-0.586939 22.9944 0.314817 0 0 0 0.141303 13 14448 1 0 1 
-20.2064 -12.9375 0.298752 0 0 0 0.143762 13 14449 1 0 1 
-2.54835 9.34088 0.334046 0 0 0 0.136979 13 14450 1 0 1 
-26.9659 6.03064 0.334781 0 0 0 0.138407 13 14451 1 0 1 
6.89585 -0.0189665 0.321967 0 0 0 0.138413 13 14452 1 0 1 
-6.15328 41.0259 0.32835 0 0 0 0.139623 13 14453 1 0 1 
-5.92462 -18.2058 0.322209 0 0 0 0.139574 13 14454 1 0 1 
0.561114 11.7122 0.330106 0 0 0 0.137214 13 14455 1 0 1 
-3.21933 -4.60963 0.298187 0 0 0 0.144738 13 14456 1 0 1 
-26.9659 -22.1975 0.281148 0 0 0 0.148654 13 14457 1 0 1 
8.35447 -11.9224 0.37905 0 0 0 0.131068 13 14458 1 0 1 
4.68033 -1.12626 0.293591 0 0 0 0.14696 13 14459 1 0 1 
-2.48395 -15.833 0.387325 0 0 0 0.131339 13 14460 1 0 1 
6.09455 24.9822 0.339157 0 0 0 0.135654 13 14461 1 0 1 
-19.5826 4.58774 0.327135 0 0 0 0.138744 13 14462 1 0 1 
5.88023 -3.72494 0.33658 0 0 0 0.13736 13 14463 1 0 1 
-10.6966 29.666 0.325996 0 0 0 0.139272 13 14464 1 0 1 
-20.6352 -27.1231 0.321445 0 0 0 0.138887 13 14465 1 0 1 
-9.99795 -2.62523 0.335626 0 0 0 0.136643 13 14466 1 0 1 
8.00091 7.72529 0.319657 0 0 0 0.139957 13 14467 1 0 1 
-9.96406 6.5301 0.332112 0 0 0 0.13808 13 14468 1 0 1 
6.0243 3.73181 0.305569 0 0 0 0.143886 13 14469 1 0 1 
20.7376 1.51155 0.331873 0 0 0 0.139169 13 14470 1 0 1 
4.71692 13.1969 0.328152 0 0 0 0.138874 13 14471 1 0 1 
-1.1269 -15.3907 0.274569 0 0 0 0.149569 13 14472 1 0 1 
8.93829 -0.629535 0.316085 0 0 0 0.140594 13 14473 1 0 1 
-14.1591 12.5639 0.343025 0 0 0 0.13639 13 14474 1 0 1 
-26.6434 -4.96914 0.297483 0 0 0 0.146036 13 14475 1 0 1 
11.3925 42.056 0.303146 0 0 0 0.143585 13 14476 1 0 1 
-16.4562 4.56861 0.335939 0 0 0 0.137863 13 14477 1 0 1 
4.35235 6.9429 0.319292 0 0 0 0.141043 13 14478 1 0 1 
15.299 7.7048 0.300513 0 0 0 0.143618 13 14479 1 0 1 
10.6524 9.77547 0.312299 0 0 0 0.142536 13 14480 1 0 1 
-19.7906 0.930835 0.322607 0 0 0 0.139942 13 14481 1 0 1 
8.41648 23.3466 0.299464 0 0 0 0.143589 13 14482 1 0 1 
22.5578 31.9808 0.319912 0 0 0 0.141627 13 14483 1 0 1 
-8.81063 3.21698 0.336872 0 0 0 0.135568 13 14484 1 0 1 
-12.2798 -2.14153 0.33989 0 0 0 0.13533 13 14485 1 0 1 
-0.00975223 6.43669 0.304368 0 0 0 0.143332 13 14486 1 0 1 
-32.3357 12.6515 0.300899 0 0 0 0.139482 13 14487 1 0 1 
9.24104 6.04132 0.320892 0 0 0 0.139721 13 14488 1 0 1 
-13.3517 -3.85231 0.328473 0 0 0 0.1385 13 14489 1 0 1 
19.7641 -43.3114 0.395599 0 0 0 0.127587 13 14490 1 0 1 
10.2379 2.40954 0.365611 0 0 0 0.132386 13 14491 1 0 1 
0.846682 -29.6659 0.306944 0 0 0 0.144032 13 14492 1 0 1 
-25.3989 5.16243 0.320163 0 0 0 0.140713 13 14493 1 0 1 
-7.488 -10.5591 0.320143 0 0 0 0.140098 13 14494 1 0 1 
-1.07963 -10.0605 0.337207 0 0 0 0.135934 13 14495 1 0 1 
5.1628 -12.6565 0.344375 0 0 0 0.136487 13 14496 1 0 1 
16.7234 -1.34443 0.343172 0 0 0 0.136904 13 14497 1 0 1 
6.80517 -7.18986 0.34824 0 0 0 0.133233 13 14498 1 0 1 
2.71375 0.521523 0.321477 0 0 0 0.1404 13 14499 1 0 1 
-18.8522 5.47422 0.294739 0 0 0 0.145623 13 14500 1 0 1 
10.5358 17.3466 0.322221 0 0 0 0.139875 13 14501 1 0 1 
-3.26671 -3.52406 0.267797 0 0 0 0.151381 13 14502 1 0 1 
-12.9478 -34.3713 0.295803 0 0 0 0.145207 13 14503 1 0 1 
4.97514 -5.67096 0.371816 0 0 0 0.132029 13 14504 1 0 1 
-4.41367 -3.17259 0.343795 0 0 0 0.13532 13 14505 1 0 1 
-4.34095 -4.71178 0.27834 0 0 0 0.145164 13 14506 1 0 1 
1.50284 35.6477 0.338363 0 0 0 0.137911 13 14507 1 0 1 
-23.1189 2.32777 0.328888 0 0 0 0.137394 13 14508 1 0 1 
17.3002 33.8048 0.340063 0 0 0 0.13764 13 14509 1 0 1 
-40.878 27.512 0.344375 0 0 0 0.136967 13 14510 1 0 1 
-17.2279 5.72574 0.310674 0 0 0 0.143295 13 14511 1 0 1 
-26.463 0.535594 0.354954 0 0 0 0.134798 13 14512 1 0 1 
20.2324 28.0174 0.322753 0 0 0 0.138205 13 14513 1 0 1 
-18.5284 -13.3831 0.26116 0 0 0 0.154776 13 14514 1 0 1 
3.6727 -9.55587 0.343105 0 0 0 0.135751 13 14515 1 0 1 
-22.844 -3.02164 0.286781 0 0 0 0.147561 13 14516 1 0 1 
16.1324 40.4988 0.367678 0 0 0 0.130664 13 14517 1 0 1 
26.2927 -4.97536 0.308275 0 0 0 0.141935 13 14518 1 0 1 
0.637615 7.35157 0.304236 0 0 0 0.143732 13 14519 1 0 1 
-11.3471 32.4194 0.329798 0 0 0 0.137614 13 14520 1 0 1 
11.7851 -1.12937 0.290996 0 0 0 0.146876 13 14521 1 0 1 
26.4822 -4.70586 0.367195 0 0 0 0.133542 13 14522 1 0 1 
-14.1351 -1.2782 0.309812 0 0 0 0.141105 13 14523 1 0 1 
13.6249 -4.43909 0.337334 0 0 0 0.133384 13 14524 1 0 1 
-16.534 -2.49845 0.30787 0 0 0 0.142094 13 14525 1 0 1 
-9.98611 -33.0623 0.328765 0 0 0 0.139302 13 14526 1 0 1 
9.50223 -9.00694 0.331074 0 0 0 0.136902 13 14527 1 0 1 
11.6756 15.8529 0.328003 0 0 0 0.138682 13 14528 1 0 1 
-0.72576 5.84514 0.303612 0 0 0 0.141345 13 14529 1 0 1 
-3.27042 13.5597 0.33586 0 0 0 0.136893 13 14530 1 0 1 
-8.78196 26.9009 0.332091 0 0 0 0.137224 13 14531 1 0 1 
9.20651 2.15022 0.366881 0 0 0 0.133344 13 14532 1 0 1 
-6.00918 -13.8768 0.356314 0 0 0 0.133747 13 14533 1 0 1 
-11.2845 1.62372 0.287718 0 0 0 0.144515 13 14534 1 0 1 
-3.60836 -1.99805 0.318116 0 0 0 0.141067 13 14535 1 0 1 
18.769 -10.8898 0.343797 0 0 0 0.137377 13 14536 1 0 1 
-5.29657 38.5211 0.346198 0 0 0 0.135164 13 14537 1 0 1 
4.88536 8.40872 0.167752 0 0 0 0.149007 13 14538 1 0 1 
-15.2245 -24.8807 0.35521 0 0 0 0.133425 13 14539 1 0 1 
-11.4335 -11.759 0.283171 0 0 0 0.147634 13 14540 1 0 1 
28.8961 20.5701 0.348816 0 0 0 0.135094 13 14541 1 0 1 
2.07859 3.60957 0.291067 0 0 0 0.145905 13 14542 1 0 1 
9.84391 23.5652 0.376299 0 0 0 0.130619 13 14543 1 0 1 
30.5314 -33.1508 0.292022 0 0 0 0.147014 13 14544 1 0 1 
26.875 27.3665 0.35723 0 0 0 0.133405 13 14545 1 0 1 
-9.1579 7.17096 0.298886 0 0 0 0.145164 13 14546 1 0 1 
6.40402 2.41167 0.347095 0 0 0 0.136215 13 14547 1 0 1 
9.31903 -1.10507 0.321807 0 0 0 0.139732 13 14548 1 0 1 
41.7466 -32.9418 0.351736 0 0 0 0.132763 13 14549 1 0 1 
3.87638 10.2708 0.313715 0 0 0 0.1427 13 14550 1 0 1 
23.2541 -4.38487 0.323895 0 0 0 0.138486 13 14551 1 0 1 
29.3707 2.07432 0.318119 0 0 0 0.142494 13 14552 1 0 1 
-13.3746 -5.23777 0.314026 0 0 0 0.141419 13 14553 1 0 1 
-15.7585 -4.39139 0.378411 0 0 0 0.12994 13 14554 1 0 1 
-2.42228 6.02926 0.279071 0 0 0 0.148449 13 14555 1 0 1 
-3.47899 -8.2267 0.372692 0 0 0 0.132257 13 14556 1 0 1 
-6.18555 -2.88089 0.33803 0 0 0 0.136 13 14557 1 0 1 
15.4965 11.5228 0.335271 0 0 0 0.137426 13 14558 1 0 1 
-11.8526 7.74679 0.322819 0 0 0 0.14059 13 14559 1 0 1 
-15.507 1.65488 0.366296 0 0 0 0.131694 13 14560 1 0 1 
-13.3538 -0.998934 0.324498 0 0 0 0.138314 13 14561 1 0 1 
-12.8313 26.2708 0.329809 0 0 0 0.138292 13 14562 1 0 1 
-11.6871 6.77767 0.310991 0 0 0 0.142008 13 14563 1 0 1 
5.29157 -6.7753 0.296903 0 0 0 0.143602 13 14564 1 0 1 
-3.53896 45.0056 0.292866 0 0 0 0.14664 13 14565 1 0 1 
-22.5825 8.34436 0.339973 0 0 0 0.134994 13 14566 1 0 1 
-9.81701 -7.30724 0.319906 0 0 0 0.140698 13 14567 1 0 1 
6.03616 -18.5492 0.30455 0 0 0 0.145174 13 14568 1 0 1 
9.3799 -2.49985 0.347071 0 0 0 0.135826 13 14569 1 0 1 
5.2223 1.6207 0.300848 0 0 0 0.145697 13 14570 1 0 1 
0.160555 2.04005 0.310639 0 0 0 0.142173 13 14571 1 0 1 
-9.93366 20.3136 0.292751 0 0 0 0.14611 13 14572 1 0 1 
-19.9428 15.6255 0.294728 0 0 0 0.144632 13 14573 1 0 1 
-2.60095 -9.38698 0.373714 0 0 0 0.131763 13 14574 1 0 1 
-1.0408 16.6926 0.258862 0 0 0 0.152096 13 14575 1 0 1 
-14.6256 4.55388 0.321277 0 0 0 0.140448 13 14576 1 0 1 
-3.15863 1.90561 0.316827 0 0 0 0.140069 13 14577 1 0 1 
8.93899 -27.5733 0.340197 0 0 0 0.134977 13 14578 1 0 1 
25.293 -6.30045 0.296921 0 0 0 0.144374 13 14579 1 0 1 
3.61303 -36.861 0.310186 0 0 0 0.143697 13 14580 1 0 1 
22.5621 19.8892 0.328421 0 0 0 0.13948 13 14581 1 0 1 
-3.37952 2.51495 0.346448 0 0 0 0.1348 13 14582 1 0 1 
11.3417 -24.813 0.278347 0 0 0 0.149316 13 14583 1 0 1 
5.06655 7.48351 0.314315 0 0 0 0.142302 13 14584 1 0 1 
8.80292 4.8583 0.330779 0 0 0 0.1408 13 14585 1 0 1 
0.0315184 -5.85736 0.329715 0 0 0 0.138876 13 14586 1 0 1 
-11.1041 -2.84872 0.324782 0 0 0 0.136298 13 14587 1 0 1 
-25.6813 -22.1495 0.324992 0 0 0 0.140369 13 14588 1 0 1 
10.0009 1.79031 0.278295 0 0 0 0.14779 13 14589 1 0 1 
-2.78455 14.9961 0.330854 0 0 0 0.138026 13 14590 1 0 1 
-25.7905 16.2724 0.3035 0 0 0 0.142532 13 14591 1 0 1 
-17.0356 14.7735 0.337504 0 0 0 0.13937 13 14592 1 0 1 
-3.78409 -6.93688 0.325696 0 0 0 0.139834 13 14593 1 0 1 
3.04636 -3.03203 0.334935 0 0 0 0.136174 13 14594 1 0 1 
14.5924 19.1016 0.343124 0 0 0 0.135118 13 14595 1 0 1 
36.4457 -33.0763 0.332349 0 0 0 0.135454 13 14596 1 0 1 
-10.9466 4.02453 0.291345 0 0 0 0.146389 13 14597 1 0 1 
-6.22234 13.4189 0.323755 0 0 0 0.140076 13 14598 1 0 1 
-10.3565 -6.28397 0.304332 0 0 0 0.144539 13 14599 1 0 1 
8.64064 -20.1649 0.305247 0 0 0 0.144015 13 14600 1 0 1 
-2.15808 -4.93467 0.331784 0 0 0 0.13704 13 14601 1 0 1 
-21.8515 -0.971866 0.316538 0 0 0 0.141454 13 14602 1 0 1 
-8.88346 3.99847 0.346609 0 0 0 0.135025 13 14603 1 0 1 
-15.9164 -25.0993 0.34751 0 0 0 0.135045 13 14604 1 0 1 
21.5804 -6.87923 0.329162 0 0 0 0.139669 13 14605 1 0 1 
4.31818 -2.43442 0.273254 0 0 0 0.151124 13 14606 1 0 1 
10.0578 34.6552 0.302179 0 0 0 0.14305 13 14607 1 0 1 
-2.24531 -25.6631 0.395664 0 0 0 0.129299 13 14608 1 0 1 
8.93571 -21.8248 0.329986 0 0 0 0.139389 13 14609 1 0 1 
-3.00099 -6.82486 0.334745 0 0 0 0.136602 13 14610 1 0 1 
8.29913 8.66449 0.335728 0 0 0 0.136937 13 14611 1 0 1 
0.0237255 10.0487 0.268977 0 0 0 0.151792 13 14612 1 0 1 
-8.76516 9.83618 0.337518 0 0 0 0.132558 13 14613 1 0 1 
-23.4505 -4.93684 0.361278 0 0 0 0.134519 13 14614 1 0 1 
-7.47908 -8.02451 0.324077 0 0 0 0.139757 13 14615 1 0 1 
6.35814 -2.66084 0.335664 0 0 0 0.136611 13 14616 1 0 1 
-7.05611 0.683379 0.325726 0 0 0 0.13779 13 14617 1 0 1 
23.9054 16.2746 0.340986 0 0 0 0.135536 13 14618 1 0 1 
23.9706 30.3844 0.321621 0 0 0 0.139719 13 14619 1 0 1 
-5.00271 -8.53628 0.327221 0 0 0 0.138548 13 14620 1 0 1 
-24.9069 33.4896 0.299571 0 0 0 0.14464 13 14621 1 0 1 
3.51243 -7.37 0.28574 0 0 0 0.148161 13 14622 1 0 1 
-6.5145 -27.111 0.348513 0 0 0 0.134736 13 14623 1 0 1 
-2.92409 -12.8827 0.324791 0 0 0 0.140327 13 14624 1 0 1 
-6.57129 -0.822814 0.267561 0 0 0 0.152446 13 14625 1 0 1 
-9.04735 -8.06868 0.314612 0 0 0 0.142499 13 14626 1 0 1 
9.85585 -1.02147 0.363357 0 0 0 0.132302 13 14627 1 0 1 
10.293 24.8123 0.366718 0 0 0 0.131417 13 14628 1 0 1 
-5.63599 -4.4945 0.338113 0 0 0 0.137207 13 14629 1 0 1 
3.99155 24.3774 0.294668 0 0 0 0.145286 13 14630 1 0 1 
12.1126 -2.0591 0.341268 0 0 0 0.136465 13 14631 1 0 1 
15.534 -16.9631 0.341747 0 0 0 0.135782 13 14632 1 0 1 
9.38818 -2.31619 0.327168 0 0 0 0.139867 13 14633 1 0 1 
-9.33204 11.9775 0.287633 0 0 0 0.146762 13 14634 1 0 1 
4.81744 -9.37129 0.327735 0 0 0 0.137614 13 14635 1 0 1 
15.5778 -11.6938 0.331456 0 0 0 0.137294 13 14636 1 0 1 
-7.33339 -8.84691 0.291375 0 0 0 0.145057 13 14637 1 0 1 
25.955 -3.05065 0.306752 0 0 0 0.143552 13 14638 1 0 1 
5.48545 -5.41857 0.357615 0 0 0 0.132934 13 14639 1 0 1 
12.3092 -10.6321 0.32438 0 0 0 0.137914 13 14640 1 0 1 
-4.17234 18.3505 0.336031 0 0 0 0.137164 13 14641 1 0 1 
-9.64723 -18.792 0.306389 0 0 0 0.141463 13 14642 1 0 1 
-17.082 23.5983 0.397035 0 0 0 0.128652 13 14643 1 0 1 
6.97474 11.4869 0.342744 0 0 0 0.134932 13 14644 1 0 1 
-16.2262 -11.4436 0.322548 0 0 0 0.139709 13 14645 1 0 1 
24.6646 -23.2335 0.364276 0 0 0 0.131526 13 14646 1 0 1 
-2.32113 -13.5421 0.30273 0 0 0 0.143141 13 14647 1 0 1 
1.21748 13.2525 0.305966 0 0 0 0.143727 13 14648 1 0 1 
3.2109 -11.8863 0.352369 0 0 0 0.133482 13 14649 1 0 1 
12.1571 -10.0678 0.324266 0 0 0 0.139843 13 14650 1 0 1 
10.2322 1.03073 0.270463 0 0 0 0.151714 13 14651 1 0 1 
-6.15907 -6.85396 0.336758 0 0 0 0.137203 13 14652 1 0 1 
4.61834 -14.9698 0.33429 0 0 0 0.138379 13 14653 1 0 1 
6.26867 -2.03921 0.306935 0 0 0 0.14285 13 14654 1 0 1 
9.03653 13.4789 0.332187 0 0 0 0.137456 13 14655 1 0 1 
-17.7853 -3.59086 0.330332 0 0 0 0.137815 13 14656 1 0 1 
8.27932 12.1923 0.286332 0 0 0 0.146797 13 14657 1 0 1 
-9.04359 21.2459 0.345947 0 0 0 0.135967 13 14658 1 0 1 
12.4391 -2.89686 0.351059 0 0 0 0.132938 13 14659 1 0 1 
-9.71911 -14.5229 0.315123 0 0 0 0.139023 13 14660 1 0 1 
12.3108 0.458252 0.353207 0 0 0 0.132598 13 14661 1 0 1 
3.23508 14.5335 0.313769 0 0 0 0.140957 13 14662 1 0 1 
-6.09077 17.5696 0.340921 0 0 0 0.135759 13 14663 1 0 1 
-1.85222 -38.1137 0.337941 0 0 0 0.136933 13 14664 1 0 1 
0.223132 -15.2623 0.326259 0 0 0 0.138596 13 14665 1 0 1 
-3.09377 27.8924 0.327575 0 0 0 0.137515 13 14666 1 0 1 
-10.6591 0.600406 0.302426 0 0 0 0.145803 13 14667 1 0 1 
30.5079 -6.15763 0.319357 0 0 0 0.140516 13 14668 1 0 1 
-0.308221 -12.9209 0.325998 0 0 0 0.140391 13 14669 1 0 1 
-23.0771 -3.13817 0.338051 0 0 0 0.138508 13 14670 1 0 1 
-13.0468 -11.5735 0.295865 0 0 0 0.143613 13 14671 1 0 1 
13.6102 4.09481 0.328045 0 0 0 0.138946 13 14672 1 0 1 
9.8828 -19.1727 0.341306 0 0 0 0.136389 13 14673 1 0 1 
16.4588 -3.98529 0.322853 0 0 0 0.140995 13 14674 1 0 1 
31.3317 12.7362 0.321626 0 0 0 0.139956 13 14675 1 0 1 
-4.00019 -11.8592 0.310285 0 0 0 0.140852 13 14676 1 0 1 
-7.45678 1.03255 0.290969 0 0 0 0.144799 13 14677 1 0 1 
18.8019 -16.2436 0.342124 0 0 0 0.135665 13 14678 1 0 1 
-3.95477 -4.91313 0.325421 0 0 0 0.138946 13 14679 1 0 1 
9.30438 3.47612 0.316735 0 0 0 0.141428 13 14680 1 0 1 
3.43748 12.0962 0.285665 0 0 0 0.137144 13 14681 1 0 1 
-11.7802 -9.13453 0.315884 0 0 0 0.142258 13 14682 1 0 1 
2.64951 13.6722 0.314475 0 0 0 0.141476 13 14683 1 0 1 
-8.51163 -5.44101 0.37344 0 0 0 0.131553 13 14684 1 0 1 
0.158673 11.16 0.285892 0 0 0 0.144838 13 14685 1 0 1 
-8.9373 -5.45804 0.337921 0 0 0 0.138544 13 14686 1 0 1 
22.2017 -31.3194 0.328484 0 0 0 0.13859 13 14687 1 0 1 
-16.0575 27.1918 0.323815 0 0 0 0.138701 13 14688 1 0 1 
-20.4132 3.97456 0.339958 0 0 0 0.138837 13 14689 1 0 1 
10.0922 12.4102 0.342266 0 0 0 0.135196 13 14690 1 0 1 
11.0554 5.22313 0.354863 0 0 0 0.134308 13 14691 1 0 1 
8.27953 21.0827 0.304198 0 0 0 0.143271 13 14692 1 0 1 
-7.43671 21.0648 0.343821 0 0 0 0.136288 13 14693 1 0 1 
-26.2526 -39.2941 0.359845 0 0 0 0.131775 13 14694 1 0 1 
4.27181 -23.475 0.297491 0 0 0 0.145658 13 14695 1 0 1 
-4.54092 11.0387 0.324727 0 0 0 0.139153 13 14696 1 0 1 
19.8287 8.38728 0.325593 0 0 0 0.139564 13 14697 1 0 1 
6.79049 5.32504 0.327156 0 0 0 0.138043 13 14698 1 0 1 
12.3294 -23.6305 0.323225 0 0 0 0.13537 13 14699 1 0 1 
-3.67223 13.6652 0.317312 0 0 0 0.137577 13 14700 1 0 1 
-19.6088 -0.0498817 0.346078 0 0 0 0.135047 13 14701 1 0 1 
4.20223 -11.7163 0.338187 0 0 0 0.135663 13 14702 1 0 1 
22.19 -3.82826 0.364587 0 0 0 0.131027 13 14703 1 0 1 
8.60576 -10.3581 0.341131 0 0 0 0.135548 13 14704 1 0 1 
4.23786 -36.1853 0.283128 0 0 0 0.148126 13 14705 1 0 1 
-6.31284 -12.8452 0.373172 0 0 0 0.129527 13 14706 1 0 1 
-27.81 15.3438 0.326254 0 0 0 0.138425 13 14707 1 0 1 
10.6805 -8.40902 0.29534 0 0 0 0.145061 13 14708 1 0 1 
16.4911 6.08452 0.354122 0 0 0 0.133116 13 14709 1 0 1 
-3.63942 -20.8179 0.325401 0 0 0 0.138808 13 14710 1 0 1 
19.0736 -13.3687 0.327824 0 0 0 0.135529 13 14711 1 0 1 
-9.1574 -2.42922 0.282903 0 0 0 0.147819 13 14712 1 0 1 
-31.4081 13.7356 0.372677 0 0 0 0.128928 13 14713 1 0 1 
-4.18111 1.4777 0.364675 0 0 0 0.132253 13 14714 1 0 1 
-5.26731 37.1356 0.308678 0 0 0 0.143236 13 14715 1 0 1 
-1.01352 20.6624 0.324654 0 0 0 0.138175 13 14716 1 0 1 
-16.6478 -26.5213 0.343961 0 0 0 0.135738 13 14717 1 0 1 
-21.1565 4.08152 0.341057 0 0 0 0.134453 13 14718 1 0 1 
-20.4504 -10.382 0.278368 0 0 0 0.148894 13 14719 1 0 1 
23.5769 13.4805 0.31077 0 0 0 0.142097 13 14720 1 0 1 
-3.9501 -8.2604 0.325483 0 0 0 0.139255 13 14721 1 0 1 
-8.63624 -2.48097 0.316092 0 0 0 0.140891 13 14722 1 0 1 
-12.3068 0.821438 0.32317 0 0 0 0.13955 13 14723 1 0 1 
-17.2192 16.7402 0.300168 0 0 0 0.144656 13 14724 1 0 1 
-6.38484 2.81603 0.326337 0 0 0 0.139699 13 14725 1 0 1 
-22.1668 -2.96438 0.377224 0 0 0 0.131285 13 14726 1 0 1 
1.28633 10.9273 0.322638 0 0 0 0.140652 13 14727 1 0 1 
-4.57548 -30.6897 0.275885 0 0 0 0.14947 13 14728 1 0 1 
-11.1185 9.24409 0.295148 0 0 0 0.14319 13 14729 1 0 1 
-31.0926 1.87491 0.300138 0 0 0 0.144987 13 14730 1 0 1 
4.99444 -1.64849 0.341454 0 0 0 0.136413 13 14731 1 0 1 
12.3505 -26.8472 0.332751 0 0 0 0.138634 13 14732 1 0 1 
4.78101 -37.4252 0.317202 0 0 0 0.140257 13 14733 1 0 1 
-8.51877 -11.225 0.348156 0 0 0 0.134471 13 14734 1 0 1 
-10.5214 4.68501 0.340313 0 0 0 0.135244 13 14735 1 0 1 
9.0057 2.47479 0.330686 0 0 0 0.139196 13 14736 1 0 1 
6.43009 -7.96761 0.363096 0 0 0 0.133304 13 14737 1 0 1 
-12.5441 11.5919 0.328906 0 0 0 0.13977 13 14738 1 0 1 
9.42099 -4.44389 0.328562 0 0 0 0.138407 13 14739 1 0 1 
18.5231 1.43128 0.340135 0 0 0 0.136111 13 14740 1 0 1 
2.12111 17.6037 0.328087 0 0 0 0.138219 13 14741 1 0 1 
-19.0824 -17.8931 0.279509 0 0 0 0.149019 13 14742 1 0 1 
-13.7108 -2.02587 0.304408 0 0 0 0.142397 13 14743 1 0 1 
-7.9992 7.31004 0.336064 0 0 0 0.136919 13 14744 1 0 1 
12.1278 15.2007 0.308392 0 0 0 0.143102 13 14745 1 0 1 
-15.5666 -14.5203 0.275769 0 0 0 0.147798 13 14746 1 0 1 
7.50468 4.00462 0.31141 0 0 0 0.143134 13 14747 1 0 1 
-4.4727 4.4954 0.314353 0 0 0 0.142965 13 14748 1 0 1 
7.79993 -7.43364 0.32663 0 0 0 0.140522 13 14749 1 0 1 
2.0158 -3.94458 0.322833 0 0 0 0.140648 13 14750 1 0 1 
14.9351 6.71985 0.359822 0 0 0 0.131803 13 14751 1 0 1 
-5.63785 0.403181 0.354047 0 0 0 0.132544 13 14752 1 0 1 
-3.30728 -6.90061 0.339302 0 0 0 0.134551 13 14753 1 0 1 
-12.771 8.30618 0.32699 0 0 0 0.137597 13 14754 1 0 1 
0.497712 -17.9769 0.309891 0 0 0 0.143624 13 14755 1 0 1 
-10.6173 16.5334 0.297158 0 0 0 0.14349 13 14756 1 0 1 
-8.82947 -5.51036 0.305192 0 0 0 0.141931 13 14757 1 0 1 
16.3873 12.3248 0.326248 0 0 0 0.139546 13 14758 1 0 1 
-0.926238 -3.72543 0.314406 0 0 0 0.141769 13 14759 1 0 1 
9.85929 16.374 0.326296 0 0 0 0.139372 13 14760 1 0 1 
-10.3482 -7.94815 0.322579 0 0 0 0.14257 13 14761 1 0 1 
-7.82499 -13.2855 0.331408 0 0 0 0.137115 13 14762 1 0 1 
-2.69482 5.37475 0.331302 0 0 0 0.137253 13 14763 1 0 1 
-12.9425 0.83014 0.336606 0 0 0 0.138022 13 14764 1 0 1 
-13.4744 -7.70117 0.336845 0 0 0 0.138262 13 14765 1 0 1 
21.8076 -28.7702 0.317168 0 0 0 0.142623 13 14766 1 0 1 
7.32915 0.740291 0.318736 0 0 0 0.137031 13 14767 1 0 1 
1.40305 7.86629 0.305671 0 0 0 0.142326 13 14768 1 0 1 
8.93746 18.9394 0.311557 0 0 0 0.141747 13 14769 1 0 1 
17.4454 -9.48985 0.322643 0 0 0 0.139171 13 14770 1 0 1 
-25.5113 17.2958 0.30749 0 0 0 0.144014 13 14771 1 0 1 
14.7718 -7.42998 0.357469 0 0 0 0.133281 13 14772 1 0 1 
31.5621 10.4306 0.331311 0 0 0 0.1381 13 14773 1 0 1 
19.0543 5.18993 0.342902 0 0 0 0.134845 13 14774 1 0 1 
13.3656 -7.23922 0.334215 0 0 0 0.136799 13 14775 1 0 1 
-23.8857 0.535957 0.295723 0 0 0 0.143192 13 14776 1 0 1 
10.6147 9.35613 0.302074 0 0 0 0.141025 13 14777 1 0 1 
1.12114 6.49405 0.319732 0 0 0 0.137349 13 14778 1 0 1 
-10.2441 18.7457 0.344748 0 0 0 0.135229 13 14779 1 0 1 
0.116008 -21.1299 0.201925 0 0 0 0.13611 13 14780 1 0 1 
-18.1024 7.38133 0.298943 0 0 0 0.143158 13 14781 1 0 1 
19.3099 -6.98344 0.325029 0 0 0 0.139731 13 14782 1 0 1 
-5.98006 -4.80952 0.337448 0 0 0 0.137691 13 14783 1 0 1 
1.0286 1.91832 0.293084 0 0 0 0.146853 13 14784 1 0 1 
-6.97503 -9.38549 0.306277 0 0 0 0.14279 13 14785 1 0 1 
16.2414 -16.014 0.31177 0 0 0 0.142342 13 14786 1 0 1 
-24.1489 -22.8353 0.353333 0 0 0 0.134743 13 14787 1 0 1 
32.0001 8.94415 0.332477 0 0 0 0.13899 13 14788 1 0 1 
-3.39511 9.32397 0.279456 0 0 0 0.147292 13 14789 1 0 1 
-10.4517 11.703 0.312526 0 0 0 0.1416 13 14790 1 0 1 
4.64659 -2.93519 0.315102 0 0 0 0.142235 13 14791 1 0 1 
22.2474 10.3275 0.308142 0 0 0 0.143743 13 14792 1 0 1 
3.80032 -10.8696 0.316886 0 0 0 0.140159 13 14793 1 0 1 
-0.668271 10.3749 0.28796 0 0 0 0.147204 13 14794 1 0 1 
13.6462 -9.8667 0.357362 0 0 0 0.132719 13 14795 1 0 1 
-34.9482 -17.8939 0.351652 0 0 0 0.134476 13 14796 1 0 1 
12.3139 -21.8085 0.304815 0 0 0 0.143561 13 14797 1 0 1 
8.68017 15.3611 0.33636 0 0 0 0.137037 13 14798 1 0 1 
-16.6763 -11.7047 0.363149 0 0 0 0.1311 13 14799 1 0 1 
-1.41347 1.59033 0.332173 0 0 0 0.138058 13 14800 1 0 1 
22.582 -9.99386 0.331873 0 0 0 0.137738 13 14801 1 0 1 
-9.1355 20.9667 0.345746 0 0 0 0.135221 13 14802 1 0 1 
14.2208 21.9943 0.345904 0 0 0 0.135791 13 14803 1 0 1 
-0.802251 -3.29631 0.324118 0 0 0 0.139538 13 14804 1 0 1 
12.4697 3.37938 0.316599 0 0 0 0.13938 13 14805 1 0 1 
-3.30918 -6.49538 0.298554 0 0 0 0.144298 13 14806 1 0 1 
-8.54693 -11.5044 0.352225 0 0 0 0.135351 13 14807 1 0 1 
-9.32264 3.20779 0.260368 0 0 0 0.152144 13 14808 1 0 1 
-10.1405 10.2116 0.308254 0 0 0 0.143699 13 14809 1 0 1 
-22.8269 3.23337 0.298867 0 0 0 0.144867 13 14810 1 0 1 
-3.32517 3.85226 0.337721 0 0 0 0.137294 13 14811 1 0 1 
12.9693 -1.77932 0.297067 0 0 0 0.143508 13 14812 1 0 1 
14.0493 -9.4607 0.340042 0 0 0 0.136725 13 14813 1 0 1 
0.246096 -37.8881 0.31469 0 0 0 0.140389 13 14814 1 0 1 
25.1392 1.12326 0.345565 0 0 0 0.13542 13 14815 1 0 1 
-13.3301 2.08487 0.316953 0 0 0 0.140726 13 14816 1 0 1 
-3.00588 -0.388216 0.345488 0 0 0 0.134089 13 14817 1 0 1 
-9.07174 -28.7087 0.324256 0 0 0 0.139339 13 14818 1 0 1 
-21.3179 -12.0644 0.335055 0 0 0 0.136653 13 14819 1 0 1 
9.53666 -6.72766 0.349167 0 0 0 0.134629 13 14820 1 0 1 
-3.85488 32.7193 0.317145 0 0 0 0.142062 13 14821 1 0 1 
-9.75632 0.990925 0.330458 0 0 0 0.13772 13 14822 1 0 1 
13.3596 10.2042 0.303726 0 0 0 0.144175 13 14823 1 0 1 
0.823569 5.47995 0.346082 0 0 0 0.132885 13 14824 1 0 1 
-51.7837 1.13401 0.306394 0 0 0 0.145032 13 14825 1 0 1 
22.6715 0.866128 0.343145 0 0 0 0.135425 13 14826 1 0 1 
10.4836 0.828613 0.327992 0 0 0 0.138782 13 14827 1 0 1 
0.189764 -11.1325 0.304729 0 0 0 0.143157 13 14828 1 0 1 
-7.19021 -7.42715 0.291954 0 0 0 0.147045 13 14829 1 0 1 
5.56093 8.37448 0.314963 0 0 0 0.142182 13 14830 1 0 1 
-8.40221 1.28456 0.300585 0 0 0 0.141572 13 14831 1 0 1 
-7.2567 -2.34722 0.3199 0 0 0 0.139582 13 14832 1 0 1 
-3.38164 3.75984 0.298719 0 0 0 0.14482 13 14833 1 0 1 
13.8493 19.0258 0.288007 0 0 0 0.147258 13 14834 1 0 1 
14.9194 -11.9965 0.312387 0 0 0 0.142011 13 14835 1 0 1 
-28.1849 10.8186 0.280788 0 0 0 0.148821 13 14836 1 0 1 
-24.403 -5.087 0.323312 0 0 0 0.139059 13 14837 1 0 1 
-21.4015 7.80951 0.358794 0 0 0 0.133634 13 14838 1 0 1 
0.523359 9.8146 0.411994 0 0 0 0.127226 13 14839 1 0 1 
-13.8167 -5.43818 0.274677 0 0 0 0.148879 13 14840 1 0 1 
0.468627 -7.0049 0.361749 0 0 0 0.133449 13 14841 1 0 1 
-17.8217 -5.59425 0.323417 0 0 0 0.139858 13 14842 1 0 1 
-20.747 4.29049 0.318966 0 0 0 0.142165 13 14843 1 0 1 
-22.4517 -10.4768 0.353364 0 0 0 0.134204 13 14844 1 0 1 
-8.88577 31.5102 0.320039 0 0 0 0.140734 13 14845 1 0 1 
-9.3266 11.6399 0.289757 0 0 0 0.146076 13 14846 1 0 1 
-12.665 20.42 0.364319 0 0 0 0.134429 13 14847 1 0 1 
-3.05376 -0.596167 0.319563 0 0 0 0.141161 13 14848 1 0 1 
23.8635 -7.60681 0.28623 0 0 0 0.147155 13 14849 1 0 1 
-1.43157 7.21304 0.296211 0 0 0 0.145116 13 14850 1 0 1 
21.1862 15.6684 0.292598 0 0 0 0.145425 13 14851 1 0 1 
2.49503 -20.7883 0.303815 0 0 0 0.142677 13 14852 1 0 1 
-2.83368 3.24133 0.31689 0 0 0 0.139163 13 14853 1 0 1 
1.99788 -10.5886 0.34618 0 0 0 0.13723 13 14854 1 0 1 
-25.4659 10.1153 0.318799 0 0 0 0.141573 13 14855 1 0 1 
-9.38357 -1.89663 0.309953 0 0 0 0.141946 13 14856 1 0 1 
-2.35763 -14.8922 0.333084 0 0 0 0.139502 13 14857 1 0 1 
-13.9557 11.3885 0.344495 0 0 0 0.135643 13 14858 1 0 1 
-2.59474 -4.05229 0.318614 0 0 0 0.139014 13 14859 1 0 1 
-6.90954 -7.15276 0.302081 0 0 0 0.14397 13 14860 1 0 1 
9.36431 2.49703 0.321776 0 0 0 0.1399 13 14861 1 0 1 
-2.44943 18.3611 0.305595 0 0 0 0.143755 13 14862 1 0 1 
13.8101 5.65352 0.297061 0 0 0 0.144056 13 14863 1 0 1 
11.6826 11.355 0.369837 0 0 0 0.131924 13 14864 1 0 1 
-8.10258 7.76913 0.340483 0 0 0 0.135762 13 14865 1 0 1 
4.02748 -3.27512 0.276531 0 0 0 0.150267 13 14866 1 0 1 
-8.84609 -22.8015 0.330181 0 0 0 0.137478 13 14867 1 0 1 
26.5531 -2.53712 0.321757 0 0 0 0.140334 13 14868 1 0 1 
14.9198 0.401511 0.336285 0 0 0 0.136383 13 14869 1 0 1 
-12.7861 22.6423 0.326007 0 0 0 0.138372 13 14870 1 0 1 
8.42097 30.1477 0.31254 0 0 0 0.142193 13 14871 1 0 1 
-5.23664 -9.86646 0.291573 0 0 0 0.144501 13 14872 1 0 1 
-13.8391 6.20566 0.339155 0 0 0 0.136378 13 14873 1 0 1 
36.7181 6.62097 0.299748 0 0 0 0.145945 13 14874 1 0 1 
18.8651 15.3473 0.280127 0 0 0 0.148202 13 14875 1 0 1 
0.0370374 4.61328 0.324699 0 0 0 0.140687 13 14876 1 0 1 
-1.55653 13.86 0.32426 0 0 0 0.139137 13 14877 1 0 1 
14.6636 7.76086 0.308735 0 0 0 0.143443 13 14878 1 0 1 
14.0754 0.737471 0.307502 0 0 0 0.142469 13 14879 1 0 1 
1.98751 -6.92595 0.306395 0 0 0 0.143888 13 14880 1 0 1 
-5.11969 -1.03028 0.318972 0 0 0 0.141344 13 14881 1 0 1 
2.42358 -9.93336 0.30168 0 0 0 0.145683 13 14882 1 0 1 
10.2235 8.51785 0.315714 0 0 0 0.142103 13 14883 1 0 1 
17.766 -9.67707 0.367772 0 0 0 0.13115 13 14884 1 0 1 
-10.5498 19.9956 0.418653 0 0 0 0.128532 13 14885 1 0 1 
-4.47326 -14.2473 0.34758 0 0 0 0.134527 13 14886 1 0 1 
-17.1684 -26.1408 0.328537 0 0 0 0.139557 13 14887 1 0 1 
7.6945 0.648241 0.314088 0 0 0 0.143004 13 14888 1 0 1 
-8.51434 -3.05195 0.27493 0 0 0 0.1506 13 14889 1 0 1 
11.7406 4.28291 0.314539 0 0 0 0.141726 13 14890 1 0 1 
-10.2222 11.3713 0.326209 0 0 0 0.138576 13 14891 1 0 1 
-9.72364 -14.7608 0.288126 0 0 0 0.146982 13 14892 1 0 1 
16.5721 -19.253 0.286017 0 0 0 0.146637 13 14893 1 0 1 
-31.4005 -12.8475 0.383595 0 0 0 0.128173 13 14894 1 0 1 
7.8089 -13.4657 0.269962 0 0 0 0.152188 13 14895 1 0 1 
-1.82915 26.0032 0.353093 0 0 0 0.133502 13 14896 1 0 1 
15.355 8.93927 0.301069 0 0 0 0.144938 13 14897 1 0 1 
27.8759 37.3523 0.266429 0 0 0 0.151318 13 14898 1 0 1 
5.28487 -0.893926 0.316102 0 0 0 0.139695 13 14899 1 0 1 
6.29251 13.0073 0.326562 0 0 0 0.1382 13 14900 1 0 1 
12.5692 -30.5731 0.333728 0 0 0 0.133732 13 14901 1 0 1 
-9.89691 8.94794 0.334306 0 0 0 0.138909 13 14902 1 0 1 
5.91863 -2.47582 0.352762 0 0 0 0.133225 13 14903 1 0 1 
2.16297 13.3656 0.303802 0 0 0 0.143378 13 14904 1 0 1 
-28.2569 -37.7457 0.348425 0 0 0 0.135015 13 14905 1 0 1 
14.9173 -5.82986 0.321958 0 0 0 0.139019 13 14906 1 0 1 
-17.2906 21.0467 0.318925 0 0 0 0.140819 13 14907 1 0 1 
24.9861 25.1906 0.345322 0 0 0 0.136597 13 14908 1 0 1 
0.883401 -21.1051 0.326341 0 0 0 0.138297 13 14909 1 0 1 
-4.94487 -28.532 0.313641 0 0 0 0.141252 13 14910 1 0 1 
-23.5061 11.5133 0.312821 0 0 0 0.140391 13 14911 1 0 1 
-1.20764 -1.15249 0.294551 0 0 0 0.146748 13 14912 1 0 1 
-6.4602 3.41881 0.306374 0 0 0 0.140947 13 14913 1 0 1 
1.87047 -11.2821 0.320067 0 0 0 0.140932 13 14914 1 0 1 
11.0113 -6.84759 0.344121 0 0 0 0.133631 13 14915 1 0 1 
-2.63015 -13.0612 0.319285 0 0 0 0.139827 13 14916 1 0 1 
16.1474 0.625385 0.295696 0 0 0 0.144667 13 14917 1 0 1 
-7.26685 17.6024 0.308224 0 0 0 0.142793 13 14918 1 0 1 
-1.8279 28.859 0.383888 0 0 0 0.13034 13 14919 1 0 1 
-6.8129 -6.59012 0.325333 0 0 0 0.135986 13 14920 1 0 1 
-16.9731 -20.8469 0.296707 0 0 0 0.145532 13 14921 1 0 1 
12.137 12.4549 0.348343 0 0 0 0.136541 13 14922 1 0 1 
-5.78477 -3.71259 0.303349 0 0 0 0.143694 13 14923 1 0 1 
-2.60829 -23.7133 0.359247 0 0 0 0.131406 13 14924 1 0 1 
8.8305 1.60236 0.28707 0 0 0 0.147001 13 14925 1 0 1 
-5.49665 22.4637 0.32623 0 0 0 0.138062 13 14926 1 0 1 
-36.8568 25.0032 0.326083 0 0 0 0.138136 13 14927 1 0 1 
5.58538 -20.8479 0.290628 0 0 0 0.146295 13 14928 1 0 1 
8.40429 -13.0614 0.287648 0 0 0 0.147709 13 14929 1 0 1 
-18.2782 -3.63526 0.332461 0 0 0 0.140655 13 14930 1 0 1 
-16.4349 -4.36287 0.318943 0 0 0 0.140483 13 14931 1 0 1 
22.4175 -0.973303 0.386912 0 0 0 0.130661 13 14932 1 0 1 
9.05491 -8.51586 0.358213 0 0 0 0.134779 13 14933 1 0 1 
-17.5092 -3.68815 0.293557 0 0 0 0.145639 13 14934 1 0 1 
-12.2977 -9.57187 0.312992 0 0 0 0.14258 13 14935 1 0 1 
-4.87816 -19.7362 0.390319 0 0 0 0.128777 13 14936 1 0 1 
4.09022 -11.6272 0.297185 0 0 0 0.144485 13 14937 1 0 1 
6.25161 18.9964 0.318824 0 0 0 0.140368 13 14938 1 0 1 
22.9735 12.5571 0.315862 0 0 0 0.14017 13 14939 1 0 1 
19.0443 -5.62459 0.337732 0 0 0 0.135991 13 14940 1 0 1 
0.826219 12.0442 0.289313 0 0 0 0.146974 13 14941 1 0 1 
-8.2488 3.49099 0.386059 0 0 0 0.129184 13 14942 1 0 1 
0.981526 -13.93 0.260842 0 0 0 0.154172 13 14943 1 0 1 
-3.71995 11.598 0.375114 0 0 0 0.129299 13 14944 1 0 1 
-9.49545 19.3505 0.321451 0 0 0 0.138029 13 14945 1 0 1 
7.42136 33.6626 0.295752 0 0 0 0.144713 13 14946 1 0 1 
12.1161 -38.463 0.396865 0 0 0 0.128681 13 14947 1 0 1 
18.7344 -6.27735 0.334796 0 0 0 0.137789 13 14948 1 0 1 
22.1624 30.8059 0.318603 0 0 0 0.140337 13 14949 1 0 1 
-18.337 -15.1769 0.354488 0 0 0 0.135383 13 14950 1 0 1 
30.677 10.2624 0.338031 0 0 0 0.135425 13 14951 1 0 1 
-1.30967 8.66758 0.293834 0 0 0 0.145468 13 14952 1 0 1 
18.3686 -12.9973 0.343091 0 0 0 0.137517 13 14953 1 0 1 
-1.82322 -18.728 0.31883 0 0 0 0.141693 13 14954 1 0 1 
-4.61955 -28.385 0.335533 0 0 0 0.135757 13 14955 1 0 1 
6.01181 -16.1283 0.352066 0 0 0 0.135181 13 14956 1 0 1 
-4.22634 -2.05371 0.328841 0 0 0 0.136474 13 14957 1 0 1 
-7.66934 5.54636 0.313719 0 0 0 0.141739 13 14958 1 0 1 
-12.6245 21.9645 0.364125 0 0 0 0.131623 13 14959 1 0 1 
10.889 12.057 0.308815 0 0 0 0.142677 13 14960 1 0 1 
-15.7994 -7.68634 0.328983 0 0 0 0.141099 13 14961 1 0 1 
17.7439 14.4094 0.365811 0 0 0 0.131494 13 14962 1 0 1 
-9.44433 -16.8629 0.318199 0 0 0 0.141081 13 14963 1 0 1 
6.62808 -5.9686 0.349325 0 0 0 0.136109 13 14964 1 0 1 
7.7403 10.902 0.330245 0 0 0 0.138336 13 14965 1 0 1 
-4.34079 12.2537 0.314379 0 0 0 0.142285 13 14966 1 0 1 
21.4359 -2.88796 0.323169 0 0 0 0.139572 13 14967 1 0 1 
-22.3362 -0.0241922 0.307043 0 0 0 0.144106 13 14968 1 0 1 
14.054 4.15543 0.318442 0 0 0 0.139841 13 14969 1 0 1 
-0.446476 10.3402 0.303578 0 0 0 0.143107 13 14970 1 0 1 
4.56113 -3.10912 0.311117 0 0 0 0.142559 13 14971 1 0 1 
-24.4699 12.3664 0.320112 0 0 0 0.140689 13 14972 1 0 1 
9.8672 9.64984 0.33714 0 0 0 0.137357 13 14973 1 0 1 
-2.14874 -3.27049 0.329756 0 0 0 0.138897 13 14974 1 0 1 
-8.85938 26.7034 0.359219 0 0 0 0.133013 13 14975 1 0 1 
0.48064 -1.5984 0.326918 0 0 0 0.139129 13 14976 1 0 1 
14.142 21.7954 0.329403 0 0 0 0.138604 13 14977 1 0 1 
1.1454 -7.90573 0.343103 0 0 0 0.136934 13 14978 1 0 1 
-3.0207 12.8171 0.294624 0 0 0 0.144853 13 14979 1 0 1 
-26.3893 -4.15822 0.337859 0 0 0 0.136851 13 14980 1 0 1 
-9.44171 8.44159 0.329181 0 0 0 0.138857 13 14981 1 0 1 
25.9773 -10.147 0.311415 0 0 0 0.141682 13 14982 1 0 1 
-22.9408 -7.15969 0.322296 0 0 0 0.137452 13 14983 1 0 1 
10.4521 23.3148 0.333867 0 0 0 0.13739 13 14984 1 0 1 
-13.3406 7.72573 0.317483 0 0 0 0.140045 13 14985 1 0 1 
23.1201 0.663211 0.36055 0 0 0 0.132222 13 14986 1 0 1 
18.7886 -12.0135 0.369908 0 0 0 0.130266 13 14987 1 0 1 
4.79142 12.1736 0.356917 0 0 0 0.13201 13 14988 1 0 1 
-14.9593 6.13108 0.346975 0 0 0 0.135869 13 14989 1 0 1 
5.49661 -20.2661 0.329731 0 0 0 0.13902 13 14990 1 0 1 
-44.0169 -15.8588 0.338198 0 0 0 0.136684 13 14991 1 0 1 
22.7377 0.0054786 0.281756 0 0 0 0.14877 13 14992 1 0 1 
-17.5821 4.43986 0.346114 0 0 0 0.134149 13 14993 1 0 1 
17.1626 -9.71865 0.343445 0 0 0 0.136075 13 14994 1 0 1 
4.15296 -5.48251 0.322766 0 0 0 0.137006 13 14995 1 0 1 
44.844 6.10113 0.343062 0 0 0 0.137364 13 14996 1 0 1 
0.35224 1.27976 0.324728 0 0 0 0.140324 13 14997 1 0 1 
-23.0373 -4.06663 0.315023 0 0 0 0.142017 13 14998 1 0 1 
21.8739 13.6579 0.27277 0 0 0 0.1393 13 14999 1 0 1 
11.9966 -19.507 0.323809 0 0 0 0.140418 13 15000 1 0 1 
